CustomerID,churn_probability
3668-QPYBK,0.3459
9237-HQITU,0.6247
9305-CDSKC,0.5937
7892-POOKP,0.2
0280-XJGEX,0.2523
4190-MFLUW,0.2397
8779-QRDMV,0.8043
1066-JKSGK,0.2726
6467-CHFZW,0.1609
8665-UTDHZ,0.7477
8773-HHUOZ,0.3186
6047-YHPVI,0.4539
5380-WJKOV,0.3769
8168-UQWWF,0.5281
7760-OYPDY,0.7014
9420-LOJKX,0.2854
7495-OOKFY,0.2227
1658-BYGOY,0.514
5698-BQJOH,0.4905
5919-TMRGD,0.735
9191-MYQKX,0.186
8637-XJIVR,0.3597
0278-YXOOG,0.1477
4598-XLKNJ,0.2204
3192-NQECA,0.1002
0486-HECZI,0.0945
4846-WHAFZ,0.1594
5299-RULOA,0.3175
0404-SWRVG,0.6191
4412-YLTKF,0.2916
6207-WIOLX,0.3894
3091-FYHKI,0.8059
2372-HWUHI,0.4741
0390-DCFDQ,0.4049
4080-OGPJL,0.2551
2135-RXIHG,0.6296
3874-EQOEP,0.4496
0867-MKZVY,0.1227
3376-BMGFE,0.4455
3445-HXXGF,0.3337
1875-QIVME,0.5581
0691-JVSYA,0.2652
2656-FMOKZ,0.3202
2070-FNEXE,0.2289
6317-YPKDH,0.5902
9367-WXLCH,0.4053
1918-ZBFQJ,0.3264
1024-GUALD,0.8322
2472-OVKUP,0.2674
1285-OKIPP,0.6552
7825-ECJRF,0.3038
7841-TZDMQ,0.4755
9408-SSNVZ,0.5336
0742-MOABM,0.3343
2232-DMLXU,0.6347
8937-RDTHP,0.5615
1251-KRREG,0.523
0094-OIFMO,0.4628
9947-OTFQU,0.4869
0322-YINQP,0.5027
4629-NRXKX,0.7706
9514-JDSKI,0.802
4959-JOSRX,0.5829
7273-TEFQD,0.7175
3606-TWKGI,0.7385
6323-AYBRX,0.0058
4385-GZQXV,0.5966
6366-ZGQGL,0.6231
5940-AHUHD,0.6816
6432-TWQLB,0.7097
4484-GLZOU,0.5582
9512-UIBFX,0.5297
5583-SXDAG,0.8228
3488-PGMQJ,0.5675
3580-REOAC,0.2544
7534-BFESC,0.517
6390-DSAZX,0.6754
8098-LLAZX,0.8689
0265-EDXBD,0.579
7563-BIUPC,0.7194
2321-OMBXY,0.0677
2840-XANRC,0.6659
5020-ZSTTY,0.0572
5804-LEPIM,0.7749
0122-OAHPZ,0.692
2868-SNELZ,0.6696
4322-RCYMT,0.0751
6680-NENYN,0.1725
1343-EHPYB,0.5472
2034-GDRCN,0.8512
0219-YTZUE,0.7579
0623-IIHUG,0.3512
4572-DVCGN,0.5643
9057-MSWCO,0.2184
1010-DIAUQ,0.6338
0259-GBZSH,0.8496
9601-BRXPO,0.6087
6905-NIQIN,0.4456
5167-ZFFMM,0.8352
4895-TMWIR,0.1324
0533-BNWKF,0.4396
6599-CEBNN,0.2664
0979-PHULV,0.4233
4800-VHZKI,0.3726
7989-CHGTL,0.3734
0334-GDDSO,0.7828
0578-SKVMF,0.5396
5564-NEMQO,0.788
9063-ZGTUY,0.0591
2957-LOLHO,0.2808
7752-XUSCI,0.4624
4110-PFEUZ,0.6735
0256-LTHVJ,0.5852
0880-TKATG,0.8524
3811-VBYBZ,0.7519
4640-UHDOS,0.3948
3583-EKAPL,0.695
9399-APLBT,0.8614
2359-KMGLI,0.462
0306-JAELE,0.7017
6227-HWPWX,0.3466
0447-BEMNG,0.2499
5949-XIKAE,0.7225
8372-JUXUI,0.864
0388-EOPEX,0.7805
8205-OTCHB,0.1759
6235-VDHOM,0.4686
7783-YKGDV,0.5452
5609-CEBID,0.5888
7218-HKQFK,0.8683
4636-QRJKY,0.7263
5956-VKDTT,0.8143
9412-GHEEC,0.3364
0257-ZESQC,0.3748
6825-UYPFK,0.3708
8397-MVTAZ,0.6732
9282-IZGQK,0.8936
1342-JPNKI,0.6332
2817-NTQDO,0.271
6986-IJDHX,0.3909
5301-GAUUY,0.3583
0939-YAPAF,0.571
4710-FDUIZ,0.2263
1218-VKFPE,0.1445
3627-FHKBK,0.5985
2865-TCHJW,0.8144
5192-EBGOV,0.9021
0719-SYFRB,0.2366
3419-SNJJD,0.3256
6543-CPZMK,0.5206
4765-OXPPD,0.1487
1009-IRMNA,0.1339
4554-YGZIH,0.3313
5099-BAILX,0.5092
7207-RMRDB,0.5519
4913-EHYUI,0.2933
0195-IESCP,0.7555
4580-TMHJU,0.2094
0970-ETWGE,0.8922
1626-ERCMM,0.7723
0887-HJGAR,0.5353
5644-PDMZC,0.8193
9576-ANLXO,0.6583
2024-BASKD,0.7506
4160-AMJTL,0.1642
4464-JCOLN,0.1738
5650-VDUDS,0.5165
7538-GWHML,0.6943
3859-CVCET,0.2961
3276-HDUEG,0.8002
0823-HSCDJ,0.3031
0822-GAVAP,0.7477
1448-PWKYE,0.8672
0067-DKWBL,0.5331
2276-YDAVZ,0.7204
5896-NPFWW,0.6108
7133-VBDCG,0.2748
1029-QFBEN,0.281
4952-YSOGZ,0.8448
1589-AGTLK,0.494
5244-IRFIH,0.689
2684-EIWEO,0.2401
6439-GTPCA,0.3226
5138-WVKYJ,0.5777
6683-VLCTZ,0.689
2189-WWOEW,0.512
1894-IGFSG,0.4817
7379-POKDZ,0.7837
0236-HFWSV,0.7249
3900-AQPHZ,0.2814
5842-POCOP,0.6575
2037-XJFUP,0.4044
7314-OXENN,0.8
0322-CHQRU,0.4882
4678-DVQEO,0.6003
0691-IFBQW,0.2993
3009-JWMPU,0.28
1450-GALXR,0.6915
3138-BKYAV,0.6849
4289-DTDKW,0.6188
1820-TQVEV,0.8032
2239-JALAW,0.2314
4853-RULSV,0.0458
6275-YDUVO,0.755
0115-TFERT,0.6786
2311-QYMUQ,0.5595
3643-AHCFP,0.8297
3104-OWCGK,0.1812
9101-BWFSS,0.2208
9231-ZJYAM,0.7771
6982-SSHFK,0.4837
0727-BMPLR,0.3187
1038-ZAGBI,0.0787
3027-ZTDHO,0.881
2382-BCKQJ,0.2816
2207-NHRJK,0.5381
0947-MUGVO,0.5431
9944-HKVVB,0.8175
4124-MMETB,0.5801
3671-SHRSP,0.6261
3313-QKNKB,0.2413
5073-WXOYN,0.2739
0207-MDKNV,0.42
9851-KIELU,0.527
3908-BLSYF,0.5956
7549-MYGPK,0.388
3804-RVTGV,0.4805
9227-LUNBG,0.6686
4315-MURBD,0.4834
9734-YWGEX,0.6126
2719-BDAQO,0.4311
0781-LKXBR,0.786
1907-UBQFC,0.5309
6513-EECDB,0.9104
7074-IEVOJ,0.7806
9625-QSTYE,0.4958
4750-ZRXIU,0.8254
6400-BWQKW,0.6507
6680-WKXRZ,0.6677
7028-DVOIQ,0.5878
4208-UFFGW,0.3859
9448-REEVD,0.5604
9117-SHLZX,0.5432
9889-TMAHG,0.4096
4541-RMRLG,0.1585
3158-MOERK,0.8865
7294-TMAOP,0.853
8919-FYFQZ,0.3012
2834-JRTUA,0.0819
5875-YPQFJ,0.8128
6646-QVXLR,0.3779
8603-IJWDN,0.8896
9369-XFEHK,0.4892
3842-IYKUE,0.2217
6641-XRPSU,0.2925
1374-DMZUI,0.8569
8357-EQXFO,0.7234
1989-PRJHP,0.6117
9524-EGPJC,0.5492
6993-OHLXR,0.6907
8818-XYFCQ,0.5228
4695-VADHF,0.3228
3863-IUBJR,0.1763
4822-RVYBB,0.7773
8436-BJUMM,0.6543
4184-TJFAN,0.6805
4145-UQXUQ,0.727
9948-YPTDG,0.3388
1236-WFCDV,0.5042
4883-QICIH,0.39
8329-IBCTI,0.2814
1271-SJBGZ,0.4743
5669-SRAIP,0.5259
5981-ITEMU,0.5881
6941-PMGEP,0.6893
1624-WOIWJ,0.4042
2074-GKOWZ,0.8582
0376-YMCJC,0.5035
0634-SZPQA,0.4386
5536-RTPWK,0.5388
6166-ILMNY,0.6452
3097-NNSPB,0.4452
0655-RBDUG,0.7488
4361-BKAXE,0.3009
9878-TNQGW,0.8043
4441-NIHPT,0.5519
8999-BOHSE,0.517
7029-RPUAV,0.7408
4607-CHPCA,0.5009
8824-RWFXJ,0.5089
9763-PDTKK,0.5292
7627-JKIAZ,0.4389
4081-DYXAV,0.2754
8111-SLLHI,0.64
0927-LCSMG,0.4131
8257-RZAHR,0.4134
5293-WXJAK,0.7265
0841-NULXI,0.8015
7851-WZEKY,0.8865
8844-TONUD,0.6734
4086-YQSNZ,0.8359
5868-CZJDR,0.6571
0135-NMXAP,0.6398
6270-OMFIW,0.2871
0107-WESLM,0.4438
3992-YWPKO,0.6849
0125-LZQXK,0.5581
8399-YNDCH,0.2558
5673-FSSMF,0.7485
1579-KLYDT,0.7255
3927-NLNRY,0.2553
6358-LYNGM,0.8554
5494-HECPR,0.8623
9824-BEMCV,0.5759
1373-ORVIZ,0.528
9866-QEVEE,0.5331
9897-KXHCM,0.8487
7979-CORPM,0.4831
1618-CFHME,0.8055
3165-HDOEW,0.6617
6581-NQCBA,0.5993
1689-MRZQR,0.4156
5835-BEQEU,0.7859
5565-FILXA,0.7225
5552-ZNFSJ,0.5462
2223-KAGMX,0.093
7321-PKUYW,0.5142
2833-SLKDQ,0.4521
7595-EUIVN,0.7423
2026-TGDHM,0.6581
4030-VPZBD,0.6286
4187-CINZD,0.1512
6818-WOBHJ,0.3731
2408-TZMJL,0.287
9134-CEQMF,0.8088
7993-PYKOF,0.5287
5027-XWQHA,0.3098
4566-QVRRW,0.3898
8519-IMDHU,0.6877
0201-OAMXR,0.0932
3372-KWFBM,0.6611
7831-QGOXH,0.618
6393-WRYZE,0.6684
6599-RCLCJ,0.4895
9831-BPFRI,0.2624
1725-MIMXW,0.3603
0031-PVLZI,0.2367
7206-GZCDC,0.8265
4791-QRGMF,0.3444
1768-ZAIFU,0.7749
4671-LXRDQ,0.4896
1934-SJVJK,0.281
3838-OZURD,0.4426
9269-CQOOL,0.5194
2845-HSJCY,0.7751
1184-PJVDB,0.6942
9415-DPEWS,0.5576
7943-RQCHR,0.7508
3793-MMFUH,0.7568
3249-ZPQRG,0.6384
2568-BRGYX,0.6782
7721-JXEAW,0.2156
7249-WBIYX,0.7746
6567-HOOPW,0.8714
3164-AALRN,0.2967
3334-CTHOL,0.6512
4704-ERYFC,0.5393
8621-MNIHH,0.5874
0471-LVHGK,0.2702
9518-RWHZL,0.2126
5419-CONWX,0.7168
6240-EURKS,0.4787
6960-HVYXR,0.8164
7024-OHCCK,0.8962
7861-UVUFT,0.6725
5357-TZHPP,0.619
0680-DFNNY,0.7933
7767-UXAGJ,0.7355
1571-SAVHK,0.6163
9546-CQJSU,0.8588
0506-LVNGN,0.6056
2951-QOQTK,0.5175
3473-XIIIT,0.7708
7893-IXHRQ,0.3763
2952-QAYZF,0.6818
4763-PGDPO,0.6025
5394-SVGJV,0.3296
9283-LZQOH,0.6319
7079-QRCBC,0.6496
5469-CTCWN,0.2899
9851-QXEEQ,0.4993
9809-IMGCQ,0.6635
5208-HFSBT,0.3949
3254-YRILK,0.6044
2667-WYLWJ,0.1167
0529-ONKER,0.5116
5240-IJOQT,0.8675
1092-GANHU,0.468
0661-XEYAN,0.7261
7881-EVUAD,0.6578
5766-XQXMQ,0.152
3703-VAVCL,0.7113
8519-QJGJD,0.4298
6326-MTTXK,0.7159
0330-IVZHA,0.6576
2886-KEFUM,0.3485
4237-RLAQD,0.5529
9651-GTSAQ,0.2056
3186-BAXNB,0.7644
0637-YLETY,0.5305
1157-BQCUW,0.8563
2660-EMUBI,0.7628
7675-OZCZG,0.4604
2003-CKLOR,0.2702
9254-RBFON,0.3579
1205-WNWPJ,0.2968
9391-EOYLI,0.7215
8387-MOJJT,0.3858
2761-OCIAX,0.7564
3068-OMWZA,0.8953
6032-KRXXO,0.5256
7459-RRWQZ,0.3277
4154-AQUGT,0.5759
3092-IGHWF,0.172
8017-LXHFA,0.5572
6352-TWCAU,0.4935
2929-QNSRW,0.3759
1262-OPMFY,0.5758
4248-QPAVC,0.5283
1899-VXWXM,0.2402
4690-LLKUA,0.2805
3331-HQDTW,0.4186
9490-DFPMD,0.4828
5442-XSDCW,0.6139
3049-NDXFL,0.7918
8580-AECUZ,0.871
7963-GQRMY,0.4456
1228-FZFRV,0.3836
2058-DCJBE,0.641
5364-XYIRR,0.5909
4829-AUOAX,0.3687
5047-LHVLY,0.6043
9158-VCTQB,0.389
6311-UEUME,0.4352
6839-ITVZJ,0.2843
0375-HVGXO,0.8016
8593-WHYHV,0.8162
6097-EQISJ,0.2803
4423-YLHDV,0.6453
0107-YHINA,0.9161
8640-SDGKB,0.5421
4116-TZAQJ,0.3818
3877-JRJIP,0.7675
8375-DKEBR,0.8099
7511-YMXVQ,0.5808
7551-JOHTI,0.299
9804-ICWBG,0.7994
5318-IXUZF,0.7405
3198-VELRD,0.8619
9436-ZBZCT,0.6112
7279-BUYWN,0.4454
7156-MHUGY,0.6898
7198-GLXTC,0.7597
0516-VRYBW,0.04
8380-PEFPE,0.8128
5687-DKDTV,0.1671
7530-HDYDS,0.1687
3096-IZETN,0.4426
5922-ABDVO,0.5447
9172-ANCRX,0.7035
6910-HADCM,0.7594
4816-LXZYW,0.4862
9606-PBKBQ,0.6133
3536-IQCTX,0.5659
4911-BANWH,0.4564
8496-EJAUI,0.353
3132-TVFDZ,0.4239
8080-DDEMJ,0.5683
6365-MTGZX,0.4843
1349-WXNGG,0.3127
6990-YNRIO,0.0727
0621-TWIEM,0.3026
2485-ITVKB,0.803
3669-OYSJI,0.4696
1612-EOHDH,0.5549
6702-OHFWR,0.7995
4510-PYUSH,0.0929
7517-SAWMO,0.4624
4143-HHPMK,0.2776
7054-LGEQW,0.4689
0923-PNFUB,0.6716
3494-JCHRQ,0.8091
6474-FVJLC,0.854
8840-DQLGN,0.3949
4547-LYTDD,0.5048
6770-XUAGN,0.5552
4193-ORFCL,0.4688
7776-QWNFX,0.2164
6689-TCZHQ,0.6525
3143-ILDAL,0.3109
4720-VSTSI,0.3069
3946-MHCZW,0.4837
6651-AZVTJ,0.5986
4566-GOLUK,0.4867
2484-DGXPZ,0.1022
4587-NUKOX,0.6084
0420-BWTPW,0.2897
8183-ONMXC,0.7493
9614-RMGHA,0.3648
5054-IEXZT,0.7817
5834-ASPWA,0.8522
3948-XHGNA,0.1374
0565-IYCGT,0.0392
5445-UTODQ,0.7499
1024-VRZHF,0.6945
9497-QCMMS,0.9293
0348-SDKOL,0.4256
4373-MAVJG,0.6649
8901-HJXTF,0.3602
5419-KLXBN,0.4727
3424-NMNBO,0.3307
4514-GFCFI,0.6615
9828-AOQLM,0.7289
8000-REIQB,0.8256
7615-ESMYF,0.821
3858-VOBET,0.5115
1447-PJGGA,0.1204
8565-CLBZW,0.4735
9139-WQQDY,0.2742
0224-HJAPT,0.4524
8086-OVPWV,0.8043
9430-FRQOC,0.6252
3074-GQWYX,0.6643
6845-RGTYS,0.4177
8861-HGGKB,0.5799
7065-YUNRY,0.5661
7694-VLBWQ,0.2754
4795-KTRTH,0.809
6481-OGDOO,0.1254
3753-TSEMP,0.654
8305-VHZBZ,0.3684
9172-JITSM,0.636
6298-QDFNH,0.5111
9961-JBNMK,0.5724
6173-ITPWD,0.3829
9734-UYXQI,0.6161
2189-UXTKY,0.4214
4958-GZWIY,0.3665
6356-ELRKD,0.8505
8624-GIOUT,0.1035
6179-GJPSO,0.2241
3177-LASXD,0.7489
4897-QSUYC,0.378
1084-UQCHV,0.7034
8290-YWKHZ,0.7187
2955-BJZHG,0.579
3806-DXQOM,0.4763
9300-RENDD,0.8614
0761-AETCS,0.3615
2153-MREFK,0.2999
3106-ULWFW,0.7178
0925-VYDLG,0.7174
4349-GFQHK,0.6634
7802-EFKNY,0.6479
8035-BUYVG,0.1472
9787-XVQIU,0.864
8945-MUQUF,0.1651
8051-HJRLT,0.8256
3023-GFLBR,0.4228
0524-IAVZO,0.6651
2737-YNGYW,0.7493
5159-YFPKQ,0.7636
4021-RQSNY,0.727
9061-TIHDA,0.8216
8699-ASUFO,0.721
7927-AUXBZ,0.2974
4695-WJZUE,0.86
7619-ODSGN,0.049
3988-RQIXO,0.8872
2514-GINMM,0.8364
5931-FLJJF,0.6129
2659-VXMWZ,0.2919
3207-OYBWH,0.433
4285-GYRQC,0.7466
7216-EWTRS,0.9475
8337-MSSXB,0.5635
8182-BJDSI,0.5
2528-HFYZX,0.5579
2482-CZGBB,0.5223
0866-QLSIR,0.0491
7181-BQYBV,0.9305
6204-IEUXJ,0.5173
4529-CKBCL,0.8159
2506-CLAKW,0.4654
1583-IHQZE,0.6079
0151-ONTOV,0.6735
4140-MUHUG,0.8062
0320-JDNQG,0.5445
7180-PISOG,0.8949
3571-RFHAR,0.3587
9578-VRMNM,0.3497
1587-FKLZB,0.4695
6140-QNRQQ,0.7542
4307-KTUMW,0.3673
5440-FLBQG,0.1255
7470-MCQTK,0.629
7488-MXJIV,0.7948
2027-FECZV,0.7172
2672-DZUOY,0.7517
3870-MQAMG,0.2436
4800-CZMPC,0.2797
7377-DMMRI,0.4608
8949-JTMAY,0.536
2774-LVQUS,0.6533
3211-ILJTT,0.5113
4612-THJBS,0.2804
4094-NSEDU,0.6886
5103-MHMHY,0.3263
1846-XWOQN,0.8361
0235-KGSLC,0.8117
2884-GBPFB,0.4508
3757-NJYBX,0.5366
5136-KCKGI,0.3771
3722-WPXTK,0.8845
2929-ERCFZ,0.7782
7548-SEPYI,0.766
8835-VSDSE,0.8258
1623-NLDOT,0.0769
9898-KZQDZ,0.5794
5236-PERKL,0.0866
7854-FOKSF,0.7484
2519-FAKOD,0.4817
8263-JQAIK,0.6194
7089-IVVAZ,0.6096
2205-YMZZJ,0.7756
1254-IZEYF,0.5882
9492-TOKRI,0.5136
9221-OTIVJ,0.7405
3325-FUYCG,0.3318
5908-QMGOE,0.5194
8481-YYXWG,0.611
2609-IAICY,0.8513
1740-CSDJP,0.7622
2636-OHFMN,0.7787
1323-OOEPC,0.4535
0397-GZBBC,0.5169
7641-EUYET,0.4581
9921-ZVRHG,0.5791
4701-MLJPN,0.1496
9206-GVPEQ,0.5268
1596-BBVTG,0.2725
8433-WXGNA,0.6818
3707-GNWHM,0.8113
8922-LIEGH,0.5417
8245-UMPYT,0.7225
5186-SAMNZ,0.7836
5373-SFODM,0.5373
5766-ZJYBB,0.2852
8931-GJJIQ,0.7013
4277-PVRAN,0.5846
0022-TCJCI,0.0463
0203-HHYIJ,0.0452
0952-KMEEH,0.5105
8178-EYZUO,0.3532
5130-IEKQT,0.4649
3230-WYKIR,0.2135
0407-BDJKB,0.4692
9600-UDOPK,0.6284
4074-SJFFA,0.6473
3269-ATYWD,0.4951
4910-GMJOT,0.9172
0354-WYROK,0.5877
7576-OYWBN,0.7872
5539-TMZLF,0.803
4323-SADQS,0.0972
4446-BZKHU,0.5228
5202-IVJNU,0.072
5976-JCJRH,0.623
0137-OCGAB,0.799
3351-NQLDI,0.1437
7593-JNWRU,0.1057
4588-YBNIB,0.378
3336-JORSO,0.5165
5028-GZLDO,0.5948
6861-XWTWQ,0.8589
6877-TJMBR,0.8765
6769-DCQLI,0.1459
2433-KMEAS,0.2464
2195-ZRVAX,0.478
3550-SAHFP,0.4891
2011-TRQYE,0.2895
4873-ILOLJ,0.5347
2725-KXXWT,0.9203
9565-DJPIB,0.648
8348-HFYIV,0.7984
6849-WLEYG,0.1434
4659-NZRUF,0.4965
8429-XIBUM,0.5221
2608-BHKFN,0.608
7341-LXCAF,0.8173
9462-MJUAW,0.4049
8128-YVJRG,0.529
4283-FUTGF,0.5833
1569-TTNYJ,0.7722
2397-BRLOM,0.6506
4749-VFKVB,0.6737
7598-UAASY,0.7727
7938-OUHIO,0.7745
8510-AWCXC,0.6788
0431-APWVY,0.4335
3426-NIYYL,0.2936
8225-BTJAU,0.6081
3387-VATUS,0.7866
1143-NMNQJ,0.8474
0415-MOSGF,0.4554
1724-BQUHA,0.7731
4826-XTSOH,0.9304
2495-INZWQ,0.7178
4139-SUGLD,0.0248
6857-VWJDT,0.8525
5624-BQSSA,0.299
2408-WITXK,0.5501
5577-OTWWW,0.0929
6100-QQHEB,0.7761
2634-HCZGT,0.0814
7503-QQRVF,0.4948
2691-NZETQ,0.6715
4404-HIBDJ,0.0473
7295-JOMMD,0.6903
5013-SBUIH,0.0898
0709-TVGUR,0.6552
6023-YEBUP,0.8646
7209-JCUDS,0.6625
3001-CBHLQ,0.6415
6158-DWPZT,0.2465
3763-GCZHZ,0.2977
0772-GYEQQ,0.6579
4831-EOBFE,0.3943
4102-OQUPX,0.9104
9170-GYZJC,0.0181
3999-QGRJH,0.576
2454-RPBRZ,0.771
2002-MZHWP,0.299
2265-CYWIV,0.8822
2004-OCQXK,0.8485
5027-QPKTE,0.6911
2672-HUYVI,0.751
7508-MYBOG,0.7445
0148-DCDOS,0.5659
9992-RRAMN,0.662
0310-MVLET,0.5667
4550-VBOFE,0.5237
5696-QURRL,0.5693
7409-KIUTL,0.8099
1732-VHUBQ,0.2664
0495-RVCBF,0.8623
7854-EDSSA,0.1534
8869-TORSS,0.029
0679-IDSTG,0.8771
2115-BFTIW,0.2312
0611-DFXKO,0.6125
7780-OTDSO,0.7287
9747-DDZOS,0.6914
0564-JJHGS,0.7419
3348-CFRNX,0.4751
1428-GTBJJ,0.5004
8802-UNOJF,0.3664
6313-GIDIT,0.3099
2845-AFFTX,0.6415
2249-YPRNG,0.6697
7410-YTJIK,0.5267
4626-GYCZP,0.7755
5590-BYNII,0.6042
3237-AJGEH,0.1798
1591-NFNLQ,0.2117
2815-CPTUL,0.594
0596-BQCEQ,0.4655
1481-ZUWZA,0.3317
2309-OSFEU,0.4039
1891-FZYSA,0.4574
7613-LLQFO,0.6891
2640-PMGFL,0.3958
3801-HMYNL,0.8582
9685-WKZGT,0.6051
6022-UGGSO,0.355
4484-CGXFK,0.5862
6214-EDAKZ,0.0302
6127-ISGTU,0.7384
8740-XLHDR,0.3203
1208-DNHLN,0.1859
1761-AEZZR,0.8567
3923-CSIHK,0.3809
7120-RFMVS,0.8633
7317-GGVPB,0.09
1322-AGOQM,0.1197
3677-IYRBF,0.7076
5692-FPTAH,0.5549
1550-LOAHA,0.3818
0268-QKIWO,0.2611
0876-WDUUZ,0.5518
0617-FHSGK,0.2227
2858-MOFSQ,0.1456
8118-LSUEL,0.6515
7005-CCBKV,0.6423
4250-FDVOU,0.2479
5277-ZLOOR,0.875
2141-RRYGO,0.5447
6376-GAHQE,0.6771
5052-PNLOS,0.8117
6979-ZNSFF,0.7086
2386-LAHRK,0.626
6032-IGALN,0.6659
4248-HCETZ,0.3783
0516-WJVXC,0.2338
9174-FKWZE,0.4962
8809-RIHDD,0.1697
4822-NGOCH,0.588
5307-DZCVC,0.5766
8679-JOEVF,0.2615
1432-FPAXX,0.2734
4803-AXVYP,0.5126
3884-HCSWG,0.4786
5077-DXTCG,0.6437
1142-WACZW,0.4792
5649-ANRML,0.7001
4892-VLANZ,0.2925
2919-HBCJO,0.6281
4236-XPXAV,0.6842
3030-YZADT,0.1884
7410-KTVFV,0.2709
8393-DLHGA,0.5519
7395-IGJOS,0.5357
2834-SPCJV,0.2727
7890-VYYWG,0.7355
9907-SWKKF,0.6069
0587-DMGBH,0.3042
6397-JNZZG,0.2837
3523-QRQLL,0.2317
0895-DQHEW,0.562
8149-RSOUN,0.9172
7250-EQKIY,0.155
4013-UBXWQ,0.5347
5519-NPHVG,0.7627
8849-GYOKR,0.2101
3148-BLQJT,0.281
0461-CVKMU,0.3209
8806-EAGWC,0.3897
7779-LGOVN,0.7591
9710-ZUSHQ,0.4274
4183-WCSEP,0.2638
5498-TXHLF,0.5411
9722-UJOJR,0.4644
3902-FOIGH,0.8245
6772-KSATR,0.8074
7112-OPOTK,0.2626
4210-QFJMF,0.7307
3318-OSATS,0.5799
5828-AVIPD,0.5494
1086-LXKFY,0.8198
2636-ALXXZ,0.8303
7774-OJSXI,0.4107
7786-WBJYI,0.5999
9885-CSMWE,0.7966
5016-ETTFF,0.2639
3866-MDTUB,0.6363
8058-JMEQO,0.6983
0697-ZMSWS,0.8137
7657-DYEPJ,0.0692
8276-MQBYC,0.5
7593-XFKDI,0.467
0337-CNPZE,0.5095
1513-XNPPH,0.5509
6015-VVHHE,0.7529
6347-DCUIK,0.4999
0897-FEGMU,0.8262
7663-RGWBC,0.5693
1120-BMWUB,0.1609
9124-LHCJQ,0.8603
2235-ZGKPT,0.1316
3891-PUQOD,0.4447
0689-NKYLF,0.5763
3658-KIBGF,0.5563
5519-YLDGW,0.661
4946-EDSEW,0.0314
2516-VQRRV,0.7601
7580-UGXNC,0.3404
5178-LMXOP,0.9511
8185-UPYBR,0.7709
4585-HETAI,0.7671
7526-BEZQB,0.7479
4951-UKAAQ,0.7719
2108-YKQTY,0.2869
4918-QLLIW,0.3896
7056-IMHCC,0.5816
1625-JAIIY,0.3037
2947-DOMLJ,0.2104
4112-LUEIZ,0.6585
4510-HIMLV,0.8091
8749-JMNKX,0.4485
2430-USGXP,0.7177
5955-ERIHD,0.7684
0917-EZOLA,0.1456
5949-EBSQK,0.0907
7274-RTAPZ,0.8922
0311-UNPFF,0.4825
3834-XUIFC,0.6407
8414-MYSHR,0.786
7599-FKVXZ,0.48
8229-TNIQA,0.4001
6221-AVQYL,0.7596
7743-EXURX,0.1135
5569-KGJHX,0.7372
4988-IQIGL,0.8675
7730-IUTDZ,0.2359
0426-TIRNE,0.2814
7587-RZNME,0.4976
0748-RDGGM,0.1223
4706-AXVKM,0.6125
5889-JTMUL,0.5415
9026-RNUJS,0.3651
3746-EUBYR,0.873
2332-EFBJY,0.1125
9474-PHLYD,0.341
2165-VOEGB,0.1324
2219-MVUSO,0.2575
8914-RBTSB,0.4975
0963-ZBDRN,0.4121
7594-RQHXR,0.857
6331-EWIEB,0.5983
5998-VVEJY,0.4188
1624-NALOJ,0.7658
4317-VTEOA,0.6219
1670-SVOWZ,0.454
7541-YLXCL,0.0678
0260-ZDLGK,0.2072
8722-NGNBH,0.2415
6210-KBBPI,0.7122
0133-BMFZO,0.646
6128-CZOMY,0.6567
9540-JYROE,0.4787
2260-USTRB,0.7334
3656-TKRVZ,0.3141
8623-TMRBY,0.4529
1501-SGHBW,0.3804
3208-YPIOE,0.3308
2612-RANWT,0.7013
6900-PXRMS,0.6388
3346-BRMIS,0.66
2933-FILNV,0.2364
9986-BONCE,0.1791
2722-JMONI,0.6545
4083-EUGRJ,0.1042
7579-OOPEC,0.5128
1771-OADNZ,0.6156
0612-RTZZA,0.712
6410-LEFEN,0.2582
3194-ORPIK,0.4642
8816-VXNZD,0.8688
9378-FXTIZ,0.1721
1723-HKXJQ,0.5133
7825-GKXMW,0.5787
1240-KNSEZ,0.3434
0836-SEYLU,0.3994
4433-JCGCG,0.6434
3716-BDVDB,0.8091
5899-MQZZL,0.5449
6849-OYAMU,0.2888
9488-HGMJH,0.8099
6038-GCYEC,0.3648
1150-WFARN,0.0752
3144-AUDBS,0.4365
5616-PRTNT,0.0757
4818-QIUFN,0.4732
6961-VCPMC,0.4696
6688-UZPWD,0.8212
2839-RFSQE,0.2246
0968-GSIKN,0.7512
1965-DDBWU,0.4627
9057-SIHCH,0.8634
6771-XWBDM,0.4995
8601-QACRS,0.392
2391-SOORI,0.1649
2645-QTLMB,0.696
4806-HIPDW,0.8758
4424-TKOPW,0.8954
8443-ZRDBZ,0.7547
9136-ALYBR,0.6675
7479-NITWS,0.6802
2959-MJHIC,0.8108
4201-JMNGR,0.5626
5960-WPXQM,0.8404
0684-AOSIH,0.8947
8260-NGFNY,0.5989
1866-RZZQS,0.5573
8631-NBHFZ,0.016
4958-XCBDQ,0.5878
8337-UPOAQ,0.7812
1725-IQNIY,0.0484
6598-RFFVI,0.1157
6712-OAWRH,0.5548
8614-VGMMV,0.3716
2930-UOTMB,0.0793
5914-DVBWJ,0.4884
2533-QVMSK,0.1199
8644-XLFBW,0.803
8625-AZYZY,0.7108
9306-CPCBC,0.7928
1833-VGRUM,0.8717
8374-XGEJJ,0.622
2656-TABEH,0.8787
6946-LMSQS,0.4239
2325-ZUSFD,0.1013
3932-CMDTD,0.5535
4039-HEUNW,0.6551
0812-WUPTB,0.7854
3594-UVONA,0.0991
0004-TLHLJ,0.6781
5089-IFSDP,0.121
4817-VYYWS,0.5813
1396-QWFBJ,0.4581
5299-SJCZT,0.8312
2403-BCASL,0.4147
2898-LSJGD,0.3395
7359-PTSXY,0.5594
4503-BDXBD,0.3707
6086-ESGRL,0.748
3886-CERTZ,0.2699
5759-RCVCB,0.5359
6372-RFVNS,0.8673
8938-UMKPI,0.5217
0991-BRRFB,0.1663
3871-IKPYH,0.745
6319-IEJWJ,0.6729
9025-AOMKI,0.7656
5275-SQEIZ,0.787
7716-YTYHG,0.3008
4390-KYULV,0.3355
1304-NECVQ,0.8247
8945-GRKHX,0.7926
6959-UWKHF,0.6296
3815-SLMEF,0.3493
5154-VEKBL,0.293
5655-JSMZM,0.5121
4505-EXZHB,0.5501
4587-VVTOX,0.8467
4652-NNHNY,0.6113
8972-HJWNV,0.8043
8515-OCTJS,0.0173
2860-RANUS,0.5243
5261-QSHQM,0.5925
8868-WOZGU,0.6165
1334-FJSVR,0.7517
7625-XCQRH,0.5768
1731-TVIUK,0.7161
0406-BPDVR,0.3168
0618-XWMSS,0.2781
5276-KQWHG,0.7749
2565-JSLRY,0.4393
6689-KXGBO,0.54
6615-NGGZJ,0.708
4255-DDUOU,0.1239
2984-MIIZL,0.6054
5590-YRFJT,0.4699
3677-TNKIO,0.4544
9667-EQRXU,0.3906
3329-WDIOK,0.7381
2873-ZLIWT,0.4513
3415-TAILE,0.1934
1915-IOFGU,0.7551
3045-XETSH,0.649
7239-HZZCX,0.2852
7683-CBDKJ,0.0725
0946-CLJTI,0.5827
0628-CNQRM,0.1231
7665-TOALD,0.814
0112-QWPNC,0.1099
0324-BRPCJ,0.5331
2777-PHDEI,0.8049
1196-AMORA,0.6005
4282-YMKNA,0.6121
5356-RHIPP,0.3525
9189-JWSHV,0.7612
0746-JTRFU,0.6727
0576-WNXXC,0.633
4628-CTTLA,0.2293
2876-VBBBL,0.3534
6834-NXDCA,0.4368
5597-GLBUC,0.8533
2748-MYRVK,0.16
4822-YCXMX,0.5453
9821-POOTN,0.5256
6559-ILWKJ,0.0658
4229-CZMLL,0.7034
3663-MITLP,0.622
9025-ZRPVR,0.1402
3285-UCQVC,0.1272
5482-PLVPE,0.6274
4902-OHLSK,0.4728
0495-ZBNGW,0.7719
2357-COQEK,0.5869
3737-GCSPV,0.5548
4088-YLDSU,0.3378
2034-CGRHZ,0.5447
5797-APWZC,0.8485
3683-QKIUE,0.2806
4228-ZGYUW,0.7683
3519-ZKXGG,0.8292
6416-TVAIH,0.8674
5108-ADXWO,0.4391
3066-RRJIO,0.7422
6715-OFDBP,0.5818
1567-DSCIC,0.6977
2150-UWTFY,0.0195
2683-BPJSO,0.4552
2157-MXBJS,0.4062
9360-AHGNL,0.2701
1087-UDSIH,0.2599
5485-WUYWF,0.3877
2632-UCGVD,0.4455
5445-PZWGX,0.0906
9170-CCKOU,0.4309
1043-YCUTE,0.0174
3814-MLAXC,0.3252
1226-UDFZR,0.4503
6425-YQLLO,0.252
5442-UTCVD,0.7565
7734-DBOAI,0.336
2091-RFFBA,0.4688
2114-MGINA,0.5616
4489-SNOJF,0.0285
6899-PPEEA,0.575
2187-LZGPL,0.4382
4597-NUCQV,0.618
9019-QVLZD,0.8049
3707-LRWZD,0.2622
1455-ESIQH,0.8835
2979-SXESE,0.6234
4013-TLDHQ,0.4391
3754-DXMRT,0.5591
7130-VTEWQ,0.668
6121-VZNQB,0.3718
7903-CMPEY,0.8712
6996-KNSML,0.8114
1704-NRWYE,0.6488
2592-SEIFQ,0.5381
7481-ATQQS,0.4054
8642-GVWRF,0.7134
3400-ESFUW,0.0121
2057-ZBLPD,0.6686
5502-RLUYV,0.533
0023-HGHWL,0.747
9039-RBEEE,0.1246
8417-FMLZI,0.7061
1792-UXAFY,0.5378
0515-YPMCW,0.7337
0378-XSZPU,0.0327
4729-XKASR,0.5322
5449-FIBXJ,0.624
9837-BMCLM,0.7756
0137-UDEUO,0.194
6161-UUUTA,0.7933
6543-XRMYR,0.6197
4925-LMHOK,0.2095
1455-UGQVH,0.8093
8280-MQRQN,0.5384
2037-SGXHH,0.5554
3178-FESZO,0.884
6087-MVHJH,0.625
4603-JANFB,0.8143
3018-TFTSU,0.3146
4806-KEXQR,0.7297
7083-YNSKY,0.1642
2479-BRAMR,0.3889
7434-SHXLS,0.299
7908-QCBCA,0.8279
6711-FLDFB,0.6537
3714-JTVOV,0.2997
4702-IOQDC,0.8153
6178-KFNHS,0.5209
1264-BYWMS,0.4764
9658-WYUFB,0.5499
2013-SGDXK,0.7895
8580-QVLOC,0.0272
2012-NWRPA,0.8118
8808-ELEHO,0.6906
3506-LCJDC,0.0963
3934-HXCFZ,0.5497
7666-WKRON,0.0692
4910-AQFFX,0.6794
2154-KVJFF,0.5597
9647-ERGBE,0.6938
3428-XZMAZ,0.7994
0378-TOVMS,0.6492
4355-HBJHH,0.0547
9058-CBREO,0.546
0318-QUUOB,0.8929
5520-FVEWJ,0.7219
5572-ZDXHY,0.3661
3750-CKVKH,0.7546
8063-GBATB,0.588
4547-KQRTM,0.528
4877-EVATK,0.2925
7639-SUPCW,0.1529
1069-XAIEM,0.9011
4658-HCOHW,0.5964
3440-JPSCL,0.6098
2889-FPWRM,0.1589
6987-XQSJT,0.3266
4290-BSXUX,0.7687
0325-XBFAC,0.7103
2462-XIIJB,0.7898
4760-XOHVN,0.0849
7817-BOQPW,0.8232
1853-UDXBW,0.8603
5458-CQJTA,0.0305
5219-YIPTK,0.6477
3540-RZJYU,0.4527
2091-MJTFX,0.0545
0883-EIBTI,0.234
0722-TROQR,0.7506
7571-YXDAD,0.6974
3393-FMZPV,0.608
6402-ZFPPI,0.4937
7486-KSRVI,0.3077
8443-WVPSS,0.7045
3006-XIMLN,0.8679
9965-YOKZB,0.6998
0504-HHAPI,0.4024
6305-YLBMM,0.1126
3647-GMGDH,0.6195
3791-LGQCY,0.5319
8166-ZZTFS,0.0672
2956-GGUCQ,0.5369
6595-COKXZ,0.5661
0362-ZBZWJ,0.4811
4211-MMAZN,0.2925
4274-OWWYO,0.7817
1541-ETJZO,0.4601
4106-HADHQ,0.0674
2369-UAPKZ,0.6797
2778-OCLGR,0.3013
0637-KVDLV,0.8218
6633-MPWBS,0.3606
8785-EPNCG,0.1241
5729-KLZAR,0.7399
1582-RAFML,0.4529
8740-CRYFY,0.8606
2962-XPMCQ,0.5514
1678-FYZOW,0.7826
8627-EHGIP,0.1433
5480-TBGPH,0.5156
8854-CCVSQ,0.5262
0511-JTEOY,0.6857
7067-KSAZT,0.3721
6532-YLWSI,0.0266
9300-AGZNL,0.9179
1112-CUNAO,0.6031
5175-AOBHI,0.3727
5174-RNGBH,0.1957
7270-BDIOA,0.5221
9565-JSNFM,0.1436
0607-DAAHE,0.0063
9732-KPKBW,0.5306
3389-YGYAI,0.7706
9560-ARGQJ,0.5492
5134-IKDAY,0.8673
3070-DVEYC,0.5531
5707-ORNDZ,0.2879
8696-JKZNU,0.4341
5380-AFSSK,0.7584
2055-PDADH,0.7467
8714-EUHJO,0.6183
3721-CNEYS,0.7592
2568-OIADY,0.6574
1193-RTSLK,0.1751
2302-ANTDP,0.3982
5923-GXUOC,0.5325
5233-GEEAX,0.4809
4432-ADRLB,0.3785
8993-PHFWD,0.5687
1565-RHDJD,0.6223
7137-RYLPP,0.6213
3765-JXVKY,0.8069
7330-WZLNC,0.7746
3957-LXOLK,0.6322
6635-MYYYZ,0.0646
5281-BUZGT,0.4033
5378-IKEEG,0.7945
2718-GAXQD,0.1312
6413-XKKPU,0.5676
1449-XQEMT,0.255
2626-URJFX,0.2228
2612-RRIDN,0.7237
4735-ASGMA,0.6254
3669-LVWZB,0.6148
6892-EZDTG,0.8457
9725-SCPZG,0.8922
5884-GCYMI,0.6638
3217-FZDMN,0.659
7853-GVUDZ,0.1078
7480-QNVZJ,0.5076
3943-KDREE,0.4236
9239-ZBZZV,0.6724
4398-HSCJH,0.583
4430-UZIPO,0.4674
4855-SNKMY,0.659
8008-HAWED,0.5665
7124-UGSUR,0.3027
1862-SKORY,0.4092
1502-XFCVR,0.1781
9692-TUSXH,0.5453
7912-SYRQT,0.6225
4816-JBHOV,0.5591
8292-TYSPY,0.161
1867-BDVFH,0.6837
2359-QWQUL,0.197
9103-TCIHJ,0.1995
4140-WJAWW,0.147
6653-CBBOM,0.8132
3247-ZVOUO,0.7168
6101-IMRMM,0.5804
1268-ASBGA,0.6635
8943-URTMR,0.7372
4713-LZDRV,0.822
4325-NFSKC,0.5335
2955-PSXOE,0.4157
7762-URZQH,0.1065
6907-NZZIJ,0.5407
2911-UREFD,0.2935
3744-ZRRDZ,0.4879
5673-TIYIB,0.4837
1602-IJQQE,0.687
4628-WQCQQ,0.2271
1644-IRKSF,0.4273
3705-PSNGL,0.0355
6502-HCJTI,0.6875
2606-RMDHZ,0.3962
8258-GSTJK,0.8093
6861-OKBCE,0.0487
9940-RHLFB,0.7594
2995-UPRYS,0.2472
6686-YPGHK,0.1722
1383-EZRWL,0.1158
4759-TRPLW,0.7564
8563-IIOXK,0.2644
8020-BWHYL,0.4148
2982-VPSGI,0.7915
8199-ZLLSA,0.1269
4625-EWPTF,0.4228
5980-NOPLP,0.6074
6892-XPFPU,0.7273
8010-EZLOU,0.5828
9874-QLCLH,0.7353
8062-YBDOE,0.8304
6000-APYLU,0.6388
0947-IDHRQ,0.5559
3672-YITQD,0.5896
9048-JVYVF,0.582
8988-ECPJR,0.4284
3776-EKTKM,0.8162
1902-XBTFB,0.4371
0643-OKLRP,0.294
9381-NDKME,0.4482
2794-XIMMO,0.1994
8382-SHQEH,0.7906
2983-ZANRP,0.7495
7845-URHJN,0.1857
3034-ZBEQN,0.0866
8327-LZKAS,0.4068
1075-BGWOH,0.7991
0302-JOIVN,0.6815
5366-IJEQJ,0.5973
1981-INRFU,0.8159
4971-PUYQO,0.5531
8485-GJCDN,0.5692
1527-SXDPN,0.1232
6029-WTIPC,0.5727
8634-CILSZ,0.1485
6682-QJDGB,0.0367
8780-IXSTS,0.7495
9530-EHPOH,0.3231
0345-HKJVM,0.6742
3049-SOLAY,0.9016
3317-HRTNN,0.6336
3235-ETOOB,0.613
8058-INTPH,0.8423
5569-OUICF,0.622
8821-XNHVZ,0.8509
2082-OJVTK,0.6174
5940-NFXKV,0.6878
8053-WWDRO,0.2086
9564-KCLHR,0.3962
2082-CEFLT,0.6296
1213-NGCUN,0.2887
5688-KZTSN,0.0366
2894-QOJRX,0.4349
5747-PMBSQ,0.5175
3143-JQEGI,0.6884
6386-SZZKH,0.1527
2982-IHMFT,0.8142
3521-SYVOR,0.28
9526-JAWYF,0.329
5649-VUKMC,0.3265
5143-EGQFK,0.3826
4919-IKATY,0.7314
9050-QLROH,0.5275
6168-WFVVF,0.7467
0877-SDMBN,0.2107
8065-YKXKD,0.6399
9637-EIHEQ,0.568
9689-PTNPG,0.817
9465-RWMXL,0.5163
2362-IBOOY,0.488
0843-WTBXE,0.2916
5515-IDEJJ,0.0817
7450-NWRTR,0.7606
5376-DEQCP,0.814
9095-HFAFX,0.6494
2379-ENZGV,0.6533
6005-OBZPH,0.578
7932-WPTDS,0.8266
2722-VOJQL,0.1593
5228-EXCET,0.5771
7394-FKDNK,0.7241
6331-LWDTQ,0.4585
1597-FZREH,0.5649
7000-WCEVQ,0.2963
0727-IWKVK,0.5983
5959-BELXA,0.5147
3512-IZIKN,0.0125
6141-OOXUQ,0.2726
7503-ZGUZJ,0.84
2506-TNFCO,0.8681
8718-PTMEZ,0.4158
2207-OBZNX,0.2477
6142-VSJQO,0.232
6437-UKHMV,0.6711
1114-CENIM,0.0585
6060-DRTNL,0.6579
8473-VUVJN,0.8675
6289-CPNLD,0.1349
5536-SLHPM,0.3985
0196-VULGZ,0.8494
8837-VVWLQ,0.4752
2696-NARTR,0.4485
7614-QVWQL,0.1904
1976-CFOCS,0.6759
4631-OACRM,0.5862
3755-JBMNH,0.5391
6345-ULYRW,0.2336
1809-DMJHQ,0.1548
6923-EFPNL,0.3857
9574-RKJIF,0.5732
2619-WFQWU,0.7529
0778-NELLA,0.4667
4614-NUVZD,0.8485
3803-KMQFW,0.0829
6804-GDMOI,0.1045
9572-MTILT,0.3205
9611-CTWIH,0.8226
0329-GTIAJ,0.7588
6629-CZTTH,0.6039
5364-EVNIB,0.5077
5087-SUURX,0.5718
0013-EXCHZ,0.762
5550-VFRLC,0.8303
4929-BSTRX,0.6244
2225-ZRGSG,0.0324
5271-YNWVR,0.1049
2657-ALMWY,0.4603
6330-JKLPC,0.5893
4667-OHGKG,0.3734
1660-HSOOQ,0.5477
7253-UVNDW,0.0146
7228-OMTPN,0.7904
6284-AHOOQ,0.4938
2344-JMOGN,0.5588
3799-ISUZQ,0.6272
1794-HBQTJ,0.4993
2460-FPSYH,0.2883
4818-DRBQT,0.4686
1320-HTRDR,0.786
1493-AMTIE,0.3625
6424-ELEYH,0.8117
4391-RESHN,0.4927
6821-BUXUX,0.596
5028-HTLJB,0.3015
9801-GDWGV,0.52
2320-JRSDE,0.1551
0601-WZHJF,0.5781
5143-WMWOG,0.3763
5393-RXQSZ,0.8048
0231-LXVAP,0.7505
9444-JTXHZ,0.8151
5510-BOIUJ,0.1588
4471-KXAUH,0.3964
7638-QVMVY,0.6473
3244-DCJWY,0.8132
0875-CABNR,0.5596
7812-FZHPE,0.0238
4797-AXPXK,0.2859
5229-PRWKT,0.7085
6982-UQZLY,0.4806
5057-LCOUI,0.3723
0193-ESZXP,0.1612
4369-HTUIF,0.5326
0156-FVPTA,0.2029
1984-FCOWB,0.2629
0654-HMSHN,0.6588
5287-QWLKY,0.3912
5196-SGOAK,0.8069
1891-UAWWU,0.6273
6108-OQZDQ,0.8782
0363-QJVFX,0.3533
9840-DVNDC,0.5816
3096-JRDSO,0.5607
8042-JVNFH,0.7337
3374-LXDEV,0.4473
5049-GLYVG,0.2726
5883-GTGVD,0.638
4817-QRJSX,0.4954
2398-YPMUR,0.657
9985-MWVIX,0.7589
1265-XTECC,0.1991
2237-ZFSMY,0.1612
4871-JTKJF,0.8303
1415-YFWLT,0.8999
6711-VTNRE,0.3285
3500-RMZLT,0.3556
4548-SDBKE,0.7965
8066-POXGX,0.4956
4143-OOBWZ,0.7702
7854-EKTJL,0.2182
9102-IAYHT,0.7039
3422-LYEPQ,0.8674
2642-DTVCO,0.7101
4361-JEIVL,0.4583
1363-TXLSL,0.863
9507-EXLTT,0.8726
9846-GKXAS,0.6214
6017-PPLPX,0.5359
7136-RVDTZ,0.1537
4581-SSPWD,0.7928
6927-WTFIV,0.3
3398-ZOUAA,0.5439
0378-NHQXU,0.6617
4512-ZUIYL,0.6279
7969-AULMZ,0.6612
0568-ONFPC,0.0704
0733-VUNUW,0.1873
4550-EVXNY,0.8166
2968-SSGAA,0.7395
4844-JJWUY,0.858
6777-TGHTM,0.2057
3538-WZPHD,0.5873
4785-QRJHC,0.1765
8610-WFCJF,0.5844
4905-JEFDW,0.2895
7881-INRLC,0.4385
0117-LFRMW,0.0296
6172-FECYY,0.4616
1965-AKTSX,0.6094
4786-UKSNZ,0.2968
7248-VZQLC,0.3196
0011-IGKFF,0.765
4192-GORJT,0.8278
6496-SLWHQ,0.8669
9912-GVSEQ,0.6375
5383-MMTWC,0.822
7240-ETPTR,0.6919
2202-CUYXZ,0.8567
5995-OIGLP,0.1233
6261-RCVNS,0.0309
7951-QKZPL,0.0288
3640-PHQXK,0.5558
6877-LGWXO,0.5817
8019-ENHXU,0.484
5167-GBFRE,0.5322
9033-EOXWV,0.1895
1324-NLTJE,0.1925
1522-VVDMG,0.6472
9185-TQCVP,0.7412
5567-WSELE,0.9109
8063-RJYNF,0.525
0687-ZVTHB,0.0626
9661-ACXBS,0.4744
3727-RJMEO,0.8147
6646-VRFOL,0.5883
5685-IIXLY,0.8005
4250-ZBWLV,0.1443
5095-AESKG,0.8471
1871-MOWRM,0.3314
2027-OAQQC,0.2972
9090-SGQXL,0.5203
6595-YGXIT,0.5755
9835-ZIITK,0.2942
1555-DJEQW,0.0884
5649-TJHOV,0.3504
0519-XUZJU,0.6857
6338-AVWCY,0.6159
9253-QXKBE,0.7104
9445-SZLCH,0.522
7568-PODML,0.7865
5349-IECLD,0.7992
3945-GFWQL,0.196
3797-VTIDR,0.8168
9526-BIHHD,0.5473
4523-WXCEF,0.442
8364-TRMMK,0.5052
3063-QFSZL,0.7102
8775-LHDJH,0.9258
3097-NQYSN,0.8784
3565-UNOCC,0.6734
9249-FXSCK,0.1483
5493-SDRDQ,0.379
0871-URUWO,0.742
9190-MFJLN,0.5295
1095-JUDTC,0.3694
0870-VEMYL,0.1854
5385-SUIRI,0.502
3982-XWFZQ,0.3094
4009-ALQFH,0.526
3627-FCRDW,0.479
7562-GSUHK,0.4406
4903-UYAVB,0.1982
6776-TLWOI,0.1844
4077-CROMM,0.6544
2868-MZAGQ,0.8546
4847-QNOKA,0.6029
6379-RXJRQ,0.6191
8650-RHRKE,0.5995
0475-RIJEP,0.3422
1260-TTRXI,0.4468
6328-ZPBGN,0.7021
4789-KWMXN,0.2284
2867-UIMSS,0.8048
8111-RKSPX,0.6957
1585-MQSSU,0.1243
2856-NNASM,0.3559
8559-CIZFV,0.092
7547-EKNFS,0.4586
6769-DYBQN,0.2348
4439-JMPMT,0.743
2446-BEGGB,0.8118
1496-GGSUK,0.7013
2575-GFSOE,0.6824
2842-JTCCU,0.4003
3296-SILRA,0.8205
9681-OXGVC,0.8324
5180-UCIIQ,0.0604
7153-OANIO,0.7502
6521-YYTYI,0.9192
8878-HMWBV,0.4909
3751-KTZEL,0.6825
1977-STDKI,0.8045
5813-UECBU,0.3416
0328-GRPMV,0.8153
4342-HENTK,0.7873
4195-SMMNX,0.2307
6956-SMUCM,0.7068
3223-WZWJM,0.5463
9053-JZFKV,0.0382
2530-ENDWQ,0.155
6615-ZGEDR,0.281
9250-WYPLL,0.6539
2754-XBHTB,0.5641
1597-LHYNC,0.4752
7055-VKGDA,0.0961
0754-UKWQP,0.843
7493-TPUWZ,0.8394
1577-HKTFG,0.0905
8752-STIVR,0.7324
4558-FANTW,0.4213
8651-ENBZX,0.2769
7623-TRNQN,0.2797
9330-IJWIO,0.6874
9286-DOJGF,0.467
9661-MHUMO,0.193
1842-EZJMK,0.3917
8079-XRJRS,0.1322
8073-IJDCM,0.3534
8884-ADFVN,0.8512
2720-WGKHP,0.8927
2869-ADAWR,0.3377
9894-EZEWG,0.7432
7851-FLGGQ,0.668
0637-UBJRP,0.5332
0940-OUQEC,0.5097
0702-PGIBZ,0.844
1963-VAUKV,0.2868
3058-HJCUY,0.403
3259-FDWOY,0.123
0807-ZABDG,0.1874
5748-RNCJT,0.0683
7739-LAXOG,0.5445
9776-CLUJA,0.4116
6034-ZRYCV,0.0914
2079-FBMZK,0.5279
6608-QQLVK,0.6397
3551-HUAZH,0.8631
6302-JGYRJ,0.1186
3685-YLCMQ,0.2384
8634-MPHTR,0.6136
8761-NSOBC,0.2982
8413-VONUO,0.7912
9223-UCPVT,0.8518
4351-QLCSU,0.6463
5419-JPRRN,0.9192
2100-BDNSN,0.4674
0488-GSLFR,0.8063
9318-NKNFC,0.3525
9728-FTTVZ,0.8063
7254-IQWOZ,0.8143
2474-BRUCM,0.4998
0742-NXBGR,0.8007
6110-OHIHY,0.6884
5889-LFOLL,0.6631
5708-EVONK,0.3244
8708-XPXHZ,0.6543
0616-ATFGB,0.7657
7016-BPGEU,0.236
6876-ADESB,0.3518
1963-SVUCV,0.5462
0220-EBGCE,0.8077
2754-VDLTR,0.663
3190-XFANI,0.2159
7551-DACSP,0.0788
7235-NXZCP,0.7614
0520-FDVVT,0.2333
1444-VVSGW,0.1325
5712-PTIWW,0.7108
3315-TOTBP,0.4752
6661-HBGWL,0.4813
1518-VOWAV,0.3939
5909-ECHUI,0.7147
1309-BXVOQ,0.7008
9317-WZPGV,0.7743
2856-HYAPG,0.7489
4488-PSYCG,0.088
3621-CEOVK,0.8051
6906-ANDWJ,0.623
1031-IIDEO,0.8153
5832-XKAES,0.672
4701-AHWMW,0.2621
9210-IAHGH,0.3621
0023-XUOPT,0.693
4592-IWTJI,0.1289
7632-MNYOY,0.126
6518-LGAOV,0.5846
7242-QZLXF,0.567
4576-CSAJH,0.0673
1000-AJSLD,0.3434
1062-LHZOD,0.8187
9600-NAXZN,0.5082
6457-USBER,0.8426
4662-EKDPQ,0.5634
9248-OJYKK,0.8631
3398-FSHON,0.6978
3319-DWOEP,0.8219
9259-PACGQ,0.1646
4415-IJZTP,0.8667
1465-VINDH,0.7384
2810-FTLEM,0.2221
1925-TIBLE,0.7968
0818-OCPZO,0.4749
1447-GIQMR,0.866
0872-NXJYS,0.6103
9412-ARGBX,0.0441
1389-CXMLU,0.7763
5561-NWEVX,0.8238
2737-WFVYW,0.7949
2272-QAGFO,0.6037
9850-OWRHQ,0.7953
3768-NLUBH,0.5073
8676-TRMJS,0.6225
7359-SSBJK,0.0106
0685-MLYYM,0.6943
8182-PNAGI,0.1601
7957-RYHQD,0.1904
2180-DXNEG,0.6802
5515-AKOAJ,0.428
8976-OQHGT,0.0594
6230-BSUXY,0.8631
5294-CDGWY,0.1439
5295-PCJOO,0.2628
9863-JZAIC,0.114
7660-HDPJV,0.8132
7931-PXHFC,0.0583
3990-QYKBE,0.6692
4919-MOAVT,0.6408
3090-HAWSU,0.0528
9820-RMCQV,0.1456
7839-QRKXN,0.378
5204-QZXPU,0.4107
4597-ELFTS,0.034
8450-JOVAH,0.1312
1113-IUJYX,0.2566
9274-CNFMO,0.76
7758-XKCBS,0.3442
8992-JQYUN,0.8911
0617-AQNWT,0.0294
2446-PLQVO,0.8128
3005-NFMTA,0.4436
8784-CGILN,0.5668
5389-FFVKB,0.4624
8444-WRIDW,0.2293
9451-LPGOO,0.729
5868-YWPDW,0.744
2025-JKFWI,0.6041
4078-SAYYN,0.7257
9940-HPQPG,0.5255
6618-RYATB,0.8179
9079-YEXQJ,0.2976
2685-SREOM,0.6881
0402-CQAJN,0.4922
6692-UDPJC,0.2607
1273-MTETI,0.8272
5480-HPRRX,0.5713
0295-PPHDO,0.9153
1195-OIYEJ,0.6622
5906-CVLHP,0.0687
4501-EQDRN,0.705
2990-HWIML,0.7423
7384-GHBPI,0.7653
7603-USHJS,0.3395
7234-FECYN,0.7322
5876-HZVZM,0.0507
1400-MMYXY,0.9096
3085-QUOZK,0.4554
3926-CUQZX,0.556
1041-RXHRA,0.2075
1750-CSKKM,0.1757
7142-HVGBG,0.6413
8267-ZNYVZ,0.3015
6457-GIRWB,0.8128
1450-SKCVI,0.228
5570-PTWEH,0.7994
6502-MJQAE,0.8091
7693-LCKZL,0.3242
0032-PGELS,0.1986
6797-LNAQX,0.097
6394-MFYNG,0.4458
1564-NTYXF,0.6835
8155-IBNHG,0.5122
0886-QGENL,0.587
8739-WWKDU,0.5765
8685-WHQPW,0.4748
4745-LSPLO,0.2925
8083-YTZES,0.7369
7240-FQLHE,0.6017
6664-FPDAC,0.2607
0786-VSSUD,0.3945
3976-BWUCK,0.435
3585-ISXZP,0.6547
6583-QGCSI,0.5437
4174-LPGTI,0.0814
2108-XWMPY,0.472
6304-IJFSQ,0.3936
0093-XWZFY,0.4542
1980-KXVPM,0.7361
7703-ZEKEF,0.4918
0723-DRCLG,0.9024
5482-NUPNA,0.2293
1122-JWTJW,0.3919
1699-HPSBG,0.209
8775-CEBBJ,0.2865
6894-LFHLY,0.8631
0639-TSIQW,0.2138
8361-LTMKD,0.7895
7590-VHVEG,0.8018
5575-GNVDE,0.0333
7795-CFOCW,0.0394
1452-KIOVK,0.3122
6713-OKOMC,0.2368
6388-TABGU,0.0228
9763-GRSKD,0.0523
7469-LKBCI,0.0169
8091-TTVAX,0.2397
5129-JLPIS,0.3839
3655-SNQYZ,0.0631
8191-XWSZG,0.0172
9959-WOFKT,0.0594
4183-MYFRB,0.5226
1680-VDCWW,0.0977
3638-WEABW,0.0288
6322-HRPFA,0.0096
6865-JZNKO,0.1165
5248-YGIJN,0.0347
3841-NFECX,0.0391
4929-XIHVW,0.8568
6827-IEAUQ,0.0467
7310-EGVHZ,0.2895
3413-BMNZE,0.4787
6234-RAAPL,0.047
6572-ADKRS,0.2403
8865-TNMNX,0.1222
9489-DEDVP,0.0345
9867-JCZSP,0.0636
4671-VJLCL,0.0178
4080-IIARD,0.4209
3714-NTNFO,0.4109
5948-UJZLF,0.3688
7639-LIAYI,0.0325
2954-PIBKO,0.0178
8012-SOUDQ,0.4566
6575-SUVOI,0.2499
4667-QONEA,0.0483
8769-KKTPH,0.2349
5067-XJQFU,0.2989
3957-SQXML,0.0203
5954-BDFSG,0.0628
0434-CSFON,0.617
1215-FIGMP,0.2954
0526-SXDJP,0.0212
0557-ASKVU,0.1249
5122-CYFXA,0.5857
8627-ZYGSZ,0.268
3410-YOQBQ,0.0304
3170-NMYVV,0.0128
7410-OIEDU,0.3856
2273-QCKXA,0.3962
0731-EBJQB,0.0491
1891-QRQSA,0.1082
8028-PNXHQ,0.0213
5630-AHZIL,0.2128
2673-CXQEU,0.1857
6416-JNVRK,0.0604
5590-ZSKRV,0.0443
0191-ZHSKZ,0.2201
3887-PBQAO,0.061
8108-UXRQN,0.1521
9919-YLNNG,0.3401
0318-ZOPWS,0.0161
4445-ZJNMU,0.6453
4808-YNLEU,0.1135
1862-QRWPE,0.0111
2796-NNUFI,0.0165
3016-KSVCP,0.2958
4767-HZZHQ,0.0646
2424-WVHPL,0.7257
7233-PAHHL,0.031
6067-NGCEU,0.262
9848-JQJTX,0.0985
9803-FTJCG,0.0461
3212-KXOCR,0.008
6380-ARCEH,0.2852
3679-XASPY,0.1063
7123-WQUHX,0.1782
5386-THSLQ,0.0952
6180-YBIQI,0.3627
6728-DKUCO,0.2777
9750-BOOHV,0.0619
8597-CWYHH,0.2142
2848-YXSMW,0.008
4549-ZDQYY,0.0232
5712-AHQNN,0.3442
5256-SKJGO,0.0825
3071-VBYPO,0.2391
9560-BBZXK,0.0252
8402-OOOHJ,0.0077
9445-ZUEQE,0.0766
1091-SOZGA,0.3387
2928-HLDBA,0.1333
6497-TILVL,0.0497
7219-TLZHO,0.0376
4622-YNKIJ,0.0843
6734-PSBAW,0.0145
3930-ZGWVE,0.2852
2639-UGMAZ,0.1186
2876-GZYZC,0.6638
8587-XYZSF,0.0082
7799-LGRDP,0.0178
7850-VWJUU,0.3117
3774-VBNXY,0.0077
6217-KDYWC,0.0093
3146-MSEGF,0.03
1095-WGNGG,0.1633
2636-SJDOU,0.1022
1131-QQZEB,0.0108
5716-EZXZN,0.0633
6837-BJYDQ,0.0962
6440-DKQGE,0.0822
3466-BYAVD,0.0487
3780-YVMFA,0.1352
1679-JRFBR,0.2157
9073-ZZIAY,0.0257
3077-RSNTJ,0.0333
6551-GNYDG,0.2084
9167-APMXZ,0.5408
2749-CTKAJ,0.0474
6371-NZYEG,0.0517
7554-NEWDD,0.0339
8992-VONJD,0.1589
4482-EWFMI,0.7613
4648-YPBTM,0.0319
2907-ILJBN,0.0684
6345-FZOQH,0.0088
5997-OPVFA,0.0371
1159-WFSGR,0.0275
7654-YWJUF,0.1316
6727-IOTLZ,0.0712
5918-VUKWP,0.0259
1744-JHKYS,0.1231
5947-SGKCL,0.3157
3712-PKXZA,0.0296
6582-OIVSP,0.4554
5524-KHNJP,0.1045
4827-USJHP,0.1743
8167-GJLRN,0.4848
0956-SYCWG,0.0648
8017-UVSZU,0.1556
7100-FQPRV,0.0908
2984-RGEYA,0.0097
9680-NIAUV,0.0686
2146-EGVDT,0.0091
2604-IJPDU,0.4445
9178-JHUVJ,0.0065
6168-YBYNP,0.3739
7255-SSFBC,0.0176
3645-DEYGF,0.1588
9323-HGFWY,0.2605
8544-GOQSH,0.348
3363-DTIVD,0.0183
7018-WBJNK,0.3187
9142-KZXOP,0.1915
7674-YTAFD,0.1213
6348-SNFUS,0.028
1347-KTTTA,0.1639
4195-NZGTA,0.6953
7157-SMCFK,0.0029
4709-LKHYG,0.0592
2504-DSHIH,0.6307
0699-NDKJM,0.2756
9286-BHDQG,0.0142
0230-WEQUW,0.0342
2040-LDIWQ,0.0512
6496-JDSSB,0.5846
4443-EMBNA,0.0138
6469-MRVET,0.365
5961-VUSRV,0.0741
6778-JFCMK,0.1827
6341-JVQGF,0.1083
4811-JBUVU,0.3624
0945-TSONX,0.0479
2651-ZCBXV,0.0596
3316-UWXUY,0.1634
7083-MIOPC,0.0052
1984-GPTEH,0.0978
0621-JFHOL,0.0756
9903-LYSAB,0.6594
9227-UAQFT,0.0162
7301-ABVAD,0.023
6614-FHDBO,0.0568
7576-ASEJU,0.0895
9058-HRZSV,0.2665
4522-AKYLR,0.314
0221-WMXNQ,0.5315
0303-UNCIP,0.0742
0959-WHOKV,0.2142
4075-JFPGR,0.2117
3282-ZISZV,0.096
3675-YDUPJ,0.1313
4111-BNXIF,0.073
7017-VFHAY,0.0096
6655-LHBYW,0.1202
5046-NUHWD,0.4236
7529-ZDFXI,0.479
7605-BDWDC,0.0402
1950-KSVVJ,0.1697
0123-CRBRT,0.029
6292-TOSSS,0.0118
3197-ARFOY,0.3701
7014-ZZXAW,0.0141
7633-MVPUY,0.022
4716-HHKQH,0.6392
3179-GBRWV,0.255
8645-KWHJO,0.5041
4130-MZLCC,0.2888
0314-TKOSI,0.1903
8229-MYEJZ,0.2287
2080-SRCDE,0.2404
9577-WJVCQ,0.0666
6202-DYYFX,0.2905
3808-HFKDE,0.2545
3727-OWVYD,0.0355
2294-SALNE,0.1424
4847-TAJYI,0.76
1563-IWQEX,0.1039
8203-XJZRC,0.2726
6556-DBKZF,0.0094
6851-WEFYX,0.6889
2985-JUUBZ,0.0844
0895-LMRSF,0.1576
8266-VBFQL,0.6822
8181-YHCMF,0.0375
2240-HSJQD,0.1628
1248-DYXUB,0.002
4115-BNPJY,0.0487
3167-SNQPL,0.1484
4091-TVOCN,0.0964
1098-TDVUQ,0.4157
7277-OZCGZ,0.3742
1557-EMYVT,0.0593
2799-ARNLO,0.7599
5027-YOCXN,0.1732
3973-SKMLN,0.0059
6745-JEFZB,0.4343
9880-TDQAC,0.0681
8705-WZCYL,0.6296
7102-JJVTX,0.1113
8626-PTQGE,0.0299
4983-CLMLV,0.4219
5701-YVSVF,0.6472
5697-GOMBF,0.1374
2739-CACDQ,0.5167
9385-EHGDO,0.0028
9498-FIMXL,0.086
2379-GYFLQ,0.1936
2088-IEBAU,0.0341
7982-VCELR,0.374
6035-BXTTY,0.0845
6885-PKOAM,0.0276
7520-HQWJU,0.0169
9639-BUJXT,0.0154
5924-SNGKP,0.0279
0021-IKXGC,0.8623
8966-SNIZF,0.0095
6243-OZGFH,0.4962
4654-DLAMQ,0.1215
0513-RBGPE,0.0301
5160-UXJED,0.0856
4115-NZRKS,0.7312
3351-NGXYI,0.2705
8984-EYLLL,0.1368
9833-TGFHX,0.3213
9294-TDIPC,0.071
5229-DTFYB,0.0767
0104-PPXDV,0.0489
5176-LMJXE,0.0095
3583-KRKMD,0.339
9069-LGEUL,0.2593
7302-ZHMHP,0.2868
9571-EDEBV,0.2621
3520-FJGCV,0.0107
6563-VRERX,0.0392
6122-EFVKN,0.0248
2805-EDJPQ,0.2259
6862-CQUMB,0.3634
7156-MXBJE,0.0725
6158-HDPXZ,0.5967
2863-IMQDR,0.0275
5686-CMAWK,0.2596
5651-CRHKQ,0.1605
8204-YJCLA,0.0471
6583-SZVGP,0.1385
1708-PBBOA,0.0913
8782-LKFPK,0.3413
5522-JBWMO,0.4058
3597-MVHJT,0.5607
9774-NRNAU,0.3814
0224-RLWWD,0.5847
9967-ATRFS,0.0735
3951-NJCVI,0.6379
2977-CEBSX,0.0212
0177-PXBAT,0.5231
2519-ERQOJ,0.3594
5876-QMYLD,0.0489
2277-AXSDC,0.0285
9442-JTWDL,0.0479
3067-SVMTC,0.0276
5495-GPSRW,0.0178
7606-BPHHN,0.0058
4742-DRORA,0.2223
0111-KLBQG,0.1261
4163-NCJAK,0.0573
5233-AOZUF,0.5377
5973-EJGDP,0.2659
1996-DBMUS,0.361
7916-VCCPB,0.1012
4686-GEFRM,0.0841
5249-QYHEX,0.0046
2233-FAGXV,0.0771
5605-IYGFG,0.5227
7663-ZTEGJ,0.1529
3935-TBRZZ,0.0404
8111-BKVDS,0.2456
2055-SIFSS,0.1874
2806-MLNTI,0.3466
8734-DKSTZ,0.2257
4360-PNRQB,0.4881
6152-ONASV,0.0454
7781-HVGMK,0.0364
2181-UAESM,0.3741
6048-NJXHX,0.026
2320-SLKMB,0.2454
4980-URKXC,0.0437
4376-KFVRS,0.0755
5886-VLQVU,0.4483
3577-AMVUX,0.4077
0771-WLCLA,0.2488
5628-RKIFK,0.305
0206-TBWLC,0.2002
2937-FTHUR,0.1566
1910-FMXJM,0.4477
0732-OCQOC,0.0212
5168-MSWXT,0.34
1090-ESELR,0.0417
8592-PLTMQ,0.0217
5760-WRAHC,0.1372
8847-GEOOQ,0.2604
4785-FCIFB,0.0146
8313-NDOIA,0.6214
5149-CUZUJ,0.2311
0942-KOWSM,0.0473
4237-CLSMM,0.3072
1452-VOQCH,0.864
4719-UMSIY,0.0738
6614-VBEGU,0.3505
1480-BKXGA,0.0868
2996-XAUVF,0.0248
9076-AXYIK,0.1349
5968-XQIVE,0.2709
8896-RAZCR,0.008
4933-IKULF,0.0405
1304-BCCFO,0.4946
4104-PVRPS,0.0974
3780-DDGSE,0.0551
4431-EDMIQ,0.092
0486-LGCCH,0.0048
4612-SSVHJ,0.5516
5168-MQQCA,0.2245
7971-HLVXI,0.0151
9094-AZPHK,0.6965
3649-JPUGY,0.0305
4472-LVYGI,0.4935
3552-CTCYF,0.022
6778-YSNIH,0.6308
5756-OZRIO,0.0954
6579-JPICP,0.2968
4134-BSXLX,0.0838
0505-SPOOW,0.0094
4374-YMUSQ,0.1373
4513-CXYIX,0.0707
3957-HHLMR,0.0633
7803-XOCCZ,0.0392
5736-YEJAX,0.0178
8981-FJGLA,0.3627
1135-LMECX,0.299
4332-MUOEZ,0.1873
8535-SFUTN,0.3737
8677-HDZEE,0.3006
2475-MROZF,0.2373
3482-ABPKK,0.0327
6705-LXORM,0.6926
7531-GQHME,0.1147
5174-ITUMV,0.0731
4109-CYRBD,0.3647
0913-XWSCN,0.0829
0750-EBAIU,0.1006
8606-CIQUL,0.0124
3571-DPYUH,0.0306
7601-GNDYK,0.0018
0356-OBMAC,0.0805
8067-NIOYM,0.0038
1403-GYAFU,0.001
4234-XTNEA,0.7918
1297-VQDRP,0.0538
5348-CAGXB,0.7102
0621-HJWXJ,0.3295
5844-QVTAT,0.0765
8905-IAZPF,0.2196
5394-MEITZ,0.0373
6859-QNXIQ,0.0123
2782-LFZVW,0.3878
2866-IKBTM,0.299
7129-AZJDE,0.0454
2560-PPCHE,0.1613
4676-MQUEA,0.2166
8138-EALND,0.0834
3580-HYCSP,0.0147
1352-HNSAW,0.0145
2075-PUEPR,0.0014
1982-FEBTD,0.0068
5791-KAJFD,0.0949
2654-VBVPB,0.31
1154-HYWWO,0.0303
2501-XWWTZ,0.4017
3716-UVSPD,0.557
6815-ABQFQ,0.2968
7343-EOBEU,0.42
3701-SFMUH,0.0792
6103-LIANB,0.0239
7319-VENRZ,0.2467
5846-NEQVZ,0.0157
6967-QIQRV,0.0754
5781-RFZRP,0.0202
0308-IVGOK,0.1478
7293-LSCDV,0.0021
7025-WCBNE,0.0195
5756-JYOJT,0.096
6030-REHUX,0.6389
9548-LIGTA,0.0229
5150-LJNSR,0.0493
8270-RKSAP,0.5473
6522-YRBXD,0.5455
2640-LYMOV,0.2802
1423-BMPBQ,0.1038
2393-DIVAI,0.2599
4568-KNYWR,0.0211
8752-IMQOS,0.1036
0742-LAFQK,0.0994
0795-LAFGP,0.0336
0619-OLYUR,0.0669
5512-IDZEI,0.0562
0459-SPZHJ,0.0346
0215-BQKGS,0.1982
9244-ZVAPM,0.4572
8208-EUMTE,0.0482
5172-MIGPM,0.3865
1710-RCXUS,0.2374
0374-FIUCA,0.0119
5839-SUYVZ,0.3712
5173-ZXXXL,0.1158
1096-ADRUX,0.0355
2001-MCUUW,0.0923
2731-GJRDG,0.2465
4723-BEGSG,0.0265
6516-NKQBO,0.0307
8672-OAUPW,0.0296
8207-DMRVL,0.0084
2804-ETQDK,0.0032
6689-VRRTK,0.218
7138-GIRSH,0.0274
9396-ZSFLL,0.2336
6464-KEXXH,0.3992
7134-MJPDY,0.1895
5240-CAOYT,0.1825
4059-IIEBK,0.5914
4881-JVQOD,0.1595
0516-UXRMT,0.1325
4851-BQDNX,0.0595
5148-HKFIR,0.0134
3003-CMDUU,0.5944
5016-IBERQ,0.4863
6797-UCJHZ,0.2453
2469-DTSGX,0.0771
9931-KGHOA,0.1419
1775-KWJKQ,0.0219
7665-VIGUD,0.0481
9411-TPQQV,0.1091
7954-MLBUN,0.0751
2077-DDHJK,0.0124
9574-BOSMD,0.0017
4908-XAXAY,0.166
8404-VLQFB,0.0632
2391-IPLOP,0.1529
3509-GWQGF,0.2997
5845-BZZIB,0.0022
1140-UKVZG,0.1137
5183-SNMJQ,0.5641
8100-PNJMH,0.03
7838-LAZFO,0.0822
2085-JVGAD,0.0669
8095-WANWK,0.1759
3030-ZKIWL,0.2925
9565-FLVCG,0.028
8755-OGKNA,0.0017
2800-VEQXM,0.6452
5533-RJFTJ,0.1726
0214-JHPFW,0.0378
5642-MHDQT,0.0383
3088-FVYWK,0.0023
9092-GDZKO,0.1313
3729-OWRVL,0.0716
2324-AALNO,0.028
5760-IFJOZ,0.7412
2826-UWHIS,0.3163
7501-IWUNG,0.04
4957-TREIR,0.3991
7251-LJBQN,0.2462
8040-MNRTF,0.6904
1536-HBSWP,0.6003
5313-FPXWG,0.0407
0946-FKYTX,0.0542
5076-YVXCM,0.2962
8262-COGGB,0.3434
6663-JOCQO,0.1171
9620-QJREV,0.0225
2682-KEVRP,0.0465
2480-JZOSN,0.4848
0078-XZMHT,0.0464
9978-HYCIN,0.0425
8338-QIUNR,0.0219
1525-LNLOJ,0.0552
9450-TRJUU,0.427
1766-GKNMI,0.5581
6942-LBFDP,0.2891
1456-TWCGB,0.29
7596-ZYWBB,0.0097
8329-UTMVM,0.3053
3014-WJKSM,0.3867
3347-YJZZE,0.0562
7929-DMBCV,0.406
9661-JALZV,0.0144
5433-KYGHE,0.2086
4312-KFRXN,0.0096
5575-TPIZQ,0.2769
0114-IGABW,0.0463
9944-AEXBM,0.4677
1853-ARAAQ,0.3856
6952-OMNWB,0.3186
4697-LUPSU,0.1683
8434-VGEQQ,0.0089
6549-YMFAW,0.1998
4950-HKQTE,0.0191
6786-OBWQR,0.3564
2753-JMMCV,0.026
6621-YOBKI,0.1439
1216-JWVUX,0.1137
7564-GHCVB,0.0526
1173-NOEYG,0.4869
7595-EHCDL,0.0736
6647-ZEDXT,0.2396
2521-NPUZR,0.025
1307-TVUFB,0.3192
7503-MIOGA,0.0354
4381-MHQDC,0.0167
6923-JHPMP,0.6838
4018-PPNDW,0.0202
1635-FJFCC,0.3552
2499-AJYUA,0.1131
6919-ELBGL,0.0897
3966-HRMZA,0.5599
6425-JWTDV,0.0098
8405-IGQFX,0.1084
8224-IVVPA,0.1163
9477-LGWQI,0.0324
1410-RSCMR,0.0722
3115-CZMZD,0.1173
0139-IVFJG,0.7429
5730-DBDSI,0.0069
0030-FNXPP,0.194
5684-FJVYR,0.0457
4013-GUXND,0.2925
1266-NZYUI,0.0186
7969-FFOWG,0.0093
4718-DHSMV,0.4141
5175-WLYXL,0.3958
7817-OMJNA,0.0482
8728-SKJLR,0.2421
3137-NYQQI,0.1172
7706-DZNKK,0.1192
8823-RLPWL,0.1027
9505-SQFSW,0.1642
3758-CKOQL,0.1326
5676-CFLYY,0.0281
7521-AFHAB,0.068
0285-INHLN,0.0264
5125-CNDSP,0.0443
4992-LTJNE,0.0165
2202-OUTMO,0.1763
0810-BDHAW,0.229
0229-LFJAF,0.0095
7131-ZQZNK,0.0361
3442-ZHHCC,0.0505
5726-CVNYA,0.0459
9871-ELEYA,0.0137
4257-GAESD,0.5248
5173-WXOQV,0.5679
2040-OBMLJ,0.1288
6286-ZHAOK,0.0412
3807-XHCJH,0.1152
5671-RQRLP,0.086
8859-AXJZP,0.025
3174-AKMAS,0.0341
9926-PJHDQ,0.0633
7382-DFJTU,0.1246
2798-NYLMZ,0.0679
8098-TDCBU,0.0294
3551-GAEGL,0.0962
4785-NKHCX,0.1655
3196-NVXLZ,0.4769
0036-IHMOT,0.0404
4178-EGMON,0.0443
4220-TINQT,0.469
5318-YKDPV,0.0402
7975-TZMLR,0.329
0295-QVKPB,0.3734
4335-BSMJS,0.0107
9146-JRIOX,0.0274
5337-IIWKZ,0.0763
9650-VBUOG,0.0031
3487-EARAT,0.0303
2672-TGEFF,0.1612
4250-WAROZ,0.0989
8184-WMOFI,0.0342
6092-QZVPP,0.1263
4625-LAMOB,0.0069
0392-BZIUW,0.0978
6549-NNDYT,0.3
0422-OHQHQ,0.0641
6916-HIJSE,0.0188
2316-ESMLS,0.1571
9778-OGKQZ,0.0307
7408-OFWXJ,0.0252
6007-TCTST,0.0127
2252-NKNSI,0.0306
8713-IGZSO,0.2864
7905-TVXTA,0.3892
7695-PKLCZ,0.0064
8374-UULRV,0.0151
3224-DFQNQ,0.1135
5275-PMFUT,0.0387
4795-UXVCJ,0.0364
9777-IQHWP,0.0116
0979-MOZQI,0.0531
2732-ISEZX,0.1938
0323-XWWTN,0.0459
1937-OTUKY,0.0734
1573-LGXBA,0.05
1764-VUUMT,0.003
4713-ZBURT,0.0456
3050-GBUSH,0.6387
7876-AEHIG,0.0714
7945-HLKEA,0.0357
9342-VNIMQ,0.1781
3523-BRGUW,0.0397
3199-NPKCN,0.2507
5170-PTRKA,0.0807
4661-NJEUX,0.3684
2123-AGEEN,0.692
1258-YMZNM,0.3296
0048-LUMLS,0.0403
5898-IGSLP,0.0699
6259-WJQLC,0.3646
7997-EASSD,0.1606
0730-KOAVE,0.3558
8975-SKGRX,0.0769
0678-RLHVP,0.1097
2267-FPIMA,0.3726
1051-GEJLJ,0.2246
5285-MVEHD,0.2062
0379-DJQHR,0.0222
5543-QDCRY,0.5153
0297-RBCSG,0.1117
4694-PHWFW,0.0551
0835-JKADZ,0.0869
7508-SMHXL,0.4835
3865-YIOTT,0.0409
5993-BQHEA,0.0513
6024-RUGGH,0.0029
3956-CJUST,0.3158
4079-WWQQQ,0.0294
6103-BOCOU,0.49
5149-TGWDZ,0.2562
7471-WNSUF,0.035
8942-DBMHZ,0.1033
4301-VVZKA,0.671
9199-PWQVC,0.1085
4824-GUCBY,0.2804
5393-HJZSM,0.0164
0862-PRCBS,0.0196
8812-ZRHFP,0.0574
5146-CBVOE,0.3227
0454-OKRCT,0.0475
5787-KXGIY,0.0087
4198-VFOEA,0.1288
6630-UJZMY,0.8621
5709-LVOEQ,0.3553
2692-AQCPF,0.2302
0347-UBKUZ,0.0882
0835-DUUIQ,0.0354
0811-GSDTP,0.2035
7567-ECMCM,0.4255
6115-ZTBFQ,0.0267
6353-BRMMA,0.0932
6231-WFGFH,0.0575
9904-EHEVJ,0.1501
6169-PPETC,0.002
8584-KMVXD,0.447
8467-WYNSR,0.0817
0851-DFJKB,0.1579
5382-SOYZL,0.6421
3261-CQXOL,0.0017
8388-FYNPZ,0.3272
4002-BQWPQ,0.1356
5651-YLPRD,0.1299
2826-DXLQO,0.4149
4378-BZYFP,0.0514
9489-UTFKA,0.3535
4849-PYRLQ,0.0183
7764-BDPEE,0.0996
3429-IFLEM,0.0087
5002-GCQFH,0.3698
0556-FJEGU,0.0144
0604-THJFP,0.0413
5879-SESNB,0.5316
6461-PPAXN,0.068
3318-ISQFQ,0.104
1106-HRLKZ,0.0017
2483-XSSMZ,0.0644
8165-ZJRNM,0.0016
2604-XVDAM,0.2087
3717-OFRTN,0.3366
9046-JBFWA,0.0273
3280-NMUVX,0.0346
1206-EHBDD,0.0442
8361-LBRDI,0.0089
4883-KCPZJ,0.0039
9108-EQPNQ,0.0076
7277-KAMWT,0.0245
2545-LXYVJ,0.007
3234-VKACU,0.5613
8120-JDCAM,0.2257
8917-FAEMR,0.0084
7047-YXDMZ,0.0662
2858-EIMXH,0.3391
6419-ZTTLE,0.1077
0929-HYQEW,0.3343
6614-YOLAC,0.0279
7426-RHZGU,0.5511
4065-JJAVA,0.5465
7649-SIJJF,0.0199
9361-YNQWJ,0.0299
3748-FVMZZ,0.6164
9391-TTOYH,0.0909
1452-XRSJV,0.0161
3422-WJOYD,0.053
8242-SOQUO,0.7276
7460-ITWWP,0.4695
7147-AYBAA,0.2514
7868-TMWMZ,0.0767
6732-FZUGP,0.1165
8329-GWVPJ,0.0625
1352-VHKAJ,0.0656
2632-TACXW,0.0128
8146-QQKZH,0.0188
1767-CJKBA,0.008
6445-TNRXS,0.0132
4581-LNWUM,0.4917
4869-EPIUS,0.2617
1915-OAKWD,0.065
7296-PIXQY,0.132
3354-OADJP,0.0814
3524-WQDSG,0.1582
0810-DHDBD,0.0422
4026-SKKHW,0.3466
2829-HYVZP,0.0394
3845-JHAMY,0.1217
7013-PSXHK,0.1204
3486-NPGST,0.0225
6100-FJZDG,0.0777
4829-ZLJTK,0.1543
1730-VFMWO,0.1225
7143-BQIBA,0.1646
3800-LYTRK,0.0529
9646-NMHXE,0.0105
7030-NJVDP,0.4137
8883-GRDWQ,0.0407
7771-ZONAT,0.0808
2111-DWYHN,0.281
4194-WHFCB,0.0589
4121-AGSIN,0.0454
9845-PEEKO,0.0665
0455-XFASS,0.3748
0301-KOBTQ,0.0169
1751-NCDLI,0.6454
4367-NUYAO,0.0402
9170-ARBTB,0.0247
7241-AJHFS,0.1911
4546-FOKWR,0.5053
9036-CSKBW,0.1605
5832-TRLPB,0.1315
8590-YFFQO,0.0088
8659-IOOPU,0.0077
1338-CECEE,0.1253
7439-DKZTW,0.8404
4646-QZXTF,0.3542
9742-XOKTS,0.0167
6921-OZMFH,0.118
9578-FOMUK,0.1114
4712-UYOOI,0.0227
7722-CVFXN,0.0698
8717-VCTXJ,0.0255
7363-QTBIW,0.7406
4159-NAAIX,0.0816
0971-QIFJK,0.0127
9397-TZSHA,0.0092
3391-JSQEW,0.164
0343-QLUZP,0.0172
2176-LVPNX,0.0198
3312-UUMZW,0.6061
1271-UODNO,0.0319
8461-EFQYM,0.0674
6900-RBKER,0.0855
6891-JPYFF,0.0966
1459-QNFQT,0.0274
1047-NNCBF,0.2795
3696-XRIEN,0.0804
0074-HDKDG,0.1026
8791-GFXLZ,0.255
9330-DHBFL,0.0753
0098-BOWSO,0.1105
3452-ABWRL,0.3683
5859-HZYLF,0.004
3156-QLHBO,0.1362
2208-NQBCT,0.072
1779-PWPMG,0.0971
6621-NRZAK,0.0012
0831-JNISG,0.0011
0774-IFUVM,0.1039
3082-WQRVY,0.0705
9553-DLCLU,0.0553
1641-BYBTK,0.0857
2460-NGXBJ,0.2067
2446-ZKVAF,0.2644
3522-CDKHF,0.3242
1430-SFQSA,0.0515
0411-EZJZE,0.6792
8807-ARQET,0.285
8992-CEUEN,0.3767
4320-QMLLA,0.29
8777-PVYGU,0.0724
8292-ITGYJ,0.0045
6870-ZWMNX,0.0258
0621-CXBKL,0.0064
5268-DSMNQ,0.2286
5334-JLAXU,0.3413
6242-MBHPK,0.6136
9359-UGBTK,0.0323
4782-OSFXZ,0.026
6479-OAUSD,0.03
7129-ACFOG,0.443
4189-NAKJS,0.1257
5562-BETPV,0.2391
1282-IHQAC,0.0824
9127-FHJBZ,0.0159
1641-RQDAY,0.2634
6994-ORCWG,0.1611
1346-UFHAX,0.4514
2933-XEUJM,0.0324
5461-QKNTN,0.5074
4835-YSJMR,0.0215
3164-YAXFY,0.2405
0887-WBJVH,0.2894
4660-IRIBM,0.1223
7670-ZBPOQ,0.0563
8089-UZWLX,0.0816
0080-OROZO,0.2507
3916-NRPAP,0.6131
6807-SIWJI,0.2569
8221-HVAYI,0.0321
5232-NXPAY,0.0206
8967-SZQAS,0.2206
4468-KAZHE,0.4288
0455-ENTCR,0.0363
8944-AILEF,0.163
5542-NKVRU,0.0141
7126-RBHSD,0.5318
5370-IIVVL,0.276
6789-HJBWG,0.3066
9087-EYCPR,0.0106
6791-YBNAK,0.0588
6077-BDPXA,0.7152
0013-MHZWF,0.1971
8268-YDIXR,0.1882
4291-SHSBH,0.5914
6980-IMXXE,0.0016
0040-HALCW,0.0013
0784-GTUUK,0.0465
2294-DMMUS,0.0467
0872-JCPIB,0.2263
3055-MJDSB,0.3562
9091-WTUUY,0.0164
7115-IRDHS,0.0136
8496-DMZUK,0.131
2040-VZIKE,0.4582
9068-VPWQQ,0.0248
0178-SZBHO,0.1072
0384-RVBPI,0.1431
1299-AURJA,0.0017
4525-VZCZG,0.0865
1543-LLLFT,0.1895
2788-CJQAQ,0.0448
0319-QZTCO,0.1626
2120-SMPEX,0.0797
0096-FCPUF,0.2038
0668-OGMHD,0.3128
6507-ZJSUR,0.6889
9408-HRXRK,0.1593
5593-SUAOO,0.0546
6766-HFKLA,0.0959
7617-EYGLW,0.3514
9220-ZNKJI,0.0453
2226-ICFDO,0.0382
0723-VSOBE,0.137
5529-GIBVH,0.0088
9992-UJOEL,0.449
4741-WWJQZ,0.7157
6625-UTXEW,0.4223
6244-BESBM,0.0138
1004-NOZNR,0.062
1251-STYSZ,0.7257
2612-PHGOX,0.0393
8480-PPONV,0.0101
8780-IHCRN,0.002
4598-ZADCK,0.0923
1257-SXUXQ,0.0355
9681-KYGYB,0.3696
7182-OVLBJ,0.0197
5095-ETBRJ,0.0121
7005-CYUIL,0.0624
4821-WQOYN,0.0015
4730-AWNAU,0.117
3452-FLHYD,0.0642
2388-LAESQ,0.0901
9531-NSBMR,0.0336
6260-ONULR,0.6803
4389-UEFCZ,0.1567
8711-LOBKY,0.0014
8985-OOPOS,0.4196
8800-ZKRFW,0.1785
2616-FLVQC,0.0055
9968-FFVVH,0.0246
3108-PCCGG,0.0273
8390-FESFV,0.0264
3022-BEXHZ,0.0165
6248-TKCQV,0.034
6729-GDNGC,0.4248
6198-ZFIOJ,0.6539
5989-OMNJE,0.2392
1291-CUOCY,0.1062
9795-SHUHB,0.012
3230-IUALN,0.0416
0042-RLHYP,0.0016
4945-RVMTE,0.2222
1866-NXPSP,0.0464
3941-XTSKM,0.1803
1661-CZBAU,0.0619
5158-RIVOP,0.0049
9788-YTFGE,0.1597
9277-JOOMO,0.2717
1907-YLNYW,0.3532
8947-YRTDV,0.0236
3161-ONRWK,0.0354
0114-RSRRW,0.2088
4565-NLZBV,0.0194
6682-VCIXC,0.1075
6475-VHUIZ,0.1957
3910-MRQOY,0.0093
0661-WCQNQ,0.0887
7537-RBWEA,0.6757
4656-CAURT,0.0091
0121-SNYRK,0.0456
3733-LSYCE,0.4299
6265-FRMTQ,0.0111
1371-DWPAZ,0.3132
2017-CCBLH,0.0221
7690-KPNCU,0.0829
0536-BGFMZ,0.0852
2293-IJWPS,0.3202
5469-NUJUR,0.0231
2625-TRCZQ,0.4096
4102-HLENU,0.0143
7266-GSSJX,0.0409
7722-VJRQD,0.0311
7073-QETQY,0.0422
5624-RYAMH,0.1925
0196-JTUQI,0.5512
7130-YXBRO,0.4383
9272-LSVYH,0.362
3084-DOWLE,0.0293
1084-MNSMJ,0.0217
4238-HFHSN,0.4133
6250-CGGUN,0.0654
5478-JJVZK,0.1431
7596-IIWYC,0.0186
9793-WECQC,0.3947
4291-HPAXL,0.1434
8999-YPYBV,0.0342
1839-FBNFR,0.0033
3071-MVJCD,0.0193
1697-BCSHV,0.0404
0562-KBDVM,0.0174
1131-SUEKT,0.0342
3717-OEAUQ,0.5887
4538-WNTMJ,0.0409
9432-RUVSL,0.0473
8060-HIWJJ,0.0224
7684-XSZIY,0.0016
9089-UOWJG,0.0945
8039-ACLPL,0.0187
9885-AIBVB,0.5669
1934-MKPXS,0.0349
2592-YKDIF,0.299
2272-JKMSI,0.0665
8714-CTZJW,0.6885
3569-EDBPQ,0.37
3131-NWVFJ,0.0637
7521-YXVZY,0.0964
2373-NTKOD,0.5022
1970-KKFWL,0.0159
9337-SRRNI,0.0064
0895-UADGO,0.0844
5678-VFNEQ,0.2467
5977-CKHON,0.1171
2692-BUCFV,0.4983
1830-GGFNM,0.0052
5302-BDJNT,0.3437
5223-UZAVK,0.1227
4859-ZSRDZ,0.0696
5651-WYIPH,0.2093
9350-VLHMB,0.0792
3498-LZGQZ,0.0019
8785-CJSHH,0.5281
3870-SPZSI,0.0115
7560-QRBXH,0.0175
7077-XJMET,0.5024
8752-GHJFU,0.1305
6896-SRVYQ,0.2346
4652-ODEVH,0.0028
6510-UPNKS,0.0489
6718-BDGHG,0.1277
9046-DQMTP,0.0502
6439-LAJXL,0.2707
9052-VKDUW,0.415
1666-JZPZT,0.154
5777-KJIRB,0.0592
7677-SJJJK,0.1001
2480-EJWYP,0.3603
3253-HKOKL,0.0374
7055-HNEOJ,0.4369
5514-YQENT,0.033
3211-AAPKX,0.5203
8445-DNBAE,0.5909
2958-NHPPS,0.0909
6806-YDEUL,0.1682
1735-XMJVH,0.0362
6890-PFRQX,0.1825
0222-CNVPT,0.2257
5899-OUVKV,0.4773
8681-ICONS,0.0171
1621-YNCJH,0.0993
6362-QHAFM,0.3955
3070-BDOQC,0.0927
6234-PFPXL,0.3671
9824-QCJPK,0.0314
4283-IVYCI,0.1508
1866-OBPNR,0.3056
8205-MQUGY,0.0759
8970-ANWXO,0.1711
9480-BQJEI,0.1367
6979-TNDEU,0.1064
9777-WJJPR,0.4513
9495-SKLKD,0.0983
6048-UWKAL,0.0799
5067-DGXLL,0.218
6281-FKEWS,0.2011
8898-KASCD,0.0587
9242-TKFSV,0.0408
9290-SHCMB,0.6985
0743-HNPFG,0.0484
2277-BKJKN,0.1184
5035-PGZXH,0.2975
8695-WDYEA,0.3737
6543-JXSOO,0.0708
8016-ZMGMO,0.1335
8605-ITULD,0.2868
6416-YJTTB,0.3684
4472-VESGY,0.0494
3195-TQDZX,0.3133
3128-YOVTD,0.0378
1728-CXQBE,0.4928
7041-TXQJH,0.2675
5014-GSOUQ,0.0173
5724-BIDBU,0.1252
0481-SUMCB,0.2979
1769-GRUIK,0.4649
8819-WFGGJ,0.058
7427-AUFPY,0.0065
2811-POVEX,0.1565
7898-PDWQE,0.0159
9972-EWRJS,0.0017
9314-IJWSQ,0.3257
5799-JRCZO,0.0033
1921-KYSAY,0.1088
6198-RTPMF,0.7032
2924-KHUVI,0.342
1925-GMVBW,0.1493
6184-DYUOB,0.3375
9207-ZPANB,0.0507
9327-QSDED,0.2217
1656-DRSMG,0.259
3012-VFFMN,0.03
2984-AFWNC,0.7624
0640-YJTPY,0.0013
8096-LOIST,0.3185
9764-REAFF,0.0113
7107-UBYKY,0.0276
4881-GQJTW,0.0858
7876-DNYAP,0.0011
7905-NJMXS,0.3045
2882-WDTBA,0.0222
2091-GPPIQ,0.0691
5071-FBJFS,0.0984
2796-UUZZO,0.0462
2429-AYKKO,0.0055
9798-OPFEM,0.0146
3794-NFNCH,0.2069
5193-QLVZB,0.094
7114-AEOZE,0.0058
5522-NYKPB,0.0964
9957-YODKZ,0.7894
6518-KZXCB,0.018
2245-ADZFJ,0.0689
7776-QGYJC,0.0526
9313-QOLTZ,0.0597
4672-FOTSD,0.2866
9818-XQCUV,0.234
7338-ERIVA,0.0692
8259-NFJTV,0.0612
3223-DWFIO,0.5995
6968-GMKPR,0.2551
4751-ERMAN,0.0411
1436-ZMJAN,0.4696
3292-PBZEJ,0.6633
0799-DDIHE,0.0649
3070-FNFZQ,0.0035
2812-SFXMJ,0.1434
5014-WUQMG,0.0412
5312-TSZVC,0.0431
0993-OSGPT,0.0489
7108-DGVUU,0.2037
2782-JEEBU,0.1943
5127-BZENZ,0.0861
2720-FVBQP,0.1494
9906-NHHVC,0.0605
4522-XRWWI,0.0924
3766-EJLFL,0.0145
5939-SXWHM,0.0028
8152-UOBNY,0.2601
7351-KYHQH,0.435
7643-RCHXS,0.0022
8246-SHFGA,0.0763
0620-XEFWH,0.0419
6485-QXWWE,0.0037
7321-VGNKU,0.8272
5327-CNLUQ,0.1096
7552-KEYGT,0.0194
5816-JMLGY,0.0307
2927-QRRQV,0.327
6265-SXWBU,0.0268
7941-RCJOW,0.0093
6374-NTQLP,0.0097
2387-KDZQY,0.0621
3584-WKTTW,0.2841
3399-BMLVW,0.012
1971-DTCZB,0.0403
3374-PZLXD,0.0444
3813-DHBBB,0.0302
2812-REYAT,0.0394
6518-PPLMZ,0.0021
4939-KYYPY,0.1726
5930-GBIWP,0.0171
6022-KOUQO,0.193
2361-UPSND,0.0401
6035-RIIOM,0.1197
9504-DSHWM,0.1177
5035-BVCXS,0.412
6267-DCFFZ,0.6363
3533-UVMOM,0.0172
2439-LYPMQ,0.6491
1478-VPOAD,0.5613
9995-HOTOH,0.0515
2988-PLAHS,0.5066
1371-OJCEK,0.028
4999-IEZLT,0.0361
8883-ANODQ,0.0118
2351-RRBUE,0.0929
5980-BDHPY,0.0371
1498-DQNRX,0.0803
9469-WEJBT,0.4461
2581-VKIRT,0.0375
7426-WEIJX,0.0791
2851-MMUTZ,0.113
3307-TLCUD,0.2321
6625-FLENO,0.0103
2967-MXRAV,0.2481
8189-HBVRW,0.2231
4163-KIUHY,0.1192
3500-NSDOA,0.0222
1171-TYKUR,0.1043
3761-FLYZI,0.4672
1219-NNDDO,0.6336
8388-DMKAE,0.0234
4403-BWPAY,0.0845
9659-QEQSY,0.3579
5405-ZMYXQ,0.5827
1442-OKRJE,0.0266
4737-AQCPU,0.014
2808-CHTDM,0.0042
0793-TWELN,0.6961
3283-WCWXT,0.011
1060-ENTOF,0.1429
0999-QXNSA,0.2094
5451-MHQOF,0.0497
4836-WNFNO,0.0114
9225-BZLNZ,0.0491
0354-VXMJC,0.0026
4422-QVIJA,0.0758
9365-SRSZE,0.5063
8332-OSJDW,0.1126
4735-BJKOU,0.009
0274-JKUJR,0.117
5740-YHGTW,0.0558
8917-SZTTJ,0.0012
1696-MZVAU,0.1456
7359-WWYJV,0.0546
4906-ZHGPK,0.1308
3795-GWTRD,0.0161
1298-PHBTI,0.0113
6223-DHJGV,0.0307
6961-MJKBO,0.0095
8158-WPEZG,0.3117
4918-FYJNT,0.2772
0727-BNRLG,0.052
4854-CIDCF,0.6609
3280-MRDOF,0.0539
6435-SRWBJ,0.6766
9964-WBQDJ,0.0141
6303-KFWSL,0.1344
1702-CCFNJ,0.114
8932-CZHRQ,0.0363
0386-CWRGM,0.0015
5515-RUGKN,0.3558
0404-AHASP,0.0089
7279-NMVJC,0.0417
2081-VEYEH,0.7311
6407-UTSLV,0.7754
9060-HJJRW,0.1285
2587-YNLES,0.007
7398-SKNQZ,0.8841
5935-FCCNB,0.7396
1958-RNRKS,0.2834
5136-RGMZO,0.2529
8345-MVDYC,0.0169
8226-BXGES,0.103
9705-IOVQQ,0.0605
1015-OWJKI,0.2726
2040-XBAVJ,0.0096
8887-IPQNC,0.3977
8646-JCOMS,0.1657
1222-KJNZD,0.0148
0106-GHRQR,0.3442
3768-VHXQO,0.0104
8952-WCVCD,0.2372
2418-TPEUN,0.0022
3963-RYFNS,0.0591
8540-ZQGEA,0.0118
1320-REHCS,0.424
4137-JOPHL,0.0639
7801-CEDNV,0.0635
2057-BOYKM,0.0418
3658-QQJYD,0.0499
1803-BGNBD,0.2567
0134-XWXCE,0.0636
6950-TWMYB,0.0096
5848-FHRFC,0.0067
2243-FNMMI,0.068
2511-MORQY,0.0818
5356-KZCKT,0.0139
9470-XCCEM,0.1254
6519-CFDBX,0.578
3902-MIVLE,0.0166
0409-WTMPL,0.2477
8763-KIAFH,0.0632
3669-WHAFY,0.0843
3055-VTCGS,0.0381
3144-KMTWZ,0.3959
2007-QVGAW,0.002
5207-PLSTK,0.1613
2307-FYNNL,0.101
5605-XNWEN,0.0212
2155-AMQRX,0.1705
6181-AXXYF,0.0015
5091-HFAZW,0.7719
2519-LBNQL,0.3832
8623-ULFNQ,0.3165
1568-LJSZU,0.0333
7789-HKSBS,0.3558
7416-CKTEP,0.0132
2586-CWXVV,0.1885
2348-KCJLT,0.0557
8401-EMUWF,0.0361
4193-IBKSW,0.0021
5377-NDTOU,0.0197
2474-LCNUE,0.3829
0839-QNXME,0.012
3506-OVLKD,0.035
6650-VJONK,0.5802
2178-PMGCJ,0.335
7492-TAFJD,0.0953
2773-MADBQ,0.0324
6016-LVTJQ,0.0117
7860-KSUGX,0.0174
8966-KZXXA,0.0027
5149-QYTTU,0.0184
2070-XYMFH,0.4177
2085-BOJKI,0.4676
0817-HSUSE,0.7117
5442-PPTJY,0.0043
1927-QEWMY,0.0068
1663-MHLHE,0.2925
5663-QBGIS,0.1122
4450-MDZFX,0.0543
6701-DHKWQ,0.0344
7554-AKDQF,0.3489
0794-YVSGE,0.0011
5423-BHIXO,0.2316
6908-VVYHM,0.4635
2959-EEXWB,0.0671
1839-UMACK,0.038
3030-YDNRM,0.6589
7321-KKSDU,0.0052
3402-XRIUO,0.2106
8286-AFUYI,0.5092
8356-WUAOJ,0.7289
8058-DMYRU,0.4223
9350-ZXYJC,0.0684
8958-JPTRR,0.0486
6959-GQEGV,0.1862
3173-WSSUE,0.0015
1265-HVPZB,0.0429
4115-UMJFQ,0.0649
7369-TRPFD,0.0346
1098-KFQEC,0.0016
7190-XHTWJ,0.0238
3537-RYBHH,0.1659
5296-BFCYD,0.0024
9359-JANWS,0.0115
3279-DYZQM,0.001
0523-VNGTF,0.2115
9575-IWCAZ,0.1393
7105-MXJLL,0.1119
7064-FRRSW,0.3521
7940-UQQUG,0.042
3961-SXAXY,0.556
7010-BRBUU,0.0015
3566-HJGPK,0.5693
3062-ICYZQ,0.0912
9938-PRCVK,0.0018
0973-KYVNF,0.0224
5129-HHMZC,0.0352
9637-CDTKZ,0.0806
3946-JEWRQ,0.3798
7873-CVMAW,0.016
0463-WZZKO,0.251
4524-QCSSM,0.2241
5832-EXGTT,0.0365
2039-JONDJ,0.0473
7217-JYHOQ,0.0317
6695-FRVEC,0.0127
9894-QMIMJ,0.0661
8069-YQQAJ,0.319
1636-NTNCO,0.6363
3466-WAESX,0.2208
9281-PKKZE,0.4254
3638-VBZTA,0.0258
7459-IMVYU,0.0821
8563-OYMQY,0.4789
0754-EEBDC,0.0087
5777-ZPQNC,0.0726
1951-IEYXM,0.0347
3318-NMQXL,0.8262
1022-RKXDR,0.0461
2361-FJWNO,0.0529
2272-UOINI,0.3531
8232-UTFOZ,0.0056
3750-YHRYO,0.0981
6637-KYRCV,0.1902
5668-MEISB,0.0061
0129-QMPDR,0.0417
7188-CBBBA,0.2048
5356-CSVSQ,0.5343
3221-CJMSG,0.143
3219-JQRSL,0.03
2801-NISEI,0.1128
4623-ZKHLY,0.1536
6732-VAILE,0.0494
8201-AAXCB,0.0677
7696-CFTAT,0.002
1845-CSBRZ,0.1559
2123-VSCOT,0.0522
2018-QKYGT,0.5221
2792-VPPET,0.3133
7409-JURKQ,0.2955
3247-MHJKM,0.2726
1964-SVLEA,0.046
7297-DVYGA,0.0252
2239-CGBUZ,0.0439
0854-UYHZD,0.0052
7243-LCGGZ,0.2814
8267-KFGYD,0.1894
4890-VMUAV,0.0328
9261-WDCAF,0.4175
3764-MNMOI,0.0074
7442-YGZFK,0.649
8229-BUJHX,0.0011
7449-HVPIV,0.0943
5504-WSIUR,0.0989
8466-PZBLH,0.009
8735-IJJEG,0.26
0564-MUUQK,0.1491
0701-RFGFI,0.1439
0019-EFAEP,0.062
5619-PTMIK,0.1765
3737-XBQDD,0.424
5882-CMAZQ,0.1138
5846-QFDFI,0.0645
4445-KWOKW,0.0625
3511-APPBJ,0.2818
7967-HYCDE,0.417
2430-RRYUW,0.0272
3723-BFBGR,0.1719
5447-WZAFP,0.169
5110-CHOPY,0.0423
4425-OWHWB,0.0513
7892-QVYKW,0.2067
9675-ICXCT,0.0365
4703-MQYKT,0.0129
5692-ICXLW,0.4857
0602-DDUML,0.0136
2208-MPXIO,0.0029
1960-UYCNN,0.7027
3190-FZATL,0.0448
7336-RLLRH,0.1338
7710-JSYOA,0.0162
9885-MFVSU,0.0627
0607-MVMGC,0.1277
3365-SAIGS,0.5523
8022-BECSI,0.0299
9993-LHIEB,0.0121
0266-CLZKZ,0.0195
7020-OZKXZ,0.4193
3977-QCRSL,0.1472
0017-DINOC,0.0207
7639-OPLNG,0.0221
1492-QGCLU,0.0352
7328-OWMOM,0.0248
4418-LZMSV,0.0353
5155-AZQPB,0.0425
1087-GRUYI,0.0139
2546-KZAAT,0.0891
0181-RITDD,0.0063
5989-PGKJB,0.5383
8272-ONJLV,0.4029
1488-PBLJN,0.0122
0308-GIQJT,0.118
3778-FOAQW,0.0495
4452-ROHMO,0.0164
3090-LETTY,0.2362
5349-AZPEW,0.128
9720-JJJOR,0.0717
8100-HZZLJ,0.0638
8775-ERLNB,0.8816
8309-IEYJD,0.7466
7398-HPYZQ,0.027
3546-GHEAE,0.0241
7361-YPXFS,0.144
6557-BZXLQ,0.4059
2550-QHZGP,0.0573
7519-JTWQH,0.0827
2538-OIMXF,0.4499
8543-MSDMF,0.5727
1170-SASML,0.3172
4872-JCVCA,0.0255
5346-BZCHP,0.0012
2038-LLMLM,0.4626
1216-BGTSP,0.3033
4138-NAXED,0.2141
0744-BIKKF,0.016
7483-IQWIB,0.171
5248-KWLAR,0.0336
7996-MHXLW,0.01
7833-PKIHD,0.0821
7061-OVMIM,0.0501
5153-RTHKF,0.4438
1852-QSWCD,0.0029
4832-VRBMR,0.3014
9079-LWTFD,0.1647
3392-EHMNK,0.0087
5986-WWXDV,0.0226
3061-BCKYI,0.0841
7901-TBKJX,0.4835
7228-PAQPD,0.1123
7746-QYVCO,0.12
5804-HYIEZ,0.0921
9919-FZDED,0.0479
5934-TSSAU,0.0953
3486-KHMLI,0.0432
6784-XYJAE,0.0916
3933-DQPWX,0.0185
6661-EIPZC,0.0341
8957-THMOA,0.0029
2251-PYLPB,0.0176
5555-RNPGT,0.0685
1057-FOGLZ,0.0788
8087-LGYHQ,0.6796
4137-BTIKL,0.6885
2190-BCXEC,0.3528
6227-FBDXH,0.2225
2911-WDXMV,0.2787
7206-PQBBZ,0.6242
4547-FZJWE,0.0505
7422-WNBTY,0.5724
0842-IWYCP,0.0864
3521-HTQTV,0.0138
3744-ZBHON,0.2496
3373-DIUUN,0.0026
8383-SGHJU,0.0597
7607-QKKTJ,0.0464
7707-PYBBH,0.0648
8984-HPEMB,0.0662
4139-DETXS,0.0327
9779-DPNEJ,0.1577
9805-FILKB,0.0497
5793-YOLJN,0.0017
0673-IGUQO,0.281
4123-FCVCB,0.235
8819-IMISP,0.4262
8311-UEUAB,0.0695
5858-EAFCZ,0.462
1163-ONYEY,0.0362
5656-MJEFC,0.029
6082-OQFBA,0.0492
8974-OVACP,0.301
4010-YLMVT,0.3067
1379-FRVEB,0.4411
8612-GXIDD,0.0096
6288-CHQJB,0.0171
8160-HOWOX,0.5387
6648-INWPS,0.028
4223-BKEOR,0.0738
4079-VTGLK,0.1165
1763-WQFUK,0.3527
1391-UBDAR,0.4208
8894-JVDCV,0.1283
2023-VQFDL,0.1033
1345-GKDZZ,0.066
2014-MKGMH,0.351
5628-FCGYG,0.5792
2560-WBWXF,0.0117
0248-IPDFW,0.721
7978-DKUQH,0.5082
4335-UPJSI,0.0053
1784-EZDKJ,0.3183
9297-FVVDH,0.0498
8007-YYPWD,0.0332
7101-HRBLJ,0.0217
6635-CPNUN,0.4737
5453-YBTWV,0.0062
5039-LZRQT,0.0456
2931-VUVJN,0.1728
6418-PIQSP,0.0219
8220-OCUFY,0.0785
3995-WFCSM,0.5576
1895-QTKDO,0.4629
2038-OEQZH,0.664
1178-PZGAB,0.0458
2626-VEEWG,0.0016
2878-RMWXY,0.0772
1657-DYMBM,0.01
7311-MQJCH,0.1164
7375-WMVMT,0.0541
1136-XGEQU,0.1289
2530-FMFXO,0.0315
6844-DZKRF,0.4295
5970-GHJAW,0.0018
8879-XUAHX,0.1098
3689-MOZGR,0.2438
4195-PNGZS,0.0022
5003-XZWWO,0.0307
7622-FWGEW,0.0332
6922-NCEDI,0.0231
9891-NQDBD,0.0541
6131-IUNXN,0.0181
8548-AWOFC,0.1399
9798-DRYDS,0.1703
8532-UEFWH,0.0025
6296-DDOOR,0.1414
7951-VRDVK,0.0498
4815-YOSUK,0.0208
0380-NEAVX,0.2895
4365-MSDYN,0.2193
7036-TYDEC,0.0851
5802-ADBRC,0.2601
8076-FEZKJ,0.0448
5197-YPYBZ,0.0078
4312-GVYNH,0.0346
8495-LJDFO,0.2588
0839-JTCUD,0.0289
5494-WOZRZ,0.0263
1302-UHBDD,0.5324
2234-EOFPT,0.0208
8619-IJNDK,0.0102
8378-LKJAF,0.1536
1153-GNOLC,0.1903
3298-QEICA,0.047
0788-DXBFY,0.0459
3597-YASZG,0.1176
3496-LFSZU,0.6877
5242-UOWHD,0.0017
6479-SZPLM,0.0019
8097-VBQTZ,0.0593
4500-HKANN,0.0401
9917-KWRBE,0.1148
3420-ZDBMA,0.5585
2212-LYASK,0.1983
1393-IMKZG,0.8638
8069-RHUXK,0.0169
3398-GCPMU,0.0413
2908-WGAXL,0.0029
3378-AJRAO,0.0567
1013-QCWAM,0.5377
6050-FFXES,0.1047
0362-RAOQO,0.0101
9554-DFKIC,0.0355
5527-ACHSO,0.22
0829-DDVLK,0.0467
1399-UBQIU,0.4246
1813-JLKWR,0.022
0336-PIKEI,0.0146
7322-OCWHC,0.0515
9537-VHDTA,0.2792
4957-TIALW,0.0557
2054-PJOCK,0.0737
9150-HEPMB,0.0233
9030-QGZNL,0.0234
3126-WQMGH,0.2285
7176-WRTNX,0.06
5732-IKGQH,0.1905
9239-GZHZE,0.075
7205-BAIAD,0.0152
0093-EXYQL,0.4698
8064-RAVOH,0.4907
0219-QAERP,0.0381
9168-INPSZ,0.5343
0015-UOCOJ,0.3423
5334-AFQJB,0.0113
2754-SDJRD,0.6861
8963-JLGJT,0.1768
1465-LNTLJ,0.3755
2135-DQWAQ,0.5818
4056-QHXHZ,0.0102
7401-JIXNM,0.0331
9339-FIIJL,0.0325
4706-DGAHW,0.5683
6670-MFRPK,0.0145
6177-PEVRA,0.011
4813-HQMGZ,0.7758
7579-KKLOE,0.0339
8402-EIVQS,0.1687
4947-DSMXK,0.1932
7245-NIIWQ,0.7141
0002-ORFBO,0.2112
3324-OIRTO,0.0278
5414-OFQCB,0.0697
4967-WPNCF,0.0286
8552-OBVRU,0.0832
8499-BRXTD,0.0357
9154-QDGTH,0.0621
8197-BFWVU,0.0376
2577-GVSIL,0.2031
9367-OIUXP,0.1553
6770-UAYGJ,0.0023
6463-HHXJR,0.0084
7928-VJYAB,0.2187
1187-WILMM,0.0325
9776-OJUZI,0.2968
1306-RPWXZ,0.0039
3097-PYWXL,0.0817
2266-SJNAT,0.1584
0869-PAPRP,0.5226
4238-JSSWH,0.5566
2972-YDYUW,0.1418
1104-FEJAM,0.0798
2809-ILCYT,0.0964
5499-ECUTN,0.0922
4981-FLTMF,0.011
9121-PHQSR,0.6565
3113-IWHLC,0.2974
4277-BWBML,0.0013
0234-TEVTT,0.0144
4304-TSPVK,0.0611
1552-AAGRX,0.3183
2637-FKFSY,0.5003
9796-MVYXX,0.0398
7874-ECPQJ,0.135
0020-INWCK,0.0132
7089-RKVSZ,0.1152
2683-JXWQQ,0.0191
9548-ZMVTX,0.0075
8739-XNIKG,0.7724
9755-JHNMN,0.0093
3981-QSVQI,0.1552
2789-HQBOU,0.7758
9424-CMPOG,0.005
5067-WJEUN,0.0025
3450-WXOAT,0.1095
9251-WNSOD,0.0553
6974-DAFLI,0.0355
2616-UUTFK,0.2876
7064-JHXCE,0.0015
7989-AWGEH,0.0472
4373-VVHQL,0.6296
4559-UWIHT,0.6573
7268-IGMFD,0.4007
6650-BWFRT,0.0721
9570-KYEUA,0.0316
6993-YGFJV,0.0887
2712-SYWAY,0.5413
0730-BGQGF,0.0031
5498-IBWPI,0.0069
9101-NTIXF,0.2338
0013-SMEOE,0.0627
9314-QDMDW,0.2245
9308-ANMVE,0.0543
3413-DHLPB,0.0993
7649-PHJVR,0.0505
6114-TCFID,0.0544
3787-TRIAL,0.1052
2573-GYRUU,0.4747
5156-UMKOW,0.2798
1247-QBVSH,0.0163
6734-GMPVK,0.7416
9822-OAOVB,0.7102
6161-ERDGD,0.0129
1226-JZNKR,0.1232
7318-EIVKO,0.5215
3771-PZOBW,0.5074
8231-BSWXX,0.1053
6486-LHTMA,0.5158
4083-BFNYK,0.2131
7389-KBFIT,0.257
7176-WIONM,0.6429
5141-ZUVBH,0.2201
1089-HDMKP,0.1279
7623-HKYRK,0.0628
0310-SUCIN,0.0635
5197-PYEPU,0.0454
6619-RPLQZ,0.0015
3275-RHRNE,0.0358
3503-TYDAY,0.369
6901-GOGZG,0.0151
7021-XSNYE,0.0163
9621-OUPYD,0.0725
8982-NHAVY,0.3863
4307-KWMXE,0.2794
0141-YEAYS,0.4213
2450-ZKEED,0.0861
3694-DELSO,0.1344
3893-JRNFS,0.1713
9603-OAIHC,0.8304
1133-KXCGE,0.0377
0142-GVYSN,0.1135
1049-FYSYG,0.3905
8406-LNMHF,0.1089
1821-BUCWY,0.0211
0023-UYUPN,0.0551
8314-DPQHL,0.1296
1465-WCZVT,0.0448
9481-SFCQY,0.1998
6360-SVNWV,0.2656
0567-GGCAC,0.2401
8884-MRNSU,0.0768
2171-UDMFD,0.0172
9050-IKDZA,0.6889
9802-CAQUT,0.0109
0187-WZNAB,0.0439
1475-VWVDO,0.5691
1357-MVDOZ,0.0879
7602-MVRMB,0.0127
1197-BVMVG,0.7643
5406-KGRMX,0.01
5968-HYJRZ,0.0021
5198-EFNBM,0.2775
7516-GMHUV,0.1463
7140-ADSMJ,0.1484
2230-XTUWL,0.0016
7706-YLMQA,0.0139
2585-KTFRE,0.3126
7994-UYIVZ,0.7535
7717-BICXI,0.0012
6559-RAKOZ,0.0753
4716-MRVEN,0.0294
2143-LJULT,0.0172
3200-MNQTF,0.012
6164-HXUGH,0.0333
5630-IXDXV,0.4805
0320-DWVTU,0.0242
9135-MGVPY,0.0234
1212-GLHMD,0.6216
7878-JGDKK,0.2945
1088-AUUZZ,0.0041
6614-YWYSC,0.017
9588-OZDMQ,0.6747
6476-EPYZR,0.0238
1174-FGIFN,0.0999
6620-HVDUJ,0.0699
1032-MAELW,0.0154
7641-TQFHN,0.0408
1552-TKMXS,0.0621
8622-ZLFKO,0.7966
6188-UXBBR,0.0458
2333-KWEWW,0.0157
5702-SKUOB,0.2411
1134-YWTYF,0.2133
6061-GWWAV,0.0249
0679-TDGAK,0.0125
6585-WCEWR,0.0015
9067-YGSCA,0.0186
9067-SQTNS,0.0046
1776-SPBWV,0.0092
8735-SDUFN,0.013
9668-PUGNU,0.0207
9405-GPBBG,0.0816
1926-QUZNN,0.0168
7016-NVRIC,0.2024
5829-NVSQN,0.1166
9565-AXSMR,0.0014
8869-LIHMK,0.062
0447-RXSGD,0.5331
4927-WWOOZ,0.9079
5788-YPOEG,0.0043
0661-KBKPA,0.0223
9081-WWXKP,0.0019
0784-ZQJZX,0.0027
3133-PZNSR,0.0081
0722-SVSFK,0.6759
3612-YVGSJ,0.0198
9825-YCXWZ,0.2411
5397-NSKQG,0.0054
8565-HBFNN,0.135
2000-DHJUY,0.0426
8670-ERCJH,0.0423
7758-UJWYS,0.0147
2050-ONYDQ,0.0023
7055-JCGNI,0.0535
0739-UUAJR,0.0076
4826-DXMUP,0.0475
7285-KLOTR,0.3388
0654-PQKDW,0.0084
7175-NTIXE,0.176
7963-SHNDT,0.0125
9796-BPKIW,0.4843
0188-GWFLE,0.2187
8129-GMVGI,0.0013
2882-DDZPG,0.1082
3547-LQRIK,0.057
9137-NOQKA,0.3108
5843-TTHGI,0.2012
1849-RJYIG,0.3497
8868-GAGIO,0.28
4061-UKJWL,0.3334
5380-XPJNZ,0.0238
8263-QMNTJ,0.091
3230-JCNZS,0.0124
0277-ORXQS,0.0069
7996-BPXHY,0.0103
3227-WLKLI,0.0043
2266-FUBDZ,0.004
8237-ULIXL,0.0114
8216-AZUUZ,0.0252
9153-BTBVV,0.0121
5186-PEIZU,0.0504
1074-AMIOH,0.0792
4361-FEBGN,0.0072
7748-UMTRK,0.391
0380-ZCSBI,0.092
7145-FEJWU,0.6051
6463-MVYRY,0.0097
3969-JQABI,0.1417
9624-EGDEQ,0.0096
1051-EQPZR,0.008
5849-ASHZJ,0.0164
5780-INQIK,0.2183
4526-ZJJTM,0.4521
8384-FZBJK,0.1419
3750-RNQKR,0.0992
0962-CQPWQ,0.0015
3096-YXENJ,0.1102
1265-BCFEO,0.0486
5837-LXSDN,0.0296
5945-AZYHT,0.2623
8325-QRPZR,0.5921
6384-VMJHP,0.0114
2262-SLNVK,0.7561
7730-CLDSV,0.0125
1135-HIORI,0.0575
0164-APGRB,0.0723
6481-ESCNL,0.4609
1790-NESIO,0.0333
1550-EENBN,0.4332
8198-RKSZG,0.0736
9297-EONCV,0.0247
1069-QJOEE,0.0096
7799-DSEWS,0.2464
8766-PAFNE,0.0281
5315-CKEQK,0.0371
3130-ICDUP,0.4569
0820-FNRNX,0.0514
0880-FVFWF,0.2309
4611-ANLQC,0.1043
4213-HKBJO,0.0157
2792-LSHWX,0.6129
0014-BMAQU,0.0536
9018-PCIOK,0.0219
4837-QUSFT,0.1405
9953-ZMKSM,0.0079
0907-HQNTS,0.0891
7665-NKLAV,0.0049
4391-LNRXK,0.3359
8250-ZNGGW,0.1915
8562-GHPPI,0.2893
5893-PYOLZ,0.0238
4986-MXSFP,0.306
6131-FOYAS,0.1532
3027-YNWZU,0.0153
5609-IMCGG,0.4266
4727-MCYZG,0.5192
9481-WHGWY,0.0028
4328-VUFWD,0.0715
3301-LSLWQ,0.2216
7473-ZBDSN,0.0046
3166-PNEOF,0.0182
5639-NTUPK,0.0988
8780-YRMTT,0.0147
5140-FOMCQ,0.241
6242-SGYTS,0.0325
8166-ORCHU,0.2164
8414-OOEEL,0.0119
8454-AATJP,0.0397
4531-AUZNK,0.0281
4191-XOVOM,0.2609
2150-OEGBV,0.0377
1855-CFULU,0.1704
4878-BUNFV,0.0016
1872-EBWSC,0.0296
7026-YMSBE,0.0243
6997-UVGOX,0.0025
9674-EHPPG,0.0242
5440-VHLUL,0.1877
5781-BKHOP,0.0659
5213-TWWJU,0.3208
8628-MFKAX,0.0872
7629-WIXZF,0.243
5445-GLVOT,0.2008
3976-HXHCE,0.0063
2466-NEJOJ,0.029
0254-KCJGT,0.0732
5472-CVMDX,0.0124
6461-SZMCV,0.0262
8150-QUDFX,0.2232
9508-ILZDG,0.4361
2346-DJQTB,0.2072
1697-LYYYX,0.0033
1942-OQFRW,0.5573
9640-ZSLDC,0.0112
4231-LZUYM,0.012
6128-AQBMT,0.4582
3594-BDSOA,0.0448
5133-VRSAB,0.223
5996-DAOQL,0.3684
6838-YAUVY,0.0764
0484-JPBRU,0.0859
7883-ROJOC,0.2134
0244-LGNFY,0.0045
7274-CGTOD,0.0191
4295-YURET,0.0049
4635-EJYPD,0.0025
1866-ZSLJM,0.0681
4636-TVXVG,0.0033
4236-UJPWO,0.6089
9392-XBGTD,0.0052
6402-SSEJG,0.1784
1169-SAOCL,0.2114
1110-KYLGQ,0.2292
9929-PLVPA,0.0929
3518-PZXZQ,0.7047
2371-JUNGC,0.0909
7693-QPEFS,0.3146
0924-BJCRC,0.3852
5074-FBGHB,0.1933
2351-BKRZW,0.0066
4455-BFSPD,0.2201
3948-KXDUF,0.011
2323-ARSVR,0.0783
0815-MFZGM,0.1151
5480-XTFFL,0.0025
8295-FHIVV,0.1642
9086-YJYXS,0.0323
1179-INLAT,0.1535
7909-FIOIY,0.0756
6351-SCJKT,0.3516
5468-BPMMO,0.0767
0197-PNKNK,0.0182
2439-QKJUL,0.1477
1194-SPVSP,0.3083
9534-NSXEM,0.0393
8929-KSWIH,0.089
2250-IVBWA,0.0284
1810-MVMAI,0.0223
9506-UXUSK,0.5247
1229-RCALF,0.2498
3572-UOLYZ,0.1363
1429-UYJSV,0.0572
6366-XIVKZ,0.0715
3470-OBUET,0.0031
2770-NSVDG,0.3402
9375-MHRRS,0.1938
4860-YZGZM,0.1235
6599-GZWCM,0.2585
5533-NHFRF,0.5091
7037-MTYVW,0.0095
4760-THGOT,0.4669
4016-BJKTZ,0.1468
6584-VQMYT,0.0169
9838-BFCQT,0.0018
2790-XUYMV,0.0418
0581-MDMPW,0.494
1023-BQXZE,0.0237
9163-GHAYE,0.2093
3904-UKFRE,0.7015
5353-WILCI,0.1113
0058-EVZWM,0.3558
7009-PCARS,0.0086
0519-DRGTI,0.0167
1017-FBQMM,0.0495
1985-MBRYP,0.0111
9372-TXXPS,0.0115
3259-QMXUN,0.0666
1015-JPFYW,0.0278
6645-MXQJT,0.3947
4360-QRAVE,0.1965
8433-WPJTV,0.0472
5804-JMYIO,0.0019
6484-LATFU,0.0074
7599-NTMDP,0.0039
0536-ACXIP,0.1357
0936-NQLJU,0.0144
1575-KRZZE,0.3085
3251-YMVWZ,0.0247
4884-LEVMQ,0.0229
8857-CUPFQ,0.0089
7610-TVOPG,0.2054
3638-DIMPH,0.1864
1845-ZLLIG,0.5316
8559-WNQZS,0.0704
1699-UOTXU,0.0113
0635-WKOLD,0.0902
5993-JSUWV,0.0141
4518-FZBSX,0.0047
5387-ASZNZ,0.037
6988-CJEYV,0.4187
3097-FQTVJ,0.0098
5465-BUBFA,0.0019
7299-GNVPL,0.0361
9743-DQKQW,0.5381
1215-VFYVK,0.3577
9371-BITHB,0.0017
9093-FPDLG,0.5064
0541-FITGH,0.5944
6985-HAYWX,0.4143
7508-KBIMB,0.0161
6838-HVLXG,0.1039
2277-DJJDL,0.5002
1897-OKVMW,0.0052
5485-ITNPC,0.0229
0233-FTHAV,0.1574
4644-PIZRT,0.0407
8922-NPKBJ,0.002
2740-TVLFN,0.6909
7771-CFQRQ,0.004
9512-PHSMG,0.1823
6963-EZQEE,0.0344
2452-KDRRH,0.3931
4146-SVFUD,0.4837
1564-HJUVY,0.4196
3617-XLSGQ,0.014
7517-LDMPS,0.5921
7244-KXYZN,0.0322
5226-NOZFC,0.471
1400-WIVLL,0.131
8148-NLEGT,0.0044
8347-GDTMP,0.0086
6746-WAUWT,0.0512
0428-IKYCP,0.5267
2187-PKZAY,0.5745
4003-OCTMP,0.1247
6652-YFFJO,0.4429
7225-IILWY,0.0015
5248-RPYWW,0.0057
7923-IYJWY,0.0611
3170-GWYKC,0.2194
9830-ECLEN,0.0102
2668-TZSPS,0.2726
7446-SFAOA,0.0499
9522-ZSINC,0.0864
8234-GSZYK,0.0134
6505-OZNPG,0.1311
6164-HAQTX,0.0155
7765-LWVVH,0.0142
1658-TJVOA,0.5524
0953-LGOVU,0.0574
4692-NNQRU,0.2361
7742-MYPGI,0.0744
9619-GSATL,0.0415
5622-UEJFI,0.005
0674-DGMAQ,0.6173
6203-HBZPA,0.0223
0484-FFVBJ,0.1261
0301-FIDRB,0.007
4139-JPIAM,0.1287
2181-TIDSV,0.0016
2761-XECQW,0.5373
1936-CZAKF,0.0621
9453-PATOS,0.0148
4402-FTBXC,0.145
2931-XIQBR,0.0283
0106-UGRDO,0.0991
5542-TBBWB,0.8143
1930-QPBVZ,0.0045
2606-PKWJB,0.0228
5322-ZSMZY,0.0039
8059-UDZFY,0.3693
7740-BTPUX,0.1774
5220-AGAAX,0.0024
0208-BPQEJ,0.0242
9435-JMLSX,0.0238
3352-ALMCK,0.4543
5312-IRCFR,0.0644
5294-IMHHT,0.1768
6176-YJWAS,0.0704
5310-NOOVA,0.0104
4526-EXKKN,0.0202
5311-IHLEI,0.3253
3987-KQDDU,0.4061
3404-JNXAX,0.0794
5131-PONJI,0.0698
3489-VSFRD,0.03
3345-JHUEO,0.2793
5815-HGGHV,0.1153
5260-UMPWX,0.0181
5649-RXQTV,0.4002
2674-MIAHT,0.6791
2576-HXMPA,0.2953
7587-AOVVU,0.0828
6898-MDLZW,0.1953
4707-YNOQA,0.0116
9357-UJRUN,0.1317
8648-PFRMP,0.5833
7663-CUXZB,0.0924
0258-NOKBL,0.6743
1163-VIPRI,0.016
9348-ROUAI,0.0041
9443-JUBUO,0.005
3043-TYBNO,0.334
4830-FAXFM,0.0718
5906-BFOZT,0.3603
2960-NKRSO,0.3416
8996-ZROXE,0.0537
5598-IKHQQ,0.0065
0397-ZXWQF,0.0064
5266-PFRQK,0.0058
4674-HGNUA,0.0039
6765-MBQNU,0.0637
9786-IJYDL,0.0863
1303-SRDOK,0.0099
3769-MHZNV,0.0024
6295-OSINB,0.1316
3308-MHOOC,0.1894
2207-QPJED,0.3575
4177-JPDFU,0.2249
2239-CFOUJ,0.0437
8046-DNVTL,0.0229
2209-XADXF,0.6292
6620-JDYNW,0.1763
4770-UEZOX,0.7412
1038-RQOST,0.0173
4568-TTZRT,0.1036
9513-DXHDA,0.089
0516-QREYC,0.1005
8084-OIVBS,0.0502
8896-BQTTI,0.4372
3865-QBWSJ,0.1421
3352-RICWQ,0.0049
2160-GPFXD,0.0036
2065-MMKGR,0.1868
5857-TYBCJ,0.5925
1498-NHTLT,0.0057
1402-PTHGN,0.0137
4176-RELJR,0.0092
5199-FPUSP,0.0299
6377-KSLXC,0.1491
1796-JANOW,0.2381
0238-WHBIQ,0.0031
8735-NBLWT,0.0504
6651-RLGGM,0.0015
1614-JBEBI,0.1559
5696-EXCYS,0.0144
5795-KTGUD,0.1055
7924-GJZFI,0.5233
4702-HDRKD,0.047
8512-WIWYV,0.024
5897-ZYEKH,0.3102
5456-ITGIC,0.0402
1406-PUQVY,0.4501
9114-AAFQH,0.1309
8715-KKTFG,0.2624
1728-BQDMA,0.4812
5117-ZSMHQ,0.0034
5151-HQRDG,0.2012
0960-HUWBM,0.02
6465-GSRCL,0.0976
0263-FJTQO,0.0055
7319-ZNRTR,0.0096
7503-EPSZW,0.0024
7089-XXAYG,0.2557
8070-AAWZP,0.2313
1666-JXLKU,0.5712
7855-DIWPO,0.4367
5133-POWUA,0.5432
5652-MSDEY,0.5217
1810-BOHSY,0.2124
1784-BXEFA,0.1275
7351-MHQVU,0.2552
9224-VTYID,0.0074
9500-IWPXQ,0.016
5762-TJXGK,0.0443
4504-YOULA,0.0341
5569-IDSEY,0.2863
7284-ZZLOH,0.0192
1777-JYQPJ,0.5159
3401-URHDA,0.0295
1599-EAHXY,0.005
8631-XVRZL,0.0773
3853-LYGAM,0.4911
5751-USDBL,0.0036
5680-LQOGP,0.0139
8189-DUKMV,0.1492
9931-DCEZH,0.0331
1898-JSNDC,0.0794
0315-LVCRK,0.4889
3911-RSNHI,0.0593
2410-CIYFZ,0.119
5505-OVWQW,0.0375
7271-AJDTL,0.4212
1867-TJHTS,0.2019
6860-YRJZP,0.6513
4429-WYGFR,0.1013
2817-LVCPP,0.0079
5038-ETMLM,0.0865
5056-FIMPT,0.062
4521-WFJAI,0.0137
6569-KTMDU,0.2814
8809-XKHMD,0.0551
0396-YCHWO,0.6593
0867-LDTTC,0.3791
9391-DXGGG,0.1132
9844-FELAJ,0.0566
2122-SZZZD,0.0192
3148-AOIQT,0.0146
8395-ETZKQ,0.0041
6692-YQHXC,0.4042
3889-VWBID,0.0027
5222-JCXZT,0.1668
9754-CLVZW,0.0229
2739-CCZMB,0.0825
7080-TNUWP,0.2086
0496-AHOOK,0.1011
8336-TAVKX,0.0251
2468-SJFLM,0.688
3181-VTHOE,0.105
7168-HDQHG,0.0133
4567-AKPIA,0.0715
7901-HXJVA,0.4191
5924-IFQTT,0.1245
7968-QUXNS,0.1306
8903-WMRNW,0.6101
2452-SNHFZ,0.1337
3629-WEAAM,0.2331
6029-CSMJE,0.2839
7993-NQLJE,0.0695
9909-DFRJA,0.1615
9099-FTUHS,0.1533
0581-BXBUB,0.5946
4962-CHQPW,0.0139
9467-ROOLM,0.061
5150-ITWWB,0.8724
2253-KPMNB,0.0023
1345-ZUKID,0.0516
6429-SHBCB,0.2971
9281-OFDMF,0.3764
2603-HVKCG,0.4998
1834-WULEG,0.0068
9097-ZUBYC,0.2149
5148-ORICT,0.0178
4893-GYUJU,0.023
4578-PHJYZ,0.0149
7272-QDCKA,0.3568
8908-SLFCJ,0.0194
9766-HGEDE,0.0609
6968-MHOMU,0.1752
5044-XDPYX,0.0142
1814-WFGVS,0.0026
3721-WKIIL,0.0175
6734-CKRSM,0.1993
1265-ZFOSD,0.0219
6568-POCUI,0.1059
5197-LQXXH,0.0432
3457-PQBYH,0.0013
7682-AZNDK,0.1252
5384-ZTTWP,0.0213
3745-HRPHI,0.0062
7636-OWBPG,0.3549
1231-YNDEK,0.0097
1407-DIGZV,0.0118
0570-BFQHT,0.4702
4393-OBCRR,0.0969
8564-LDKFL,0.3716
3696-DFHHB,0.0075
4717-GHADL,0.0377
5501-TVMGM,0.695
5879-HMFFH,0.0259
6772-WFQRD,0.0168
3810-DVDQQ,0.0123
6972-SNKKW,0.1378
3694-GLTJM,0.207
8550-XSXUQ,0.1216
9055-MOJJJ,0.0047
4359-INNWN,0.0416
0585-EGDDA,0.3596
4032-RMHCI,0.0137
0549-CYCQN,0.1628
3481-JHUZH,0.4519
3594-IVHJZ,0.2984
6869-FGJJC,0.0624
3896-ZVNET,0.004
8205-VSLRB,0.0194
5960-MVTUK,0.5659
6817-WTYHE,0.4148
3082-VQXNH,0.5626
4931-TRZWN,0.4013
0750-EKNGL,0.1222
7669-LCRSD,0.0889
3567-PQTSO,0.0918
8043-PNYSD,0.0014
9938-EKRGF,0.1682
2703-AMTUL,0.0068
0928-JMXNP,0.719
8173-RXAYP,0.003
4825-XJGDM,0.0265
5402-HTOTQ,0.2548
6734-JDTTV,0.0015
7850-THJMU,0.0031
3890-RTCMS,0.1669
3717-FDJFU,0.0197
3665-JATSN,0.4604
7966-YOTQW,0.2705
8853-TZDGH,0.0807
4324-BZCKL,0.0566
6924-TDGMT,0.0857
1536-YHDOE,0.0216
8123-QBNAZ,0.1312
3629-ZNKXA,0.6428
4827-LTQRJ,0.0316
7711-YIJWC,0.0072
5482-VXSXJ,0.4734
7365-BVCJH,0.7555
9620-ENEJV,0.4708
2378-YIZKA,0.0036
0689-DSXGL,0.0255
6818-DJXAA,0.3408
0464-WJTKO,0.0016
8902-ZEOVF,0.004
6778-EICRF,0.0253
2662-NNTDK,0.0184
4132-KALRO,0.7376
2874-YXVVA,0.402
1245-HARPS,0.0269
4323-ELYYB,0.0096
4293-ETKAP,0.0077
6064-PUPMC,0.0089
6504-VBLFL,0.0221
6322-PJJDJ,0.1589
0330-BGYZE,0.2437
1085-LDWAM,0.0052
7586-ZATGZ,0.4466
7197-VOJMM,0.0194
1843-TLSGD,0.0046
9626-VFRGG,0.2662
7075-BNDVQ,0.3396
9143-CANJF,0.0273
7284-BUYEC,0.5992
2041-JIJCI,0.6172
4900-MSOMT,0.0032
2229-VWQJH,0.1736
9194-GFVOI,0.0441
1336-EZFZY,0.1676
4282-MSACW,0.1308
1403-LKLIK,0.0047
0136-IFMYD,0.1297
5144-TVGLP,0.4812
9643-AVVWI,0.2542
0253-ZTEOB,0.0081
2706-QZIHY,0.0464
6061-PQHMK,0.0373
6137-MFAJN,0.1863
9122-UMROB,0.2925
4232-JGKIY,0.3643
2402-TAIRZ,0.1484
9659-ZTWSM,0.2386
9139-TWBAS,0.1561
6685-GBWJZ,0.0308
2195-VVRJF,0.3024
3913-RDSJZ,0.0114
4203-QGNZA,0.0301
5043-TRZWM,0.7578
9494-BDNNC,0.2315
1640-PLFMP,0.814
5366-OBVMR,0.2234
7644-OMVMY,0.0264
4573-JKNAE,0.0124
9817-APLHW,0.178
8380-MQINP,0.0016
0840-DFEZH,0.6884
8690-ZVLCL,0.0037
1125-SNVCK,0.0852
0384-LPITE,0.0998
4616-EWBNJ,0.044
1335-HQMKX,0.3238
2545-EBUPK,0.8714
6923-AQONU,0.0029
2172-EJXVF,0.2767
4536-PLEQY,0.5507
7029-IJEJK,0.0477
8871-JLMHM,0.0443
5447-VYTKW,0.0704
3623-FQBOX,0.0934
8659-HDIYE,0.0842
3474-BAFSJ,0.0613
3865-ZFZIB,0.0165
1855-AGAWH,0.4164
7109-CQYUZ,0.0292
1370-GGAWX,0.2645
4680-KUTAJ,0.3309
5307-UVGNB,0.0352
2883-ILGWO,0.3354
3642-BYHDO,0.0012
9629-NHXFW,0.1106
2696-RZVZW,0.0135
5766-FTRTS,0.0161
0396-HUJBP,0.2325
8879-ZKJOF,0.0712
6285-FTQBF,0.0014
1474-JUWSM,0.0869
3530-CRZSB,0.1257
8498-XXGWA,0.1006
9617-INGJY,0.7513
0621-TSSMU,0.0229
7234-KMNRQ,0.1611
7636-PEPNS,0.0104
4683-WYDOU,0.1276
9052-DHNKM,0.087
6794-HKIAJ,0.1619
5578-NKCXI,0.0235
1642-HMARX,0.0506
3096-WPXBT,0.0357
8434-PNQZX,0.0553
5950-AAAGJ,0.4915
4299-OPXEJ,0.0087
9618-LFJRU,0.1665
6693-DJWTY,0.0205
0744-GKNGE,0.0409
6447-EGDIV,0.0279
1167-OYZJF,0.0114
4806-DXQCE,0.0996
4854-SSLTN,0.0136
5294-DMSFH,0.1343
4837-PZTIC,0.0183
0603-OLQDC,0.162
3272-VUHPV,0.05
4176-FXYBO,0.4272
1063-DHQJF,0.0088
8663-UPDGF,0.2192
6719-FGEDO,0.051
1837-YQUCE,0.033
0369-ZGOVK,0.0492
9919-KNPOO,0.7627
7872-BAAZR,0.0036
9391-LMANN,0.0517
8174-TBVCF,0.0313
1698-XFZCI,0.2155
1877-HKBQX,0.0746
4450-DLLMH,0.7137
0428-AXXLJ,0.0556
2746-DIJLO,0.0815
3508-VLHCZ,0.0045
4086-ATNFV,0.0118
0468-YRPXN,0.3721
5996-NRVXR,0.1363
3739-YBWAB,0.0808
7047-FWEYA,0.3789
2000-MPKCA,0.2369
9762-YAQAA,0.1248
5473-KHBPS,0.0491
0100-DUVFC,0.3448
5397-TUPSH,0.1656
8950-MTZNV,0.5693
0326-VDYXE,0.388
6773-LQTVT,0.0625
0436-TWFFZ,0.0208
8566-YPRGL,0.3621
6609-MXJHJ,0.0045
2669-OIDSD,0.3756
8400-WZICQ,0.0131
9576-SYUHJ,0.435
0410-IPFTY,0.4684
2831-EBWRN,0.4732
9430-NKQLY,0.002
0247-SLUJI,0.0814
9402-ORRAH,0.6756
6483-OATDN,0.0588
1293-HHSHJ,0.0217
4840-ORQXB,0.3906
3982-DQLUS,0.0667
8610-ZIKJJ,0.0334
3756-VNWDH,0.3286
7801-KICAO,0.5549
7673-LPRNY,0.2227
6060-QBMGV,0.0091
7339-POGZN,0.4853
2828-SLQPF,0.2158
4465-VDKIQ,0.3698
2921-XWDJH,0.4495
2558-BUOZZ,0.1372
9257-AZMTZ,0.0018
0003-MKNFE,0.3524
0975-UYDTX,0.1658
4682-BLBUC,0.1061
0975-VOOVL,0.4439
5968-VXZLG,0.5083
5201-FRKKS,0.205
9799-CAYJJ,0.8305
5443-SCMKX,0.2858
8295-KMENE,0.0058
6738-ISCBM,0.1695
9821-BESNZ,0.1967
3678-MNGZX,0.0012
1335-NTIUC,0.4635
2916-BQZLN,0.4653
4558-CGYCZ,0.1553
2368-GAKKQ,0.057
8710-YGLWG,0.5432
3199-XGZCY,0.6503
3785-KTYSH,0.0093
6814-ZPWFQ,0.026
4063-EIKNQ,0.0209
6993-YCOBK,0.0181
5206-HPJKM,0.1397
8393-JMVMB,0.281
5019-GQVCR,0.4912
6036-TTFYU,0.1216
2550-AEVRU,0.0077
0969-RGKCU,0.0053
0378-CJKPV,0.0589
2880-FPNAE,0.8385
1703-MGIAB,0.2608
4311-QTTAI,0.0435
4318-RAJVY,0.0749
3612-YUNGG,0.0157
2254-DLXRI,0.7936
5062-CJJKH,0.0134
9028-LIHRP,0.0044
1053-MXTTK,0.0089
1530-ZTDOZ,0.1933
1301-LOPVR,0.0237
0853-TWRVK,0.0421
6212-ATMLK,0.5078
8200-LGKSR,0.0385
1568-BEKZM,0.0246
0670-ANMUU,0.0655
6897-RWMUB,0.0023
6999-CHVCF,0.0548
6134-KWTBV,0.009
1077-HUUJM,0.4337
0895-LNKRC,0.0136
2045-BMBTJ,0.2875
8417-GSODA,0.0927
5171-EPLKN,0.0125
4452-QIIEB,0.2382
6741-EGCBI,0.3823
7820-ZYGNY,0.1097
9677-AVKED,0.0606
2227-JRSJX,0.3913
9847-HNVGP,0.0372
6696-YDAYZ,0.0034
8980-WQFWL,0.2085
1730-ZMAME,0.4504
6506-EYCNH,0.0179
4634-JLRJT,0.3621
9501-UKKNL,0.242
2560-QTSBS,0.0057
4795-WRNVT,0.0861
6080-TCMYC,0.1119
7860-UXCRM,0.0021
6357-JJPQT,0.7645
2292-XQWSV,0.0207
9552-TGUZV,0.5222
5913-INRQV,0.1461
9643-YBLUR,0.531
8734-FNWVH,0.0587
9447-YPTBX,0.0387
9026-LHEVG,0.4074
7011-CVEUC,0.4966
6185-TASNN,0.5498
7925-PNRGI,0.0195
1552-CZCLL,0.0078
3038-PQIUY,0.1332
9313-CDOGY,0.0137
8148-BPLZQ,0.1596
2623-DRYAM,0.3483
9987-LUTYD,0.0581
4488-KQFDT,0.278
5693-PIPCS,0.0701
0491-KAPQG,0.5066
1925-LFCZZ,0.1714
8039-EQPIM,0.0352
8707-RMEZH,0.0898
3209-ZPKFI,0.0346
6479-VDGRK,0.0026
9373-WSLOY,0.3533
3569-JFODW,0.0032
9819-FBNSV,0.3661
9544-PYPSJ,0.0787
1591-XWLGB,0.0069
0396-UKGAI,0.081
3243-ZHOHY,0.0459
5186-EJEGL,0.1991
7527-QNRUS,0.0069
2203-GHNWN,0.5247
3878-AVSOQ,0.8265
3258-SYSWS,0.0438
5296-PSYVW,0.0144
6319-QSUSR,0.0487
0512-FLFDW,0.364
0487-CRLZF,0.0297
2107-FBPTK,0.5988
9451-WLYRI,0.0289
8219-VYBVI,0.0057
1991-VOPLL,0.1035
9738-QLWTP,0.1089
1016-DJTSV,0.576
9419-IPPBE,0.067
0174-QRVVY,0.002
5699-BNCAS,0.0109
2900-PHPLN,0.0151
8106-GWQOK,0.0735
8751-EDEKA,0.3214
6878-GGDWG,0.0863
4039-PIMHX,0.0224
8450-LUGUK,0.0044
3604-WLABM,0.2128
0795-GMVQO,0.1736
2259-OUUSZ,0.2066
1142-IHLOO,0.1382
4633-MKHYU,0.6131
6257-RJOHI,0.3062
1545-JFUML,0.1148
7826-VVKWT,0.0521
1353-GHZOS,0.1612
2587-EKXTS,0.452
5442-BXVND,0.0169
9753-OYLBX,0.299
2364-UFROM,0.0465
6656-JWRQX,0.535
6473-ULUHT,0.0762
7688-AWMDX,0.0112
2842-BCQGE,0.298
7244-QWYHG,0.1108
5312-UXESG,0.3905
2150-WLKUW,0.1245
7159-FVYPK,0.251
7032-LMBHI,0.071
6088-BXMRG,0.2153
4821-SJHJV,0.1211
7346-MEDWM,0.3125
1137-DGOWI,0.0751
3812-LRZIR,0.0047
9483-GCPWE,0.0237
4227-OJHAL,0.0115
9220-CXRSC,0.0027
4993-JCRGJ,0.3204
9537-JALFH,0.0012
6698-OXETB,0.0175
2103-ZRXFN,0.5841
3724-BSCVH,0.0118
4877-TSOFF,0.0135
9209-NWPGU,0.0396
7306-YDSOI,0.0028
5288-AHOUP,0.6048
0655-YDGFJ,0.118
8468-EHYJA,0.5208
6823-SIDFQ,0.0266
1097-FSPVW,0.0725
8328-SKJNO,0.0327
7010-ZMVBF,0.016
5201-CBWYG,0.0049
6352-GIGGQ,0.0587
3635-QQRQD,0.0088
2897-DOVND,0.7451
3082-YVEKW,0.01
0191-EQUUH,0.0137
7134-HBPBS,0.0879
3489-HHPFY,0.8959
2926-JEJJC,0.0851
4950-BDEUX,0.3124
5789-LDFXO,0.0664
0508-OOLTO,0.4317
2984-TBYKU,0.008
9822-WMWVG,0.3135
9040-KZVWO,0.1357
1548-ARAGG,0.1178
6339-RZCBJ,0.0194
4415-WNGVR,0.2962
2522-AHJXR,0.3733
0412-UCCNP,0.0182
1816-FLZDK,0.519
7096-UCLNH,0.2726
4615-PIVVU,0.017
8885-QSQBX,0.4464
8617-ENBDS,0.6617
9385-NXKDA,0.0445
0430-IHCDJ,0.3631
6674-KVJHG,0.1012
1814-DKOLC,0.1862
9351-HXDMR,0.0872
3537-HPKQT,0.3523
2129-ALKBS,0.0308
5821-MMEIL,0.0095
1309-XGFSN,0.0435
6968-URWQU,0.1034
4742-TXUEX,0.0021
9631-XEYKE,0.4456
1335-MXCSE,0.0035
8873-TMKGR,0.0249
8800-JOOCF,0.5011
1469-LBJQJ,0.5018
0064-YIJGF,0.1387
2386-OWURY,0.3259
0310-VQXAM,0.0942
3453-RTHJQ,0.6113
6278-FEPBZ,0.1035
4280-DLSHD,0.3329
1508-DFXCU,0.6265
7868-BGSZA,0.1984
2800-QQUSO,0.4613
7973-DZRKH,0.0182
7698-YFGEZ,0.2925
9773-PEQBZ,0.5048
0650-BWOZN,0.4655
7785-RDVIG,0.0543
9602-WCXPI,0.0162
2903-YYTBW,0.2307
3620-MWJNE,0.3485
8573-JGCZW,0.0556
6837-HAEVO,0.0306
6701-YVNQG,0.0349
4304-XUMGI,0.0068
9504-YAZWB,0.0061
8819-ZBYNA,0.094
6174-NRBTZ,0.0778
9481-IEBZY,0.3328
6137-NICCO,0.2918
9065-ZCPQX,0.0178
6402-EJMWF,0.4208
3620-EHIMZ,0.0017
3213-VVOLG,0.0374
6870-ECSHE,0.1384
8747-UDCOI,0.0091
4626-OZDTJ,0.1381
9169-BSVIN,0.4051
8194-PEEBY,0.0072
6872-HXFNF,0.0557
7714-YXSMB,0.5805
8387-UGUSU,0.0184
1080-BWSYE,0.0112
1194-HVAIF,0.578
1767-TGTKO,0.1167
8439-LTUGF,0.1269
8805-JNRAZ,0.3757
6418-HNFED,0.0324
0206-OYVOC,0.0022
7291-CDTMJ,0.3878
7128-GGCNO,0.2427
0237-YFUTL,0.3905
7691-KGKGP,0.0157
6710-HSJRD,0.4317
3675-EQOZA,0.1555
0840-DCNZE,0.0523
1732-FEKLD,0.2012
9862-KJTYK,0.1602
0479-HMSWA,0.0797
5854-KSRBJ,0.0015
0365-BZUWY,0.7624
5701-SVCWR,0.2311
3129-AAQOU,0.0048
4922-CVPDX,0.0928
1357-BIJKI,0.4173
1099-BTKWT,0.1797
2018-PZKMU,0.2207
7340-KEFQE,0.0034
4570-QHXHL,0.3372
7392-YYPYJ,0.6315
2223-GDSHL,0.0125
9470-RTWDV,0.0352
2176-OSJUV,0.0142
9348-YVOMK,0.3711
8104-OSKWT,0.5765
4521-YEEHE,0.6689
4090-KPJIP,0.7819
3786-WOVKF,0.2428
2592-HODOV,0.0448
7995-ZHHNZ,0.0723
3824-RHKVR,0.0779
5816-SCGFC,0.29
5989-AXPUC,0.0514
4979-HPRFL,0.0021
8590-OHDIW,0.0051
8015-IHCGW,0.0182
2332-TODQS,0.0286
9278-VZKCD,0.4899
8008-OTEZX,0.0045
2773-OVBPK,0.119
5999-LCXAO,0.5192
5206-XZZQI,0.1408
4803-LBYPN,0.0109
2139-FQHLM,0.2801
8261-GWDBQ,0.1054
1093-YSWCA,0.0228
3882-IYOIJ,0.011
8749-TZYEC,0.0096
1755-FZQEC,0.0195
3115-JPJDD,0.125
5600-KTXFM,0.2543
6339-TBELP,0.0421
7964-YESJC,0.1827
6173-GOLSU,0.5033
9938-ZREHM,0.1063
7950-XWOVN,0.2428
4647-MUZON,0.6101
9702-AIUJO,0.0116
8849-PRIQJ,0.0452
8851-RAGOV,0.1587
5396-IZEPB,0.1156
1729-VLAZJ,0.0402
8285-ABVLB,0.0085
0701-TJSEF,0.2142
5712-VBOXD,0.2199
6629-LADHQ,0.351
1559-DTODC,0.3077
4797-MIWUM,0.0473
8720-RQSBJ,0.5804
4537-CIBHB,0.0103
4324-AHJKS,0.2113
4355-CVPVS,0.035
4495-LHSSK,0.0655
5915-ANOEI,0.0169
9861-PDSZP,0.0732
7225-CBZPL,0.8013
6704-UTUKK,0.5497
2019-HDCZY,0.1392
8788-DOXSU,0.0591
7404-JLKQG,0.5275
7421-ZLUPA,0.3639
3274-NSDWE,0.0047
2632-IVXVF,0.0096
3692-JHONH,0.4226
8915-NNTRC,0.0116
5914-GXMDA,0.0383
7463-IFMQU,0.0093
2920-RNCEZ,0.3893
2541-YGPKE,0.0082
5382-TEMLV,0.0983
3441-CGZJH,0.0232
9592-ERDKV,0.141
4778-IZARL,0.0535
0432-CAJZV,0.6889
7008-LZVOZ,0.0023
1200-TUZHR,0.6767
9365-CSLBQ,0.0028
5884-FBCTL,0.0016
7130-CTCUS,0.2685
6242-FEGFD,0.0313
6194-HBGQN,0.0522
7634-WSWDB,0.33
6986-IXNDM,0.6481
2987-BJXIK,0.0237
9769-TSBZE,0.0064
1395-WSWXR,0.0116
6023-GSSXW,0.0279
6752-APNJL,0.0143
0420-HLGXF,0.5691
7446-KQISO,0.0271
9823-EALYC,0.0042
0582-AVCLN,0.0082
5803-NQJZO,0.0197
2607-DHDAK,0.0015
1073-XXCZD,0.0148
0743-HRVFF,0.034
4006-HKYHO,0.0195
3727-JEZTU,0.2814
8143-ETQTI,0.0042
9667-TKTVZ,0.4666
3657-COGMW,0.2666
8570-KLJYJ,0.0529
7754-IXRMC,0.4939
9473-CBZOP,0.0649
2969-WGHQO,0.0391
4334-HOWRP,0.0334
5863-OOKCL,0.0919
1686-STUHN,0.0208
1329-VHWNP,0.3518
0266-GMEAO,0.0102
5574-NXZIU,0.0245
0019-GFNTW,0.0138
4256-ZWTZI,0.1783
8309-PPCED,0.1009
4098-NAUKP,0.0842
5196-WPYOW,0.0034
4608-LCIMN,0.0646
1485-YDHMM,0.0685
4054-CUMIA,0.026
0603-TPMIB,0.0019
2525-GVKQU,0.0063
8161-QYMTT,0.7755
9581-GVBXT,0.0098
5862-BRIXZ,0.0455
5404-GGUKR,0.4034
3308-JSGML,0.0545
2126-GSEGL,0.048
0440-QEXBZ,0.1495
2434-EEVDB,0.073
6762-QVYJO,0.0049
6199-IWKGC,0.3421
2675-DHUTR,0.5574
8152-VETUR,0.1315
7446-YPODE,0.2042
9522-BNTHX,0.418
4676-WLUHT,0.0227
7980-MHFLQ,0.0019
0757-WCUUZ,0.0062
1629-DQQVB,0.1573
0374-AACSZ,0.4916
4872-VXRIL,0.0388
9140-CZQZZ,0.0273
3423-HHXAO,0.0155
9938-TKDGL,0.011
0531-ZZJWQ,0.4545
6537-QLGEX,0.4366
2688-BHGOG,0.6346
3160-TYXLT,0.1447
1325-USMEC,0.0764
0916-QOFDP,0.4204
5606-AMZBO,0.5834
6199-IPCAO,0.0038
5640-CAXOA,0.1371
2235-EZAIK,0.0196
3847-BAERP,0.1361
1453-RZFON,0.2415
8263-OKETD,0.269
0670-KDOMA,0.3534
2476-YGEFM,0.3925
8687-BAFGU,0.697
0641-EVBOJ,0.4884
0829-XXPLX,0.3674
9974-JFBHQ,0.1077
6624-JDRDS,0.3308
0608-JDVEC,0.0164
9780-FKVVF,0.3284
1919-RTPQD,0.091
5214-NLTIT,0.0156
3345-PBBFH,0.3778
5055-BRMNE,0.01
2190-PHBHR,0.0817
2650-GYRYL,0.0082
5208-FVQKB,0.0119
7184-LRUUR,0.1087
6627-CFOSN,0.2402
3982-JGSFD,0.0392
1574-DYCWE,0.0018
7247-XOZPB,0.0633
2466-FCCPT,0.0103
6211-WWLTF,0.0505
4826-TZEVA,0.1783
6016-NXBNJ,0.0341
9138-EFSMO,0.0512
4632-XJMEX,0.0088
8910-LEDAG,0.3034
3452-GWUIN,0.7747
2716-GFZOR,0.2137
3724-UCSHY,0.0321
8626-XHBIE,0.0079
3192-LNKRK,0.0971
4439-YRNVD,0.2781
2208-UGTGR,0.3878
3005-TYFRD,0.5009
8670-MEFCP,0.0084
3079-BCHLN,0.0284
7777-UNYHB,0.0367
7278-CKDNC,0.4955
8450-UYIBU,0.3353
2969-VAPYH,0.0167
7181-OQCUT,0.4254
8474-UMLNT,0.1527
3836-FZSDJ,0.0153
9142-XMYJH,0.0548
0187-QSXOE,0.8027
7733-UDMTP,0.3114
2649-HWLYB,0.0255
5214-CHIWJ,0.0256
6904-JLBGY,0.0572
2465-BLLEU,0.3603
1685-VAYJF,0.1819
8874-EJNSR,0.0024
6917-YACBP,0.2596
5049-MUBWG,0.0649
4223-WOZCM,0.3968
0769-MURVM,0.0043
9253-VIFJQ,0.043
7030-FZTFM,0.01
9741-YLNTD,0.6596
5917-RYRMG,0.0268
5120-ZBLAI,0.1531
1194-BHJYC,0.0486
0906-QVPMS,0.0624
1905-OEILC,0.2868
7858-GTZSP,0.6764
6248-BSHKG,0.0033
4685-TFLLS,0.0084
3470-BTGQO,0.0666
1209-VFFOC,0.004
8224-DWCKX,0.5711
4553-DVPZG,0.5569
6917-IAYHD,0.3266
8620-RJPZN,0.3682
7572-KPVKK,0.0529
2642-MAWLJ,0.0026
7103-ZGVNT,0.0063
2027-WKXMW,0.469
7137-NAXML,0.0426
2428-ZMCTB,0.092
2961-VNFKL,0.0159
1768-HNVGJ,0.1867
6963-KQYQB,0.0015
5934-RMPOV,0.4209
1207-BLKSA,0.0026
8316-BBQAY,0.0234
1166-PQLGG,0.0013
3146-JTQHR,0.092
4291-YZODP,0.0325
4395-PZMSN,0.6914
6427-FEFIG,0.0143
0017-IUDMW,0.0118
8706-HRADD,0.2493
9955-QOPOY,0.1154
4385-ZKVNW,0.0213
5446-DKWYW,0.0285
9031-ZVQPT,0.1382
2990-IAJSV,0.0169
8107-KNCIM,0.7089
9027-YFHQJ,0.2273
5176-LDKUH,0.1086
4644-OBGFZ,0.0037
7926-IJOOU,0.298
6480-YAGIY,0.094
4029-HPFVY,0.631
7602-DBTOU,0.0076
5345-BMKWB,0.1522
5457-COLHT,0.0027
5451-YHYPW,0.0689
7998-WNZEM,0.0116
4664-NJCMS,0.0626
0307-BCOPK,0.0459
7629-WFGLW,0.122
2542-HYGIQ,0.3202
5016-LIPDW,0.0036
6481-LXPWL,0.0182
6124-ACRHJ,0.299
9362-MWODR,0.0531
9975-GPKZU,0.0019
9625-RZFUK,0.0011
5153-LXKDT,0.0219
5161-UBZXI,0.0073
1020-JPQOW,0.2532
7919-ZODZZ,0.0408
0565-JUPYD,0.0685
6867-ACCZI,0.0094
5939-XAIXZ,0.2639
9054-FOWNV,0.2426
8207-VVMYB,0.0156
9732-EQMWY,0.439
5269-NRGDP,0.0193
6195-MELTI,0.0307
2121-JAFOM,0.0836
8818-DOPVL,0.5149
1227-UDMZR,0.0361
5198-HQAEN,0.049
2167-FQSTQ,0.0503
2819-GWENI,0.0054
3572-UUHRS,0.0207
2692-PFYTJ,0.4767
5955-EPOAZ,0.1784
6821-JPCDC,0.3536
8815-LMFLX,0.0298
9135-HSWOC,0.0017
8582-KRHPJ,0.1219
5811-IWXYM,0.0625
7044-YAACC,0.7713
8189-XRIKE,0.4503
1506-YJTYT,0.004
4123-DVHPH,0.7201
2228-BZDEE,0.0069
2789-CZANW,0.0099
7596-LDUXP,0.3072
3740-RLMVT,0.0368
2192-OZITF,0.0154
5651-CPDND,0.1954
2186-QZEYA,0.1817
1131-ALZWV,0.0532
7729-XBTWX,0.0015
9134-WYRVP,0.0874
3284-SVCRO,0.02
9732-OUYRN,0.0305
0559-CKHUS,0.0218
2931-SVLTV,0.0761
7504-UWHNB,0.3251
2582-FFFZR,0.4886
8908-NMQTX,0.0263
1431-AIDJQ,0.006
6288-LBEAR,0.2599
8413-YNHNV,0.0139
5808-TOTXO,0.0814
4369-NYSCF,0.0635
6333-YDVLT,0.1218
5324-KTGCG,0.0293
5599-HVLTW,0.5772
7394-LWLYN,0.7621
6873-UDNLD,0.1214
2700-LUEVA,0.298
0958-YHXGP,0.5123
1101-SSWAG,0.4943
5743-KHMNA,0.0084
4194-FJARJ,0.0027
5325-UWTWJ,0.3119
3969-GYXEL,0.3663
9208-OLGAQ,0.5747
3244-CQPHU,0.0627
2674-MLXMN,0.3446
9708-HPXWZ,0.424
6992-TKNYO,0.1032
4468-YDOVK,0.1743
5792-JALQC,0.0204
2200-DSAAL,0.0503
4302-ZYFEL,0.0038
9351-LZYGF,0.1191
4366-CTOUZ,0.0637
1518-OMDIK,0.1937
6671-NGWON,0.1245
0595-ITUDF,0.052
1955-IBMMB,0.0096
0096-BXERS,0.5299
3806-YAZOV,0.1993
7998-ZLXWN,0.1208
6253-WRFHY,0.0816
9133-AYJZG,0.5272
2675-OTVVJ,0.5186
8680-CGLTP,0.0605
8430-TWCBX,0.0267
5018-GWURO,0.4356
6741-QRLUP,0.0185
4737-HOBAX,0.0334
0537-QYZZN,0.1612
3340-QBBFM,0.0651
8200-KLNYW,0.1156
3372-CDXFJ,0.0178
4781-ZXYGU,0.1311
7632-YUTXB,0.007
2718-YSKCS,0.0019
9896-UYMIE,0.1253
0853-NWIFK,0.2071
8212-CRQXP,0.5357
6980-CDGFC,0.0352
7691-XVTZH,0.0997
2520-SGTTA,0.0306
2277-VWCNI,0.4502
1088-CNNKB,0.0508
1930-BZLHI,0.0443
5868-YTYKS,0.1894
3525-DVKFN,0.015
1482-OXZSY,0.4601
0377-JBKKT,0.0224
5778-BVOFB,0.2925
3373-YZZYM,0.0817
0228-MAUWC,0.2136
7663-YJHSN,0.0633
4915-BFSXL,0.003
3086-RUCRN,0.1989
5215-LNLDJ,0.1686
7576-JMYWV,0.1074
0257-KXZGU,0.0341
1307-ATKGB,0.4868
3714-XPXBW,0.1507
1850-AKQEP,0.0519
2824-DXNKN,0.0065
5227-JSCFE,0.0166
0848-ZGQIJ,0.6827
3621-CHYVB,0.201
8042-RNLKO,0.0226
5372-FBKBN,0.0374
0420-TXVSG,0.0265
6217-TOWGS,0.5417
1045-LTCYT,0.0292
1544-JJMYL,0.0493
4636-JGAAI,0.4515
6874-SGLHU,0.266
5951-AOFIH,0.1561
3059-NGMXB,0.0574
8652-YHIYU,0.1571
5278-PNYOX,0.0518
3486-HOOGQ,0.0033
5061-PBXFW,0.0154
8630-FJLIB,0.4664
3891-NLXJB,0.0221
4749-OJKQU,0.7535
0577-WHMEV,0.5238
5453-AXEPF,0.5903
3639-XJHKQ,0.0994
3716-LRGXK,0.1172
2263-SFSQZ,0.0029
9950-MTGYX,0.0037
3397-AVTKU,0.042
4825-FUREZ,0.019
2672-OJQZP,0.4837
3134-DSHVC,0.0408
7821-DPRQE,0.374
2001-EWBQU,0.0981
1608-GMEWB,0.464
6695-AMZUF,0.0148
8410-BGQXN,0.1668
1619-YWUBB,0.0204
7611-YKYTC,0.0615
0365-GXEZS,0.417
0082-OQIQY,0.4314
3606-SBKRY,0.2602
0667-NSRGI,0.1203
6893-ODYYE,0.0708
8242-JSVBO,0.3151
9541-ZPSEA,0.0047
2665-NPTGL,0.7067
1139-WUOAH,0.0314
4693-VWVBO,0.2546
6937-GCDGQ,0.0208
0988-JRWWP,0.596
5075-JSDKI,0.0138
8644-XYTSV,0.2604
3873-WOSBC,0.0136
7465-ZZRVX,0.8143
7975-JMZNT,0.0255
7251-XFOIL,0.2526
4116-IQRFR,0.0323
8259-DZLIZ,0.0125
0442-ZXKVS,0.2436
7853-WNZSY,0.3554
3120-FAZKD,0.003
8606-OEGQZ,0.0121
0225-ZORZP,0.7054
9489-JMTTN,0.0035
0575-CUQOV,0.2941
0967-BMLBD,0.0151
2830-LEWOA,0.0178
5006-MXVRN,0.0086
8327-WKMIE,0.0215
6917-FIJHC,0.0143
5329-KRDTM,0.02
7797-EJMDP,0.1973
3530-VWVGU,0.0166
6368-NWMCE,0.138
3633-CDBUW,0.0688
0707-HOVVN,0.0277
3956-MGXOG,0.4634
9274-UARKJ,0.5332
4077-HWUYD,0.0047
0103-CSITQ,0.272
8671-KKKOS,0.2244
7305-ZWMAJ,0.0381
9518-XXBXE,0.469
6578-KRMAW,0.2486
4860-IJUDE,0.3814
9688-YGXVR,0.2701
0423-UDIJQ,0.1659
1945-XISKS,0.008
5360-LJCNJ,0.1319
2607-FBDFF,0.4226
1100-DDVRV,0.5069
6728-WYQBC,0.3012
9029-FEGVJ,0.4199
7216-KAOID,0.0058
6145-NNPNO,0.5013
5339-TJFEK,0.1112
2074-GUHPQ,0.2297
4625-XMOYM,0.0023
5827-MWCZK,0.0725
1385-TQOZW,0.1464
5914-XRFQB,0.0859
4329-YPDDQ,0.398
4804-NCPET,0.0038
5944-UGLLK,0.0779
7787-BNTZM,0.1393
2252-ISRNH,0.1974
9415-TPKRV,0.0868
5322-TEUJK,0.0091
1866-DIOQZ,0.0644
8375-KVTHK,0.2097
2697-NQBPF,0.4956
3709-OIJEA,0.205
1386-ZIKUV,0.1481
0599-XNYDO,0.482
6377-WHAOX,0.5437
6855-VLGOS,0.0014
8999-XXGNS,0.3079
8746-OQQRW,0.2309
3181-MIZBN,0.028
0471-ARVMX,0.363
7766-CLTIC,0.2395
5650-YLIBA,0.4121
0825-CPPQH,0.0069
9084-OAYKL,0.0053
6122-LJADA,0.0055
2400-XIWIO,0.0279
7524-VRLPL,0.0155
7569-NMZYQ,0.0145
5201-USSQZ,0.3768
2105-PHWON,0.43
1494-EJZDW,0.0039
4884-TVUQF,0.0381
8003-EWNDZ,0.1776
1897-RCFUM,0.0107
9256-JTBNZ,0.1029
2211-RMNHO,0.0048
2432-TFSMK,0.4013
4929-ROART,0.1694
1834-ABKHQ,0.0115
1741-WTPON,0.0098
3932-IJWDZ,0.3964
1240-HCBOH,0.0098
3594-KADLU,0.4102
8065-BVEPF,0.2751
3796-ENZGF,0.0252
1734-ZMNTZ,0.0052
2853-CWQFQ,0.3887
0813-TAXXS,0.0526
2519-TWKFS,0.0206
0626-QXNGV,0.0174
6723-CEGQI,0.0078
4732-RRJZC,0.0289
9499-XPZXM,0.0146
4338-EYCER,0.2725
3007-FDPEA,0.3311
6350-XFYGW,0.8112
8513-OLYGY,0.0472
0311-QYWSS,0.301
8705-DWKTI,0.2518
8755-IWJHN,0.3603
4480-QQRHC,0.5354
0929-PECLO,0.3366
3680-CTHUH,0.1274
1202-KKGFU,0.2013
6112-KTHFQ,0.1336
1852-XEMDW,0.1402
1820-DJFPH,0.0028
9426-SXNHE,0.2623
9068-FHQHD,0.0024
1269-FOYWN,0.0054
9470-YFUYI,0.0548
7402-EYFXX,0.6625
9895-VFOXH,0.6054
1230-QAJDW,0.4962
5701-ZIKJE,0.1881
5032-MIYKT,0.7529
7396-VJUZB,0.0783
9717-QEBGU,0.7451
5172-RKOCB,0.0694
6509-TSGWN,0.0163
3178-CIFOT,0.0434
4530-NDRKU,0.0095
5985-TBABQ,0.0992
9800-ONTFE,0.1641
6743-HHQPF,0.2521
8455-HIRAQ,0.2005
6616-AALSR,0.0197
9415-ZNBSX,0.0051
4018-KJYUY,0.0297
3884-UEBXB,0.0034
8780-RSYYU,0.0832
5537-UXXVS,0.1086
1791-PQHBB,0.3409
8701-DGLVH,0.0066
8741-LQOBK,0.0217
8082-GHXOP,0.11
0980-FEXWF,0.0142
3011-WQKSZ,0.075
8218-FFJDS,0.0329
1986-PHGZF,0.1995
9360-OMDZZ,0.644
0345-XMMUG,0.1329
8024-XNAFQ,0.05
2988-GBIVW,0.4096
2832-SCUCO,0.2964
7036-ZZKBD,0.2267
0265-PSUAE,0.1373
0463-TXOAK,0.0057
0594-UFTUL,0.0312
9509-MPYOD,0.023
9128-CPXKI,0.0716
0129-KPTWJ,0.4201
5855-EIBDE,0.0566
5365-LLFYV,0.4606
5956-YHHRX,0.6676
6008-NAIXK,0.1691
1928-BXYIV,0.5316
5760-FXFVO,0.505
0961-ZWLVI,0.1224
5181-OABFK,0.0029
4007-NHVHI,0.3377
7816-VGHTO,0.0175
5871-DGTXZ,0.0236
7550-WIQVA,0.0646
7544-ZVIKX,0.0475
0016-QLJIS,0.0051
7508-DQAKK,0.0219
5176-OLSKT,0.0219
9356-AXGMP,0.3545
3556-BVQGL,0.0722
8979-CAMGB,0.1943
7581-EBBOU,0.0415
5073-RZGBK,0.0152
2192-CKRLV,0.0554
3154-HMWUU,0.0136
6119-SPUDB,0.0142
6522-OIQSX,0.0109
7813-ZGGAW,0.4046
8748-HFWBO,0.0086
1052-QJIBV,0.0013
1319-YLZJG,0.5163
0723-FDLAY,0.1038
3050-RLLXC,0.0029
9298-WGMRW,0.0798
3088-LHEFH,0.4814
6583-KQJLK,0.7334
8544-JNBOX,0.008
6681-ZSEXG,0.0273
6139-ZZRBQ,0.0074
6116-RFVHN,0.6555
8884-FEEWR,0.024
3125-RAHBV,0.0413
0373-AIVNJ,0.1262
1682-VCOIO,0.0357
2072-ZVJJX,0.0125
8849-AYPTR,0.4955
9518-IMLHK,0.101
3646-ITDGM,0.0078
3569-VLDHH,0.0101
8224-KDLKN,0.0016
7594-LZNWR,0.2199
4001-TSBTV,0.0858
8727-XDPUD,0.0379
1043-UXOVO,0.0528
1064-FBXNK,0.0458
3996-ZNWYK,0.0012
2878-DHMIN,0.0074
7762-ONLJY,0.0169
5795-BKOYE,0.0046
7402-PWYJJ,0.2775
0018-NYROU,0.7406
7501-VTYLJ,0.2094
7608-RGIRO,0.0072
0480-BIXDE,0.7067
5895-QSXOD,0.366
9814-AOUDH,0.0058
6175-IRFIT,0.5324
8760-ZRHKE,0.0137
1622-HSHSF,0.3718
6749-UTDVX,0.1183
5542-DHSXL,0.3229
9102-OXKFY,0.0207
5216-WASFJ,0.6699
7808-DVWEP,0.3008
2284-VFLKH,0.2096
0366-NQSHS,0.2232
3807-BPOMJ,0.2559
3892-NXAZG,0.0102
4948-WBBKL,0.3921
4182-BGSIQ,0.0342
0988-AADSA,0.0026
9972-NKTFD,0.0895
3717-LNXKW,0.3698
5734-EJKXG,0.1735
2207-RYYRL,0.0023
6729-FZWSY,0.0167
9695-IDRZR,0.0455
8144-DGHXP,0.0223
7814-LEEVE,0.4838
8631-WUXGY,0.2506
5906-DVAPM,0.012
6654-QGBZZ,0.301
8348-JLBUG,0.0863
5641-DMBFJ,0.0543
9200-NLNPD,0.1522
2664-XJZNO,0.0091
3339-EAQNV,0.2664
0921-OHLVP,0.4997
8350-NYMVI,0.1017
1600-DILPE,0.2862
0536-ESJEP,0.0424
4654-GGUII,0.1015
6478-HRRCZ,0.0519
8510-BBWMU,0.0279
6857-TKDJV,0.0017
2360-RDGRO,0.4665
0584-BJQGZ,0.1814
1360-XFJMR,0.2498
5730-RIITO,0.1388
9058-MJLZC,0.4878
0902-XKXPN,0.0015
5177-RVZNU,0.0135
0056-EPFBG,0.0101
8993-IZEUX,0.4269
8190-ZTQFB,0.2261
0931-MHTEM,0.1557
7515-LODFU,0.0064
0440-UEDAI,0.116
1337-BOZWO,0.039
0868-VJRDR,0.0528
6344-SFJVH,0.2198
3950-VPYJB,0.0037
8041-TMEID,0.0886
7321-ZNSLA,0.0078
6941-KXRRV,0.1092
8727-JQFHV,0.0014
9475-NNDGC,0.2395
1355-KUSBG,0.1345
3688-FTHLT,0.3981
0899-LIIBW,0.5757
1384-RCUXW,0.4765
5825-XJOCM,0.0257
6848-YLDFR,0.0145
8125-QPFJD,0.0409
2320-YKQBO,0.1245
4973-RLZVI,0.046
7869-ZYDST,0.3368
4501-UYKBC,0.0887
1215-EXRMO,0.0118
2305-MRGLV,0.2851
8404-VIOMB,0.0305
2359-KLTEK,0.1288
5304-EFJLP,0.1208
2673-ZALNP,0.0688
9184-GALIL,0.0107
4393-RYCRE,0.2118
9746-MDMBK,0.0457
3162-ZJZFU,0.062
8404-GFGCZ,0.6658
8875-AKBYH,0.655
0533-UCAAU,0.1271
1394-SUIUH,0.2616
3521-MNKLV,0.1648
2533-TIBIX,0.0752
5092-STPKP,0.0803
0114-PEGZZ,0.5138
3359-DSRKA,0.0017
8639-NHQEI,0.0107
7161-DFHUF,0.0132
3720-DBRWL,0.0324
8565-WUXZU,0.0252
4994-OBRSZ,0.0134
0562-FGDCR,0.0027
2436-QBZFP,0.0911
3420-YJLQT,0.743
6040-CGACY,0.0868
6582-PLFUU,0.0014
8242-PDSGJ,0.0251
0264-CNITK,0.0012
0089-IIQKO,0.1489
7839-NUIAA,0.0205
6075-QMNRR,0.0891
5966-EMAZU,0.199
0440-EKDCF,0.0181
4774-HHGGS,0.0179
2055-BFOCC,0.0676
8180-AKMJV,0.5703
4298-OYIFC,0.7369
5566-SOEZD,0.029
9842-EFSYY,0.4257
2272-WUSPA,0.1357
4584-LBNMK,0.042
3898-GUYTS,0.3278
0930-EHUZA,0.0495
9975-SKRNR,0.2852
3703-KBKZP,0.5119
4973-MGTON,0.0264
3682-YEUWS,0.0465
1223-UNPKS,0.0032
3446-QDSZF,0.3617
5117-IFGPS,0.6618
7379-FNIUJ,0.7456
1627-AFWVJ,0.013
4486-EFAEB,0.1677
0060-FUALY,0.4023
6954-OOYZZ,0.2975
7088-FBAWU,0.0482
8313-AFGBW,0.0573
3097-IDVPU,0.0517
2197-OMWGI,0.0143
2303-PJYHN,0.3497
9795-VOWON,0.2827
1237-WIYYZ,0.1077
1987-AUELQ,0.0126
7852-LECYP,0.5199
4822-LPTYJ,0.1396
8165-CBKXO,0.0097
6527-PZFPV,0.0096
9593-CVZKR,0.0025
8595-SIZNC,0.0904
5236-XMZJY,0.0627
4827-DPADN,0.0051
2694-CIUMO,0.4759
5846-ABOBJ,0.012
1439-LCGVL,0.0466
0909-SDHNU,0.1428
4647-XXZAM,0.0739
7740-KKCXF,0.2137
5360-XGYAZ,0.0058
3557-HTYWR,0.0158
8920-NAVAY,0.1929
1699-TLDLZ,0.0045
5600-PDUJF,0.2653
0567-XRHCU,0.0076
2067-QYTCF,0.4838
7407-SUJIZ,0.0614
9150-KPBJQ,0.031
0052-DCKON,0.1431
3654-ARMGP,0.0274
9699-UBQFS,0.5237
9367-TCUYN,0.0992
1261-FWTTE,0.3563
3528-HFRIQ,0.3014
0708-SJDIS,0.1395
2073-QBVBI,0.0733
6928-ONTRW,0.0012
3320-VEOYC,0.7362
5231-FIQPA,0.0124
6617-WLBQC,0.0393
2599-CIPQE,0.0063
8774-GSBUN,0.0102
7326-RIGQZ,0.2434
1401-FTHFQ,0.0106
0254-FNMCI,0.0494
1848-LBZHY,0.3245
8118-TJAFG,0.2207
5429-LWCMV,0.6793
7298-IZWLY,0.378
9758-MFWGD,0.0175
3955-JBZZM,0.4471
4815-TUMEQ,0.0749
9909-IDLEK,0.0998
4092-OFQZS,0.0506
1561-BWHIN,0.0072
9927-DSWDF,0.5317
9500-LTVBP,0.2265
7252-NTGSS,0.463
8149-AIQCG,0.3229
1360-JYXKQ,0.2919
0899-WZRSD,0.2508
3255-GRXMG,0.1091
4828-FAZPK,0.1506
6094-ZIVKX,0.0333
6925-BAYGL,0.0141
3262-EIDHV,0.0048
7354-OIJLX,0.6131
1376-HHBDV,0.1072
6133-OZILE,0.3183
4135-FRWKJ,0.0121
6551-ZCOTS,0.0553
7191-ADRGF,0.0735
5018-LXQQG,0.0204
6892-BOGQE,0.0132
1746-TGTWV,0.7769
5995-SNNEW,0.7332
8050-WYBND,0.1477
2821-WARNZ,0.0078
4879-GZLFH,0.1469
8314-HTWVE,0.0069
9402-ROUMJ,0.0249
2507-QZPQS,0.4858
7159-NOKYQ,0.1424
5707-ZMDJP,0.0035
8779-YIQQA,0.0076
7136-IHZJA,0.0184
8966-OIQHG,0.0072
7074-STDCN,0.2376
8739-QOTTN,0.3261
1399-OUPJN,0.0019
0277-BKSQP,0.1412
5774-XZTQC,0.0314
2676-SSLTO,0.0348
6266-QHOJZ,0.0998
7269-JISCY,0.0362
0363-SVHYR,0.0037
8547-NSBBO,0.2016
6591-QGOYB,0.3775
9070-BCKQP,0.0838
6421-SZVEM,0.0472
1328-EUZHC,0.0247
8878-RYUKI,0.191
9633-DENPU,0.2043
7811-JIVPF,0.1318
7113-HIPFI,0.0012
8541-QVFKM,0.668
9258-CNWAC,0.0082
5371-VYLSX,0.2822
6374-AFWOX,0.0136
5317-FLPJF,0.0276
7621-VPNET,0.3805
6034-YMTOB,0.4964
4903-CNOZC,0.088
4353-HYOJD,0.027
7267-FRMJW,0.0029
4188-FRABG,0.3266
4128-ETESU,0.5482
0620-DLSLK,0.5235
3850-OKINF,0.0148
1156-ZFYDO,0.3746
3295-YVUSR,0.7915
8016-NCFVO,0.3344
4119-ZYPZY,0.0854
5549-ZGHFB,0.0021
7577-SWIFR,0.8835
0303-WMMRN,0.1805
6408-OTUBZ,0.1022
5204-HMGYF,0.0111
1078-TDCRN,0.7226
3727-OVPRY,0.0065
3797-FKOGQ,0.373
7622-NXQZR,0.1866
6196-HBOBZ,0.1224
3970-XGJDU,0.0095
7017-VFULY,0.3253
5562-YJQGT,0.2255
8807-OPMBM,0.0028
5439-WIKXB,0.5567
8294-UIMBA,0.238
8109-YUOHE,0.0563
5840-NVDCG,0.0059
8092-NLTGF,0.0079
5928-QLDHB,0.6288
9840-EFJQB,0.7399
0696-UKTOX,0.0643
4801-KFYKL,0.0675
3472-OAOOR,0.0574
6135-OZQVA,0.3857
2252-JHJGE,0.1871
4188-PCPIG,0.0216
7105-BENQF,0.0499
7721-DVEKZ,0.299
3566-VVORZ,0.2885
9507-HSMMZ,0.0057
2480-SQIOB,0.1236
7813-TKCVO,0.0542
0128-MKWSG,0.0775
4350-ZTLPI,0.2683
0361-HJRDX,0.0203
5727-MYATE,0.0043
3823-KYNQY,0.07
7570-WELNY,0.0669
3021-VLNRJ,0.0205
2080-CAZNM,0.5575
1028-FFNJK,0.6588
6907-FLBER,0.626
3001-UNBTL,0.2794
5982-PSMKW,0.0129
3507-GASNP,0.0029
7096-ZNBZI,0.01
1676-MQAOA,0.0128
0786-IVLAW,0.1754
7566-DSRLQ,0.1291
7245-JMTTQ,0.2442
6050-IJRHS,0.0772
6202-JVYEU,0.1106
8591-TKMZH,0.0137
0734-OXWBT,0.2719
4282-ACRXS,0.3529
0365-TRTPY,0.2282
7349-ALMUX,0.0119
6502-KUGLL,0.026
1841-YSJGV,0.0648
3511-BFTJW,0.003
7668-XCFYV,0.7993
5018-HEKFO,0.1657
2923-ARZLG,0.1004
3976-NLDEZ,0.2925
2282-YGNOR,0.0364
5336-UFNZP,0.0778
6854-EXGSF,0.298
1241-EZFMJ,0.0153
9233-PSYHO,0.331
5376-PCKNB,0.0428
8044-BGWPI,0.0478
4060-LDNLU,0.7172
3589-PPVKW,0.2517
5887-IKKYO,0.0115
1755-RMCXH,0.0605
3858-XHYJO,0.2669
4299-SIMNS,0.5688
7025-IWFHT,0.1644
6261-LHRTG,0.1577
7841-FCRQD,0.0876
2056-EVGZL,0.0182
8777-MBMTS,0.0945
7753-USQYQ,0.0566
7661-CPURM,0.2225
6233-HXJMX,0.3977
5902-WBLSE,0.0018
3239-TPHPZ,0.0598
5115-GZDEL,0.0088
3338-CVVEH,0.6845
2615-YVMYX,0.4763
2851-STERV,0.1448
4393-GEADV,0.0076
8486-AYEQH,0.4274
5419-JKZNQ,0.3817
2495-KZNFB,0.4627
1409-PHXTF,0.1765
4560-WQAQW,0.0392
9591-YVTEB,0.2073
9309-BZGNT,0.0902
4274-DRSQT,0.1699
2027-DNKIV,0.0084
8075-GXIUB,0.0876
2885-HIJDH,0.0037
5424-RLQLC,0.2911
6507-DTJZV,0.1728
7673-BQGKU,0.0012
6723-WSNTY,0.2314
2725-IWWBA,0.0047
1061-PNTHC,0.081
0394-YONDK,0.0015
6574-MCOEH,0.0425
7399-QHBJS,0.002
0997-YTLNY,0.0619
9479-HYNYL,0.0371
9708-KFDBY,0.2809
3642-GKTCT,0.1303
0774-RMNUW,0.0044
1334-PDUKM,0.1275
0756-MPZRL,0.0517
2242-MFOTG,0.1265
2927-CVULT,0.0114
2144-BFDSO,0.376
8745-PVESG,0.0476
7647-GYYKX,0.0025
5647-FXOTP,0.5764
9700-ISPUP,0.0782
9839-ETQOE,0.0787
6078-VESFR,0.492
9027-TMATR,0.0554
1941-HOSAM,0.6295
9110-HSGTV,0.0195
0704-VCUMB,0.0109
6171-ZTVYB,0.1092
1935-IMVBB,0.3208
2535-PBCGC,0.0295
1470-PSXNM,0.0702
2498-XLDZR,0.0036
9866-OCCKE,0.0909
5338-YHWYT,0.0042
7718-UPSKJ,0.1345
8731-WBBMB,0.2393
1448-CYWKC,0.0626
7901-IIDQV,0.0804
2690-DVRVK,0.0257
1270-XKUCC,0.0026
0334-ZFJSR,0.0533
5583-EJXRD,0.0058
4565-EVZMJ,0.0272
3327-YBAKM,0.1433
9441-QHEVC,0.2925
6705-LNMDD,0.1089
2580-ASVVY,0.0501
3370-GQEAL,0.1466
5032-USPKF,0.0856
4254-QPEDE,0.0376
6283-GITPX,0.004
0771-CHWSK,0.0209
9788-HNGUT,0.0647
9495-REDIY,0.0845
5375-XLDOF,0.0137
1172-VIYBP,0.0048
6559-PDZLR,0.4528
8992-OBVDG,0.1835
4273-MBHYA,0.7895
4724-WXVWF,0.2982
5701-GUXDC,0.1177
1460-UZPRJ,0.0093
6082-GLJIX,0.0781
2495-TTHBQ,0.0728
0485-ZBSLN,0.0016
3810-PJUHR,0.0015
0847-HGRML,0.0032
8232-CTLKO,0.0046
9227-YBAXE,0.006
9860-LISIZ,0.0487
0112-QAWRZ,0.2379
2786-GCDPI,0.4653
4043-MKDTV,0.1033
9229-RQABD,0.0504
8313-KTIHG,0.4526
5320-BRKGK,0.0035
6284-KMNUF,0.3401
6229-UOLQL,0.0121
3137-LUPIX,0.4702
6143-JQKEA,0.2544
8676-OOQEJ,0.4443
9701-CDXHR,0.2203
8124-NZVGJ,0.3636
2162-FRZAA,0.0034
5118-MUEYH,0.4571
5627-TVBPP,0.0169
3936-QQFLL,0.2232
2589-AYCRP,0.0183
4067-HLYQI,0.312
5124-EOGYE,0.0112
5057-RKGLH,0.0058
0292-WEGCH,0.0652
8910-ICHIU,0.1323
4097-YODCF,0.1729
9715-WZCLW,0.0204
9786-YWNHU,0.0016
6407-GSJNL,0.0106
4049-ZPALD,0.0903
3733-UOCWF,0.1724
6833-JMZYP,0.5746
1310-QRITU,0.3397
8961-QDZZJ,0.0621
9715-SBVSU,0.0129
8490-BXHEO,0.455
7173-TETGO,0.046
7929-SKFGK,0.0515
2300-RQGOI,0.0089
3563-SVYLG,0.0014
6435-VWCCY,0.0963
4998-IKFSE,0.5414
8630-QSGXK,0.0609
2455-USLMV,0.3028
9488-FVZCC,0.0038
5995-WWKKG,0.048
7879-CGSFV,0.1319
9921-EZKBY,0.2505
7432-FFVAR,0.0295
7246-ZGQDF,0.3069
4456-RHSNB,0.0579
2481-SBOYW,0.0068
7109-MFBYV,0.1532
1833-TCXKK,0.5491
1832-PEUTS,0.0204
8660-BUETV,0.3607
0580-PIQHM,0.0433
5696-CEIQJ,0.0098
1696-HXOWK,0.1177
3026-ATZYV,0.0157
4012-YCFAI,0.0137
9970-QBCDA,0.1474
9496-IVVRP,0.0405
2657-VPXTA,0.3061
6551-VLJMV,0.0152
1221-GHZEP,0.0148
9289-LBQVU,0.087
3458-IDMFK,0.0187
6933-FHBZC,0.0824
0221-NAUXK,0.039
9770-KXGQU,0.0943
6538-POCHL,0.2461
6726-NNFWD,0.0597
3002-WQZWT,0.4783
4277-UDIEF,0.0505
1208-NBVFH,0.0682
4912-PIGUY,0.8999
2725-TTRIQ,0.005
3374-TTZTK,0.0881
8990-ZXLSU,0.4667
2275-RBYQS,0.5462
4419-UJMUS,0.0219
7794-JASDG,0.5027
7609-YBPXG,0.0259
5519-TEEUH,0.0175
7856-GANIL,0.2571
0804-XBFBV,0.2228
2676-OXPPQ,0.2345
3703-TTEPD,0.1484
2799-TSLAG,0.0034
2208-NKVVH,0.003
7139-JZFVG,0.002
4987-GQWPO,0.2344
1757-TCATG,0.0066
4776-XSKYQ,0.0376
8048-DSDFQ,0.281
5753-QQWPW,0.0616
6010-DDPPW,0.0126
6693-FRIRW,0.4198
6586-MYGKD,0.0381
3173-NVMPX,0.0955
0248-PGHBZ,0.0385
0623-GDISB,0.523
2892-GESUL,0.0041
7472-EQOAV,0.0172
2043-WVTQJ,0.5142
8034-RYTVV,0.1228
3863-QSTYI,0.1203
5044-LRQAQ,0.6373
1716-LSAMB,0.0023
1333-PBMXB,0.0085
6546-OPBBH,0.0078
5985-BEHZK,0.2293
9127-QRZMH,0.0473
5919-VCZYM,0.2232
9644-KVCNC,0.1647
2137-DQMEV,0.0103
8174-LNWMW,0.0102
9279-CJEOJ,0.6423
7964-VEXDG,0.2398
2404-JIBFC,0.0064
8029-XYPWT,0.0726
4632-PAOYU,0.0073
2990-OGYTD,0.036
6646-JPPHA,0.3768
7658-UYUQS,0.4981
7880-XSOJX,0.2786
4589-IUAJB,0.0142
8746-BFOAJ,0.0357
8457-XIGKN,0.1102
6072-NUQCB,0.0096
8838-GPHZP,0.0095
8750-QWZAJ,0.0011
6918-UMQCG,0.6254
0675-NCDYU,0.0118
6339-DKLMK,0.4058
1346-PJWTK,0.197
5088-QZLRL,0.3643
8023-QHAIO,0.3669
4397-FRLTA,0.1671
3057-VJJQE,0.0196
2302-OUZXB,0.0397
8133-ANHHJ,0.1077
2270-CHBFN,0.2676
5982-FPVQN,0.1774
9107-UKCKY,0.1837
4654-ULTTN,0.0236
5546-BYZSM,0.0582
1492-KGETH,0.0062
4163-HFTUK,0.023
8215-NGSPE,0.0017
8859-YSTWS,0.0196
7601-DHFWZ,0.0122
1998-VHJHK,0.0314
1707-HABPF,0.1667
0487-VVUVK,0.0197
5063-IUOKK,0.0173
4508-OEBEY,0.0857
0027-KWYKW,0.2191
2308-STERM,0.2256
5982-XMDEX,0.0079
6051-PTVNS,0.0033
2877-VDUER,0.0199
9152-AMKAK,0.0881
9432-VOFYX,0.4739
8049-WJCLQ,0.0591
6586-PSJOX,0.0305
9705-ZJBCG,0.0146
6847-KJLTS,0.4559
9670-BPNXF,0.0304
3913-FCUUW,0.0035
3301-VKTGC,0.0228
9555-SAHUZ,0.0234
0816-TSPHQ,0.2232
9932-WBWIK,0.0909
4619-EVPHY,0.5223
5286-YHCVC,0.1212
9115-YQHGA,0.128
4462-CYWMH,0.3841
8963-MQVYN,0.0621
2458-EOMRE,0.1919
9334-GWGOW,0.7679
6542-LWGXJ,0.5572
5567-GZKQY,0.0066
1222-LRYKO,0.0894
2087-QAREY,0.2471
4423-JWZJN,0.0288
6490-FGZAT,0.1306
7452-FOLON,0.0146
2320-TZRRH,0.0332
4942-VZZOM,0.0774
7502-BNYGS,0.2528
4291-HYEBC,0.0477
6147-CBCRA,0.0711
6047-SUHPR,0.0104
9752-ZNQUT,0.6182
1576-PFZIW,0.0447
5666-MBJPT,0.013
7312-XSBAT,0.501
3096-GKWEB,0.7684
2371-JQHZZ,0.7266
0674-GCDXG,0.0214
1121-QSIVB,0.068
4396-KLSEH,0.2904
2824-MYYBN,0.2384
6345-HOVES,0.213
8318-LCNBW,0.15
6469-QJKZW,0.3022
0147-ESWWR,0.5939
1217-VASWC,0.3004
6370-ZVHDV,0.0169
5915-DGNVC,0.0874
6260-XLACS,0.097
3566-CAAYU,0.0067
4983-CCWMC,0.631
9103-CXVOK,0.1112
2896-TBNBE,0.1705
2522-WLNSF,0.0809
3841-CONLJ,0.8337
4475-NVTLU,0.0027
9386-LDCZR,0.0849
9585-KKMFD,0.0027
5399-ZIMKF,0.5917
0336-KXKFK,0.0282
5619-XZZKR,0.0802
3948-FVVRP,0.0338
5327-XOKKY,0.0532
0983-TATYJ,0.0811
1813-JYWTO,0.0501
6719-OXYBR,0.5056
3312-ZWLGF,0.5117
6476-YHMGA,0.0552
0795-XCCTE,0.0103
0168-XZKBB,0.7249
3785-NRHYR,0.2852
4537-DKTAL,0.4959
7072-MBHEV,0.1924
5602-BVFMK,0.0572
6297-NOOPG,0.1301
8204-TIFGJ,0.0944
8050-DVOJX,0.0157
8903-XEBGX,0.4292
8169-SAEJD,0.0407
1089-XZWHH,0.0038
2325-WINES,0.3514
6064-ZATLR,0.0178
7824-PANSQ,0.1571
9648-BCHKM,0.0083
2888-ADFAO,0.0023
8707-HOEDG,0.0221
4072-IPYLT,0.0174
7167-PCEYD,0.0086
4936-YPJNK,0.1357
1580-BMCMR,0.474
4817-KEQSP,0.0011
6408-WHTEF,0.004
9251-AWQGT,0.0014
8749-CLJXC,0.2852
7989-VCQOH,0.0531
4199-QHJNM,0.0942
8882-TLVRW,0.0026
5135-GRQJV,0.0662
2384-OVPSA,0.0084
1371-WEPDS,0.1123
3580-GICBM,0.0024
9730-DRTMJ,0.1121
4686-UXDML,0.5907
3349-ANQNH,0.3148
0932-YIXYU,0.0074
7480-SPLEF,0.0024
7636-XUHWW,0.3263
1431-CYWMH,0.0193
5937-EORGB,0.734
6349-JDHQP,0.0075
5539-HIVAK,0.1119
5847-MXBEO,0.0312
4583-PARNH,0.5931
1116-FRYVH,0.0028
1421-HCERK,0.4071
9633-XQABV,0.7152
0716-BQNDX,0.0532
1183-CANVH,0.1119
1972-XMUWV,0.0316
8679-LZBMD,0.2941
3407-JMJQQ,0.017
6252-DFGTK,0.0618
1539-LNKHM,0.0979
8645-KOMJQ,0.0068
0289-IVARM,0.1034
9761-XUJWD,0.371
4057-FKCZK,0.0159
4291-TPNFG,0.0235
6087-YPWHO,0.0111
3090-QFUVD,0.3166
1722-LDZJS,0.0033
1818-ESQMW,0.3723
7401-RUBNK,0.4136
0506-YLVKJ,0.0021
8661-BOYNW,0.0385
4815-GBTCD,0.7
2805-AUFQN,0.0148
0980-PVMRC,0.1109
7233-DRTRF,0.5024
3873-NFTGI,0.2908
1162-ECVII,0.1208
7048-GXDAY,0.4708
8571-ZCMCX,0.011
1169-WCVAK,0.4266
7129-CAKJW,0.4233
8695-ARGXZ,0.5501
3570-YUEKJ,0.1453
1555-HAPSU,0.0015
1697-NVVGY,0.2292
8464-EETCQ,0.0063
2419-FSORS,0.1266
8132-YPVBX,0.616
6754-LZUKA,0.0529
8099-MZPUJ,0.011
0787-LHDYT,0.1283
0374-IOEGQ,0.4071
3197-NNYNB,0.062
3396-DKDEL,0.0117
1752-OZXFY,0.0624
9066-QRSDU,0.0638
9112-WSNPU,0.2986
9867-NNXLC,0.088
5321-NTRKC,0.0063
3161-GETRM,0.1235
0402-OAMEN,0.0017
6933-VLYFX,0.0289
6754-WKSHP,0.0225
4976-LNFVV,0.3826
5055-MGMGF,0.4969
4641-FROLU,0.0021
2862-JVEOY,0.0758
2969-QWUBZ,0.7254
9822-BIIGN,0.0242
2077-MPJQO,0.7838
1534-OULXE,0.0078
2971-SGAFL,0.4917
1480-IVEVR,0.3257
2905-KFQUV,0.7891
3370-HXOPH,0.6996
9391-YZEJW,0.2289
9958-MEKUC,0.0054
0281-CNTZX,0.015
4118-CEVPF,0.2417
9114-VEPUF,0.1891
7876-BEUTG,0.2638
2338-BQEZT,0.0801
9873-MNDKV,0.2301
8241-JUIQO,0.0151
2194-IIQOF,0.0215
9631-RXVJM,0.0108
9584-EXCDZ,0.3395
5093-FEGLU,0.0135
2621-UDNLU,0.2621
7526-IVLYU,0.255
2428-HYUNX,0.0176
9214-EKVXR,0.5414
3410-MHHUM,0.0655
2122-YWVYA,0.378
2296-DKZFP,0.0181
8909-BOLNL,0.0948
6603-YRDCJ,0.0228
3229-USWAR,0.084
2138-VFAPZ,0.0062
6131-JLWZM,0.1271
0269-XFESX,0.0101
1709-EJDOX,0.0016
4316-XCSLJ,0.1031
9693-XMUOB,0.3822
0383-CLDDA,0.0274
2709-UQGNP,0.2074
3549-ZTMNH,0.0117
8033-ATFAS,0.0386
1635-NZATJ,0.0144
0562-HKHML,0.0015
8277-RVRSV,0.0083
9943-VSZUV,0.2585
7054-ENNGU,0.2461
1455-HFBXA,0.0616
9402-CXWPL,0.1965
1628-BIZYP,0.8471
0082-LDZUE,0.5445
5343-SGUBI,0.1477
0856-NAOES,0.3006
1976-AZZPJ,0.3526
6156-UZDLF,0.1062
3099-OONVS,0.0208
9500-WBGRP,0.0078
5183-KLYEM,0.0545
5144-PQCDZ,0.2116
8514-VZHEB,0.0014
6625-IUTTT,0.0139
9355-NPPFS,0.4655
0068-FIGTF,0.0787
5965-GGPRW,0.0139
8035-PWSEV,0.6443
2236-HILPA,0.0013
1840-BIUOG,0.1864
1356-MKYSK,0.2596
6080-LNESI,0.0096
1830-IPXVJ,0.0017
5828-DWPIL,0.3029
8398-TBIYD,0.0367
2931-FSOHN,0.3514
9418-RUKPH,0.003
9971-ZWPBF,0.19
4712-AUQZO,0.1794
9711-FJTBX,0.0177
2908-ZTPNF,0.1708
8421-WZOOW,0.0478
1414-YADCW,0.0218
8756-RDDLT,0.1356
2862-PFNIK,0.6241
5816-QVHRX,0.3453
4430-YHXGG,0.1458
6888-SBYAI,0.4543
7395-XWZOY,0.2514
7169-YWAMK,0.0021
6859-RKMZJ,0.4115
2729-VNVAP,0.0021
2957-JIRMN,0.1708
2049-BAFNW,0.5428
3842-QTGDL,0.3256
7163-OCEQI,0.0383
9782-LGXMC,0.0115
5975-BAICR,0.0165
4673-KKSLS,0.1858
4853-OITSN,0.8102
9800-OUIGR,0.0011
2324-EFHVG,0.0996
7094-MSZAO,0.0335
6907-CQGPN,0.16
0780-XNZFN,0.0067
0239-OXEXL,0.1775
2675-IJRGJ,0.0063
7049-GKVZY,0.0792
8577-QSOCG,0.003
3721-CNZHX,0.0491
0212-ISBBF,0.4957
3585-YNADK,0.0762
5271-DBYSJ,0.503
1099-GODLO,0.0178
6828-HMKWP,0.0055
1472-TNCWL,0.278
2080-GKCWQ,0.6723
2193-SFWQW,0.0066
5656-JAMLX,0.0067
3462-BJQQA,0.7395
0442-TDYUO,0.0137
6733-LRIZX,0.1367
9503-XJUME,0.007
4367-NHWMM,0.6812
3779-OSWCF,0.0221
6736-DHUQI,0.0116
3915-ODIYG,0.0913
1360-RCYRT,0.0614
2724-FJDYW,0.0503
4451-RWASJ,0.0145
3460-TJBWI,0.0038
5917-HBSDW,0.0133
5671-UUNXD,0.366
0956-ACVZC,0.1803
2325-NBPZG,0.6609
4482-FTFFX,0.2908
8859-DZTGQ,0.0107
0440-MOGPM,0.1782
0020-JDNXP,0.0209
3752-CQSJI,0.0286
5025-GOOKI,0.0968
4698-KVLLG,0.0075
2887-JPYLU,0.0447
4770-QAZXN,0.1032
4896-CPRPF,0.0034
9714-EDSUC,0.4717
0282-NVSJS,0.0947
7353-YOWFP,0.0577
8008-ESFLK,0.1569
7537-CBQUZ,0.3088
3363-EWLGO,0.1419
4750-UKWJK,0.0388
1689-YQBYY,0.4373
4487-ZYJZK,0.005
2959-FENLU,0.5179
0708-LGSMF,0.5145
7634-HLQJR,0.0019
0487-RPVUM,0.2091
4079-ULGFR,0.0766
2516-XSJKX,0.0052
0057-QBUQH,0.0117
6599-SFQVE,0.447
8331-ZXFOE,0.0346
4003-FUSHP,0.2132
0356-ERHVT,0.3428
7325-ENZFI,0.0644
4884-ZTHVF,0.6502
3920-HIHMQ,0.1183
3055-OYMSE,0.2278
0613-WUXUM,0.0019
4458-KVRBJ,0.0103
1397-XKKWR,0.1319
8097-OMULG,0.0085
6013-BHCAW,0.0084
0401-WDBXM,0.0164
3387-PLKUI,0.023
6096-EGVTU,0.0042
5081-NWSUP,0.0958
2580-ATZSQ,0.005
8085-MSNLK,0.0625
9691-HKOVS,0.1177
9881-VCZEP,0.2566
8757-TFHHJ,0.4883
1468-DEFNC,0.0035
5119-KEPFY,0.6129
0916-KNFAJ,0.0399
8319-QBEHW,0.1059
9625-QNLUX,0.0119
4024-CSNBY,0.0408
7110-BDTWG,0.0547
7493-GVFIO,0.0063
0690-SRQID,0.2116
9605-WGJVW,0.8099
9114-DPSIA,0.003
4700-UBQMV,0.0485
7711-GQBZC,0.0018
4627-MIHJH,0.0483
9795-NREXC,0.0345
8573-CGOCC,0.0783
7356-AYNJP,0.1683
6286-SUUWT,0.281
4819-HJPIW,0.222
8654-DHAOW,0.4742
5438-QMDDL,0.3449
9812-GHVRI,0.3251
5553-AOINX,0.0872
1228-ZLNBX,0.3372
4226-KKDON,0.3497
3831-YCPUO,0.0087
7445-WMRBW,0.0845
3308-DGHKL,0.0087
9924-JPRMC,0.0657
0080-EMYVY,0.1041
6218-KNUBD,0.3689
7337-CINUD,0.0051
7609-NRNCA,0.0439
0623-EJQEG,0.1008
7153-CHRBV,0.0067
6198-PNNSZ,0.2056
3317-VLGQT,0.6998
4132-POCZS,0.2946
5614-DNZCE,0.0113
3896-RCYYE,0.1957
9638-JIQYA,0.5973
3258-SANFR,0.2752
3726-TBHQT,0.0127
3190-ITQXP,0.002
4833-QTJNO,0.1961
3039-MJSLN,0.1174
0178-CIIKR,0.1867
5774-QPLTF,0.0053
2322-VCZHZ,0.5285
5010-IPEAQ,0.0035
6383-ZTSIW,0.1892
8990-YOZLV,0.0105
3069-SSVSN,0.4122
5222-IMUKT,0.4197
6685-XSHHU,0.0023
8901-UPRHR,0.0161
0118-JPNOY,0.3552
3845-FXCYS,0.3703
5857-XRECV,0.0753
0725-CXOTM,0.1032
4343-EJVQB,0.3414
9000-PLFUZ,0.0852
3427-GGZZI,0.6708
7779-ORAEL,0.0336
0644-OQMDK,0.7034
3154-CFSZG,0.0613
2220-IAHLS,0.3202
1658-XUHBX,0.1035
2378-HTWFW,0.2861
4377-VDHYI,0.0475
3719-TDVQB,0.0144
0201-MIBOL,0.0933
4937-QPZPO,0.0833
2925-VDZHY,0.0035
6981-TDRFT,0.0378
3413-CSSTH,0.175
8033-VCZGH,0.365
0224-NIJLP,0.0052
7542-CYDDM,0.0781
4718-WXBGI,0.0043
8495-PRWFH,0.1464
0439-IFYUN,0.4631
5716-LIBJC,0.2985
2868-LLSKM,0.0217
2988-QRAJY,0.0671
0071-NDAFP,0.0042
7328-ZJAJO,0.0013
6458-CYIDZ,0.4677
1090-PYKCI,0.0209
3058-WQDRE,0.383
2279-AXJJK,0.2953
0909-SELIE,0.0276
3417-TSCIC,0.1342
1042-HFUCW,0.0321
6537-OTKMY,0.3166
8999-EXMNO,0.003
6725-TPKJO,0.0084
7162-WPHPM,0.0023
1599-MMYRQ,0.0163
8821-KVZKQ,0.0184
6434-TTGJP,0.0125
0042-JVWOJ,0.0446
0130-SXOUN,0.2231
2330-PQGDQ,0.0197
1452-UZOSF,0.0086
2097-YVPKN,0.0081
8597-CTXVJ,0.0138
6631-HMANX,0.041
9962-BFPDU,0.0809
6394-HHHZM,0.1855
5995-LFTLE,0.0132
1932-UEDCX,0.6143
5188-HGMLP,0.316
0665-XHDJU,0.1679
8265-HKSOW,0.0058
3544-FBCAS,0.0059
5331-RGMTT,0.509
4759-PXTAN,0.1671
7054-DMVAS,0.0224
3428-MMGUB,0.1165
6549-BTYPG,0.0469
7823-JSOAG,0.7011
3705-RHRFR,0.0799
9374-YOLBJ,0.1063
9074-KGVOX,0.0404
6128-DAFVY,0.257
9933-QRGTX,0.082
4476-OSWTN,0.1955
5066-GFJMM,0.3419
2661-GKBTK,0.0038
0458-HEUZG,0.0545
7268-WNTCP,0.0015
0824-VWDPO,0.1393
8409-WQJUX,0.1772
2578-JQPHZ,0.0705
3278-FSIXX,0.4998
9746-UGFAC,0.0345
2946-KIQSP,0.1531
0625-AFOHS,0.0026
6726-WEXXK,0.332
4636-OLWOE,0.0216
4685-ERGHK,0.2493
0885-HMGPY,0.0105
5003-OKNNK,0.0115
7208-PSIHR,0.1389
4012-ZTHBR,0.061
0489-WMEMG,0.0465
7435-ZNUYY,0.0758
1354-YZFNB,0.0098
2985-FMWYF,0.6452
2812-ENYMO,0.1015
2717-HVIZY,0.0637
3422-GALYP,0.7892
2890-WFBHU,0.0311
0327-WFZSY,0.0876
7977-HXJKU,0.0073
7033-CLAMM,0.0021
4023-RTIQM,0.1697
0864-FVJNJ,0.0297
7356-IWLFW,0.0786
9541-PWTWO,0.0446
3967-VQOGC,0.0029
7872-RDDLZ,0.1128
6308-CQRBU,0.0963
0186-CAERR,0.1227
3043-SUDUA,0.0539
5442-BHQNG,0.6904
2169-RRLFW,0.0126
5872-OEQNH,0.1059
3162-KKZXO,0.3414
8873-GLDMH,0.6314
5696-JVVQY,0.0046
8946-BFWSG,0.0016
0547-HURJB,0.058
8904-OPDCK,0.2406
8845-LWKGE,0.0285
0691-NIKRI,0.2368
5022-JNQEQ,0.1813
3249-VHRIP,0.0399
3736-BLEPA,0.2255
4701-LKOZD,0.0178
6603-QWSPR,0.0708
9921-QFQUL,0.5465
1929-ZCBHE,0.0123
4378-MYPGO,0.0121
4129-LYCOI,0.0538
7798-JVXYM,0.3716
8647-SDTWQ,0.0851
2696-ECXKC,0.0368
2081-KJSQF,0.3734
3323-CPBWR,0.4487
3384-CTMSF,0.5865
0902-RFHOF,0.024
6048-QBXKL,0.5713
7718-RXDGG,0.5351
1025-FALIX,0.3196
3451-VAWLI,0.0025
3407-QGWLG,0.1351
2347-WKKAE,0.4956
8735-DCXNF,0.2182
3214-IYUUQ,0.0923
1936-UAFEH,0.041
3587-PMCOY,0.4346
1027-LKKQQ,0.0038
7148-XZPHA,0.0385
5309-TAIKL,0.2804
6856-RAURS,0.7739
8778-LMWTJ,0.4549
9717-IOAAF,0.0095
2845-KDHVX,0.0245
0848-SOMKO,0.0156
6734-FQAJX,0.0599
1535-VTJOQ,0.0173
6368-TZZDT,0.0076
0943-ZQPXH,0.1182
1293-BSEUN,0.0018
1302-TPUBN,0.0064
2378-VTKDH,0.5536
0927-CNGRH,0.1796
8608-OZTLB,0.0097
2335-GSODA,0.0164
1952-DVVSW,0.0665
6656-GULJQ,0.0045
9853-JFZDU,0.152
3777-XROBG,0.0015
6994-FGRHH,0.0369
4000-VGMQP,0.0223
3999-WRNGR,0.0715
3466-RITXD,0.4177
2680-XKKNJ,0.07
2974-GGUXS,0.519
7994-XIRTR,0.0391
2101-RANCD,0.3511
7921-BEPCI,0.013
8510-TMWYB,0.0062
3258-ZKPAI,0.0126
1428-IEDPR,0.0865
5298-GSTLM,0.2124
4450-YOOHP,0.2947
6728-CZFEI,0.1113
3653-NCRDJ,0.0065
6121-TNHBO,0.041
5119-NZPTV,0.7851
6519-ZHPXP,0.0082
3472-QPRCH,0.0026
8224-UAXBZ,0.1364
9610-WCESF,0.0203
2486-WYVVE,0.1879
3865-ZYKAD,0.2373
1422-DGUBX,0.3087
2999-AANRQ,0.0249
8668-KNZTI,0.0407
0480-KYJVA,0.0018
9746-YKGXB,0.0158
3926-YZVVX,0.0379
6000-UKLWI,0.0077
6332-FBZRI,0.0072
2096-XOTMO,0.0211
3266-FTKHB,0.0179
8221-EQDGL,0.0881
2346-LOCWC,0.0013
0298-XACET,0.0049
7560-QJAVJ,0.013
2995-YWTCD,0.0077
9137-UIYPG,0.1067
2809-ZMYOQ,0.6102
5084-OOVCJ,0.0335
0254-WWRKD,0.0073
7727-SHVZV,0.1089
5339-PXDVH,0.6684
2205-LPVGL,0.0223
8782-NUUOL,0.0319
7601-WFVZV,0.281
4609-KNNWG,0.0028
4868-AADLV,0.0462
9529-OFXHY,0.5371
2669-QVCRG,0.2601
2478-EEWWM,0.384
9174-IHETN,0.0209
2233-TXSIU,0.0352
9644-UMGQA,0.1017
3256-EZDBI,0.2184
0419-YAAPX,0.3577
0872-CASZJ,0.0619
4726-DLWQN,0.1599
8164-OCKUJ,0.0012
3094-JOJAI,0.3894
9494-MRNYX,0.5128
2599-CZABP,0.1769
7945-PRBVF,0.0101
4544-RXFMG,0.0377
0859-YGKFW,0.0084
1150-FTQGN,0.0246
7196-LIWRH,0.027
5448-VWNAM,0.0965
1177-XZBJL,0.0063
3518-FSTWG,0.0926
9330-VOFSZ,0.1091
0939-EREMR,0.0702
9389-ACWBI,0.1859
3644-QXEHN,0.2228
2911-IJORQ,0.0873
5921-NGYRH,0.1832
5998-DZLYR,0.1061
3985-HOYPM,0.0308
9548-LERKT,0.0202
6576-FBXOJ,0.3261
4310-KEDTB,0.1304
4062-HBMOS,0.4629
2676-ISHSF,0.2968
9236-NDUCW,0.0305
4753-PADAS,0.2941
6103-QCKFX,0.0138
7781-EWARA,0.0169
7018-FPXHH,0.0033
0572-ZJKLT,0.0089
5135-RDDQL,0.003
1353-LJWEM,0.2326
1794-SWWKL,0.069
6166-YIPFO,0.0465
9332-GYWLO,0.1308
4184-VODJZ,0.0592
1092-WPIVQ,0.0044
7233-IOQNP,0.128
2834-JKOOW,0.0814
2400-FEQME,0.0015
4957-SREEC,0.001
0230-UBYPQ,0.0535
4923-ADWXJ,0.1808
1763-KUAAW,0.0554
1104-TNLZA,0.6503
5195-KPUNQ,0.0843
3439-GVUSX,0.5871
5949-HGVJL,0.3456
5203-XEHAX,0.0626
1635-HDGFT,0.0074
8050-XGRVL,0.0054
9828-QHFBK,0.1607
3908-MKIMJ,0.0391
5012-YSPJJ,0.0198
6728-VOIFY,0.265
4891-NLUBA,0.0092
8969-PRHFK,0.0347
0661-KQHNK,0.0183
8709-KRDVL,0.5962
1427-VERSM,0.4215
9801-NOSHQ,0.0178
6339-YPSAH,0.5511
2159-TURXX,0.1645
1548-FEHVL,0.4354
3795-CAWEX,0.0118
6215-NQCPY,0.6721
5647-URDKA,0.0052
2229-DPMBI,0.0054
9626-WEQRM,0.3997
2188-SXWVT,0.036
6258-PVZWJ,0.03
1094-BKOSX,0.0187
6969-MVBAI,0.7059
2978-XXSOG,0.1487
2342-CKIAO,0.234
6953-PBDIN,0.0258
3898-BSJYF,0.0519
3938-YFPXD,0.0181
7696-AMHOD,0.0156
2453-SAFNS,0.0513
9558-IHEZX,0.0667
9617-UDPEU,0.0511
6340-DACFT,0.0015
4955-VCWBI,0.0038
6813-GZQCG,0.0042
7426-GSWPO,0.3038
3389-KTRXV,0.0051
3118-UHVVQ,0.0107
3205-MXZRA,0.0763
8317-BVKSO,0.1606
5702-KVQRD,0.0288
0083-PIVIK,0.045
6169-PGNCD,0.015
4909-JOUPP,0.0857
4657-FWVFY,0.1082
2257-BOVXD,0.4067
7729-JTEEC,0.2225
9696-RMYBA,0.6411
8690-UPCZI,0.0172
9770-LXDBK,0.1942
4086-WITJG,0.001
8344-WFMFH,0.197
8822-KNBHV,0.0971
8404-FYDIB,0.3154
2791-SFVEW,0.1219
6762-NSODU,0.002
9888-ZCUMM,0.0074
1074-WVEVG,0.0221
9979-RGMZT,0.4267
6437-UDQJM,0.0422
1226-IENZN,0.5856
2108-GLPQB,0.2324
5474-LAMUQ,0.0436
3468-DRVQJ,0.0452
1122-YJBCS,0.0412
4990-ALDGW,0.0054
4816-OKWNX,0.0397
3315-IKYZQ,0.0179
4747-LCAQL,0.1571
3411-WLRSQ,0.7532
0898-XCGTF,0.3139
8006-PYCSW,0.2325
8249-THVEC,0.0033
8722-PRFDV,0.0038
2164-SOQXL,0.0167
4020-KIUDI,0.0348
5850-BDWCY,0.132
2038-YSEZE,0.0867
0827-ITJPH,0.0114
8799-OXZMD,0.2297
1705-GUHPV,0.0079
4779-ZGICK,0.0022
0048-PIHNL,0.0336
3967-KXAPS,0.025
3704-IEAXF,0.0066
6810-VCAEX,0.0384
0674-EYYZV,0.7316
4480-MBMLB,0.3267
1395-OFUWC,0.033
0822-QGCXA,0.3851
2832-KJCRD,0.5066
3588-WSTTJ,0.5188
4075-WKNIU,0.0748
5090-EMGTC,0.0775
2346-CZYIL,0.0125
3798-EPWRR,0.487
6258-NGCNG,0.1572
4186-ZBUEW,0.0777
5274-XHAKY,0.0892
1442-BQPVU,0.3297
3978-YNKDD,0.0086
4940-KHCWD,0.0179
9589-ABEPT,0.0782
9388-ZEYVT,0.0982
0305-SQECB,0.0763
7605-SNLQG,0.1554
4670-TABXH,0.1051
0064-SUDOG,0.0058
8561-NMTBD,0.0352
5161-XEUVX,0.0862
8292-FRFZQ,0.0465
8591-NXRCV,0.1456
7895-VONWT,0.4703
4526-RMTLL,0.0157
6253-GNHWH,0.0021
4566-NECEV,0.6763
8080-POTJR,0.1457
6906-MPARY,0.1274
3662-FXJFO,0.0096
8107-RZLNV,0.1297
0516-OOHAR,0.0552
2027-CWDNU,0.1722
9912-OMZDS,0.0772
3733-ZEECP,0.0516
7878-RTCZG,0.2868
2452-MRMZF,0.02
7103-IPXPJ,0.2862
4342-HFXWS,0.0081
3545-CNWRG,0.1823
1785-BPHTP,0.1141
4989-LIXVT,0.3485
7315-WYOAW,0.6043
1173-XZPYF,0.6546
2509-TFPJU,0.0115
9530-GRMJG,0.0084
6898-RBTLU,0.0061
5481-NTDOH,0.2605
2068-WWXQZ,0.0097
2061-VVFST,0.0695
0749-IRGQE,0.6125
2380-DAMQP,0.0755
2256-YLYLP,0.0066
1272-ILHFG,0.0086
0164-XAIRP,0.0203
5666-CYCYZ,0.5352
4011-ARPHK,0.0855
6365-HITVU,0.0024
7558-IMLMT,0.0017
9488-FYQAU,0.1131
3590-TCXTB,0.2852
6994-KERXL,0.5326
1960-UOTYM,0.0054
2740-JFBOK,0.2277
6500-JVEGC,0.0984
5245-VDBUR,0.0596
8469-SNFFH,0.0453
2144-ESWKO,0.0668
1241-FPMOF,0.0065
9928-BZVLZ,0.0582
4114-QMKVN,0.0126
2775-SEFEE,0.138
9003-CPATH,0.313
1754-GKYPY,0.6207
7956-XQWGU,0.089
1591-MQJTP,0.2559
2369-FEVNO,0.3684
7471-MQPOS,0.0129
5115-SQAAU,0.003
9845-QOMAD,0.0113
7672-VFMXZ,0.0765
9739-JLPQJ,0.0084
9916-AYHTC,0.0072
3855-ONCAR,0.3041
1488-SYSFC,0.0224
0970-QXPXW,0.2814
3259-KNMRR,0.0508
6120-RJKLU,0.0328
9572-WUKSB,0.6586
5893-KCLGT,0.0044
0076-LVEPS,0.065
3640-JQGJG,0.0523
1596-OQSPS,0.2163
9867-XOBQA,0.0218
9546-KDTRB,0.1137
3174-RKMOW,0.1901
1760-CAZHT,0.0326
8441-SHIPE,0.014
1320-GVNHT,0.0158
1047-RNXZV,0.0085
3541-ZNUHK,0.0737
8725-JEDFD,0.3047
7562-UXTPG,0.4343
8071-SBTRN,0.0694
6668-CNMFP,0.0877
5626-MGTUK,0.4927
5681-LLOEI,0.0255
8212-DJRCH,0.1977
4323-OHFOW,0.2346
4933-BSAIP,0.0148
2030-BTZRO,0.0105
1116-DXXDF,0.0986
6563-VNPMN,0.1534
2267-WTPYD,0.3563
0270-THENM,0.0021
4707-MAXGU,0.013
2710-WYVXG,0.0704
6300-BWMJX,0.3686
7009-LGECI,0.3469
5022-KVDQT,0.4796
7976-CICYS,0.2107
1036-GUDCL,0.0197
2005-DWQZJ,0.0063
8148-WOCMK,0.0051
7815-PDTHL,0.0121
9173-IVZVP,0.0014
9129-UXERG,0.5617
3635-JBPSG,0.1098
7964-ZRKKG,0.2366
6229-LSCKB,0.7093
1724-IQWNM,0.1894
8217-QYOHV,0.22
5546-QUERU,0.0603
6897-UUBNU,0.2275
6127-IYJOZ,0.5653
8930-XOTDP,0.0513
5916-QEWPT,0.6796
5060-TQUQN,0.0776
0531-XBKMM,0.006
8465-SBRXP,0.0251
2408-PSJVE,0.0199
9700-ZCLOT,0.2307
8738-JOKAR,0.041
4534-WGCIR,0.0022
1930-WNXSB,0.1013
3508-CFVZL,0.033
0657-DOGUM,0.0663
8792-AOROI,0.0525
5146-YYFRZ,0.0059
3452-SRFEG,0.2995
4070-OKWVH,0.3646
5297-MDOIR,0.1006
6369-MCAKO,0.0055
4926-UMJZD,0.1619
6848-HJTXY,0.0098
6341-AEVKX,0.2065
0682-USIXD,0.5411
6976-BWGLQ,0.0017
7078-NVFAM,0.0559
8065-QBYTO,0.0826
2133-TSRRM,0.1905
2511-ALLCS,0.0029
3191-CSNMG,0.4252
7952-OBOYL,0.6426
7470-DYNOE,0.0905
7853-OETYL,0.6215
1545-ACTAS,0.0421
5126-RCXYW,0.0048
2363-BJLSL,0.1128
1956-YIFGE,0.0888
7921-LMDFQ,0.196
2925-MXLSX,0.1417
5820-PTRYM,0.0553
9609-BENEA,0.1765
6211-WHMYA,0.1847
4459-BBGHE,0.2486
9945-PSVIP,0.004
9108-EJFJP,0.5376
0530-IJVDB,0.0384
0508-SQWPL,0.0024
2215-ZAFGX,0.7007
8213-TAZPM,0.0385
1304-SEGFY,0.1655
7242-EDTYC,0.0034
2904-GGUAZ,0.0615
5136-GFPMB,0.2757
2595-KIWPV,0.0065
5243-SAOTC,0.2717
9398-MMQTO,0.5737
7619-PLRLP,0.0735
6508-NJYRO,0.0602
4710-NKCAW,0.0537
5306-BVTKJ,0.0125
0357-NVCRI,0.0316
2371-KFUOG,0.0922
0463-ZSDNT,0.325
6257-DTAYD,0.09
4616-ULAOA,0.0204
7746-AWNQW,0.1933
5996-EBTKM,0.0082
2758-RNWXS,0.1579
2314-TNDJQ,0.0029
2405-LBMUW,0.0119
3454-JFUBC,0.0064
9039-ZVJDC,0.2521
9013-AQORL,0.0763
2898-MRKPI,0.0452
2750-BJLSB,0.1666
3648-GZPHF,0.022
2075-RMJIK,0.0788
9588-YRFHY,0.0108
9364-YKUVW,0.1209
5392-AKEMH,0.3356
2451-YMUXS,0.0162
3914-FDRHP,0.4602
3078-ZKNTS,0.0079
1024-KPRBB,0.2293
4690-PKDQG,0.5546
9547-ITEFG,0.3107
1264-FUHCX,0.1789
7789-CRUVC,0.2082
6598-KELSS,0.0453
9972-VAFJJ,0.2253
0422-UXFAP,0.4093
1904-WAJAA,0.0086
5130-YPIRV,0.0294
2843-CQMEG,0.1516
6439-PKTRR,0.0041
5351-QESIO,0.3935
5568-DMXZS,0.3395
8468-FZTOE,0.0042
6633-SYEUS,0.2409
6447-GORXK,0.0868
6967-PEJLL,0.021
5981-ZVXOT,0.3354
1684-FLBGS,0.057
1389-WNUIB,0.0394
0376-OIWME,0.5062
0218-QNVAS,0.041
0804-YGEQV,0.0102
7164-BPTUT,0.0084
2523-EWWZL,0.446
0928-XUTSN,0.6089
0052-YNYOT,0.0181
9586-JGQKH,0.1244
4501-VCPFK,0.2009
6075-SLNIL,0.3879
9347-AERRL,0.0579
2274-XUATA,0.0442
6691-CCIHA,0.0492
1685-BQULA,0.3833
9053-EJUNL,0.4503
0666-UXTJO,0.4725
1471-GIQKQ,0.5378
4807-IZYOZ,0.0068
9710-NJERN,0.0092
9837-FWLCH,0.0478
7203-OYKCT,0.2397
1035-IPQPU,0.5356
7398-LXGYX,0.3557
2823-LKABH,0.5167
0550-DCXLH,0.2176
9281-CEDRU,0.019
2235-DWLJU,0.6788
0871-OPBXW,0.2902
3605-JISKB,0.0546
9767-FFLEM,0.239
8456-QDAVC,0.4771
7750-EYXWZ,0.2891
2569-WGERO,0.0066
6840-RESVB,0.0274
2234-XADUH,0.0446
4801-JZAZL,0.1074
3186-AJIEK,0.0485
