CustomerID,churn_probability,risk_band,in_mailer_list
9840-EFJQB,0.7399,Critical,0
5729-KLZAR,0.7399,Critical,0
5935-FCCNB,0.7396,Critical,0
3462-BJQQA,0.7395,Critical,0
2968-SSGAA,0.7395,Critical,0
3606-TWKGI,0.7385,Critical,0
1465-VINDH,0.7384,Critical,0
6127-ISGTU,0.7384,Critical,0
3329-WDIOK,0.7381,Critical,0
4132-KALRO,0.7376,Critical,0
5569-KGJHX,0.7372,Critical,0
8943-URTMR,0.7372,Critical,0
8083-YTZES,0.7369,Critical,0
4298-OYIFC,0.7369,Critical,0
3320-VEOYC,0.7362,Critical,0
1980-KXVPM,0.7361,Critical,0
7890-VYYWG,0.7355,Critical,0
7767-UXAGJ,0.7355,Critical,0
9874-QLCLH,0.7353,Critical,0
5919-TMRGD,0.735,Critical,0
5937-EORGB,0.734,Critical,0
0515-YPMCW,0.7337,Critical,0
8042-JVNFH,0.7337,Critical,0
6583-KQJLK,0.7334,Critical,0
2260-USTRB,0.7334,Critical,0
5995-SNNEW,0.7332,Critical,0
8752-STIVR,0.7324,Critical,0
7234-FECYN,0.7322,Critical,0
0674-EYYZV,0.7316,Critical,0
4919-IKATY,0.7314,Critical,0
4115-NZRKS,0.7312,Critical,0
2081-VEYEH,0.7311,Critical,0
4210-QFJMF,0.7307,Critical,0
4806-KEXQR,0.7297,Critical,0
9451-LPGOO,0.729,Critical,0
9828-AOQLM,0.7289,Critical,0
8356-WUAOJ,0.7289,Critical,0
7780-OTDSO,0.7287,Critical,0
8242-SOQUO,0.7276,Critical,0
6892-XPFPU,0.7273,Critical,0
4021-RQSNY,0.727,Critical,0
4145-UQXUQ,0.727,Critical,0
2371-JQHZZ,0.7266,Critical,0
5293-WXJAK,0.7265,Critical,0
4636-QRJKY,0.7263,Critical,0
0661-XEYAN,0.7261,Critical,0
4078-SAYYN,0.7257,Critical,0
1251-STYSZ,0.7257,Critical,0
2424-WVHPL,0.7257,Critical,0
1579-KLYDT,0.7255,Critical,0
2969-QWUBZ,0.7254,Critical,0
0236-HFWSV,0.7249,Critical,0
0168-XZKBB,0.7249,Critical,0
7394-FKDNK,0.7241,Critical,0
2612-RRIDN,0.7237,Critical,0
8357-EQXFO,0.7234,Critical,0
1078-TDCRN,0.7226,Critical,0
5565-FILXA,0.7225,Critical,0
8245-UMPYT,0.7225,Critical,0
5949-XIKAE,0.7225,Critical,0
5520-FVEWJ,0.7219,Critical,0
9391-EOYLI,0.7215,Critical,0
8699-ASUFO,0.721,Critical,0
0248-IPDFW,0.721,Critical,0
2276-YDAVZ,0.7204,Critical,0
4123-DVHPH,0.7201,Critical,0
7563-BIUPC,0.7194,Critical,0
0928-JMXNP,0.719,Critical,0
8290-YWKHZ,0.7187,Critical,0
3106-ULWFW,0.7178,Critical,0
2495-INZWQ,0.7178,Critical,0
2430-USGXP,0.7177,Critical,0
7273-TEFQD,0.7175,Critical,0
0925-VYDLG,0.7174,Critical,0
4060-LDNLU,0.7172,Critical,0
2027-FECZV,0.7172,Critical,0
5419-CONWX,0.7168,Critical,0
3247-ZVOUO,0.7168,Critical,0
1731-TVIUK,0.7161,Critical,0
6326-MTTXK,0.7159,Critical,0
4741-WWJQZ,0.7157,Critical,0
6077-BDPXA,0.7152,Critical,0
9633-XQABV,0.7152,Critical,0
5909-ECHUI,0.7147,Critical,0
7245-NIIWQ,0.7141,Critical,0
4450-DLLMH,0.7137,Critical,0
8642-GVWRF,0.7134,Critical,0
6210-KBBPI,0.7122,Critical,0
0612-RTZZA,0.712,Critical,0
0817-HSUSE,0.7117,Critical,0
3703-VAVCL,0.7113,Critical,0
8625-AZYZY,0.7108,Critical,0
5712-PTIWW,0.7108,Critical,0
9253-QXKBE,0.7104,Critical,0
0325-XBFAC,0.7103,Critical,0
9822-OAOVB,0.7102,Critical,0
3063-QFSZL,0.7102,Critical,0
5348-CAGXB,0.7102,Critical,0
2642-DTVCO,0.7101,Critical,0
6432-TWQLB,0.7097,Critical,0
6229-LSCKB,0.7093,Critical,0
8107-KNCIM,0.7089,Critical,0
6979-ZNSFF,0.7086,Critical,0
5229-PRWKT,0.7085,Critical,0
6615-NGGZJ,0.708,Critical,0
3677-IYRBF,0.7076,Critical,0
6956-SMUCM,0.7068,Critical,0
0480-BIXDE,0.7067,Critical,0
2665-NPTGL,0.7067,Critical,0
8417-FMLZI,0.7061,Critical,0
6969-MVBAI,0.7059,Critical,0
0225-ZORZP,0.7054,Critical,0
4501-EQDRN,0.705,Critical,0
3518-PZXZQ,0.7047,Critical,0
8443-WVPSS,0.7045,Critical,0
9102-IAYHT,0.7039,Critical,0
9172-ANCRX,0.7035,Critical,0
1084-UQCHV,0.7034,Critical,0
4229-CZMLL,0.7034,Critical,0
0644-OQMDK,0.7034,Critical,0
6198-RTPMF,0.7032,Critical,0
1960-UYCNN,0.7027,Critical,0
6328-ZPBGN,0.7021,Critical,0
0306-JAELE,0.7017,Critical,0
3904-UKFRE,0.7015,Critical,0
7760-OYPDY,0.7014,Critical,0
1496-GGSUK,0.7013,Critical,0
8931-GJJIQ,0.7013,Critical,0
2612-RANWT,0.7013,Critical,0
7823-JSOAG,0.7011,Critical,0
1309-BXVOQ,0.7008,Critical,0
2215-ZAFGX,0.7007,Critical,0
5649-ANRML,0.7001,Critical,0
4815-GBTCD,0.7,Critical,0
3317-VLGQT,0.6998,Critical,0
9965-YOKZB,0.6998,Critical,0
3370-HXOPH,0.6996,Critical,0
9290-SHCMB,0.6985,Critical,0
8058-JMEQO,0.6983,Critical,0
3398-FSHON,0.6978,Critical,0
1567-DSCIC,0.6977,Critical,0
7571-YXDAD,0.6974,Critical,0
8687-BAFGU,0.697,Critical,0
9094-AZPHK,0.6965,Critical,0
0793-TWELN,0.6961,Critical,0
2645-QTLMB,0.696,Critical,0
8111-RKSPX,0.6957,Critical,0
4195-NZGTA,0.6953,Critical,0
3583-EKAPL,0.695,Critical,0
5501-TVMGM,0.695,Critical,0
1024-VRZHF,0.6945,Critical,0
0685-MLYYM,0.6943,Critical,0
7538-GWHML,0.6943,Critical,0
1184-PJVDB,0.6942,Critical,0
9647-ERGBE,0.6938,Critical,0
0023-XUOPT,0.693,Critical,0
6705-LXORM,0.6926,Critical,0
0122-OAHPZ,0.692,Critical,0
2123-AGEEN,0.692,Critical,0
7240-ETPTR,0.6919,Critical,0
1450-GALXR,0.6915,Critical,0
4395-PZMSN,0.6914,Critical,0
9747-DDZOS,0.6914,Critical,0
5027-QPKTE,0.6911,Critical,0
2740-TVLFN,0.6909,Critical,0
6993-OHLXR,0.6907,Critical,0
8808-ELEHO,0.6906,Critical,0
8040-MNRTF,0.6904,Critical,0
5442-BHQNG,0.6904,Critical,0
7295-JOMMD,0.6903,Critical,0
7156-MHUGY,0.6898,Critical,0
6941-PMGEP,0.6893,Critical,0
7613-LLQFO,0.6891,Critical,0
6683-VLCTZ,0.689,Critical,0
5244-IRFIH,0.689,Critical,0
9050-IKDZA,0.6889,Critical,0
6507-ZJSUR,0.6889,Critical,0
6851-WEFYX,0.6889,Critical,0
0432-CAJZV,0.6889,Critical,0
4094-NSEDU,0.6886,Critical,0
4137-BTIKL,0.6885,Critical,0
8714-CTZJW,0.6885,Critical,0
0840-DFEZH,0.6884,Critical,0
3143-JQEGI,0.6884,Critical,0
6110-OHIHY,0.6884,Critical,0
2685-SREOM,0.6881,Critical,0
2468-SJFLM,0.688,Critical,0
5940-NFXKV,0.6878,Critical,0
8519-IMDHU,0.6877,Critical,0
3496-LFSZU,0.6877,Critical,0
6502-HCJTI,0.6875,Critical,0
9330-IJWIO,0.6874,Critical,0
1602-IJQQE,0.687,Critical,0
2754-SDJRD,0.6861,Critical,0
0519-XUZJU,0.6857,Critical,0
0511-JTEOY,0.6857,Critical,0
3992-YWPKO,0.6849,Critical,0
3138-BKYAV,0.6849,Critical,0
3338-CVVEH,0.6845,Critical,0
4236-XPXAV,0.6842,Critical,0
6923-JHPMP,0.6838,Critical,0
1867-BDVFH,0.6837,Critical,0
1564-NTYXF,0.6835,Critical,0
0848-ZGQIJ,0.6827,Critical,0
3751-KTZEL,0.6825,Critical,0
2575-GFSOE,0.6824,Critical,0
8266-VBFQL,0.6822,Critical,0
2952-QAYZF,0.6818,Critical,0
8433-WXGNA,0.6818,Critical,0
5940-AHUHD,0.6816,Critical,0
0302-JOIVN,0.6815,Critical,0
4367-NHWMM,0.6812,Critical,0
4184-TJFAN,0.6805,Critical,0
6260-ONULR,0.6803,Critical,0
7479-NITWS,0.6802,Critical,0
2180-DXNEG,0.6802,Critical,0
2369-UAPKZ,0.6797,Critical,0
8087-LGYHQ,0.6796,Critical,0
5916-QEWPT,0.6796,Critical,0
4910-AQFFX,0.6794,Critical,0
5429-LWCMV,0.6793,Critical,0
0411-EZJZE,0.6792,Critical,0
2674-MIAHT,0.6791,Critical,0
2235-DWLJU,0.6788,Critical,0
8510-AWCXC,0.6788,Critical,0
0115-TFERT,0.6786,Critical,0
2568-BRGYX,0.6782,Critical,0
0004-TLHLJ,0.6781,Critical,0
6376-GAHQE,0.6771,Critical,0
1200-TUZHR,0.6767,Critical,0
6435-SRWBJ,0.6766,Critical,0
7858-GTZSP,0.6764,Critical,0
4566-NECEV,0.6763,Critical,0
0722-SVSFK,0.6759,Critical,0
1976-CFOCS,0.6759,Critical,0
7537-RBWEA,0.6757,Critical,0
9402-ORRAH,0.6756,Critical,0
6390-DSAZX,0.6754,Critical,0
9588-OZDMQ,0.6747,Critical,0
0258-NOKBL,0.6743,Critical,0
0345-HKJVM,0.6742,Critical,0
4749-VFKVB,0.6737,Critical,0
0151-ONTOV,0.6735,Critical,0
4110-PFEUZ,0.6735,Critical,0
8844-TONUD,0.6734,Critical,0
3565-UNOCC,0.6734,Critical,0
8397-MVTAZ,0.6732,Critical,0
6319-IEJWJ,0.6729,Critical,0
0746-JTRFU,0.6727,Critical,0
7861-UVUFT,0.6725,Critical,0
9239-ZBZZV,0.6724,Critical,0
2080-GKCWQ,0.6723,Critical,0
6215-NQCPY,0.6721,Critical,0
5832-XKAES,0.672,Critical,0
0923-PNFUB,0.6716,Critical,0
2691-NZETQ,0.6715,Critical,0
6437-UKHMV,0.6711,Critical,0
4301-VVZKA,0.671,Critical,0
3427-GGZZI,0.6708,Critical,0
5216-WASFJ,0.6699,Critical,0
2249-YPRNG,0.6697,Critical,0
2868-SNELZ,0.6696,Critical,0
3990-QYKBE,0.6692,Critical,0
4521-YEEHE,0.6689,Critical,0
2057-ZBLPD,0.6686,Critical,0
9227-LUNBG,0.6686,Critical,0
6393-WRYZE,0.6684,Critical,0
5339-PXDVH,0.6684,Critical,0
7130-VTEWQ,0.668,Critical,0
8541-QVFKM,0.668,Critical,0
7851-FLGGQ,0.668,Critical,0
6680-WKXRZ,0.6677,Critical,0
5956-YHHRX,0.6676,Critical,0
9136-ALYBR,0.6675,Critical,0
6032-IGALN,0.6659,Critical,0
2840-XANRC,0.6659,Critical,0
8404-GFGCZ,0.6658,Critical,0
0524-IAVZO,0.6651,Critical,0
4373-MAVJG,0.6649,Critical,0
3074-GQWYX,0.6643,Critical,0
2038-OEQZH,0.664,Critical,0
5884-GCYMI,0.6638,Critical,0
2876-GZYZC,0.6638,Critical,0
1268-ASBGA,0.6635,Critical,0
9809-IMGCQ,0.6635,Critical,0
4349-GFQHK,0.6634,Critical,0
3292-PBZEJ,0.6633,Critical,0
5889-LFOLL,0.6631,Critical,0
2754-VDLTR,0.663,Critical,0
7209-JCUDS,0.6625,Critical,0
7402-EYFXX,0.6625,Critical,0
1195-OIYEJ,0.6622,Critical,0
9992-RRAMN,0.662,Critical,0
5117-IFGPS,0.6618,Critical,0
0378-NHQXU,0.6617,Critical,0
3165-HDOEW,0.6617,Critical,0
8617-ENBDS,0.6617,Critical,0
4514-GFCFI,0.6615,Critical,0
7969-AULMZ,0.6612,Critical,0
3372-KWFBM,0.6611,Critical,0
5519-YLDGW,0.661,Critical,0
2325-NBPZG,0.6609,Critical,0
4854-CIDCF,0.6609,Critical,0
3346-BRMIS,0.66,Critical,0
9741-YLNTD,0.6596,Critical,0
9903-LYSAB,0.6594,Critical,0
0396-YCHWO,0.6593,Critical,0
4855-SNKMY,0.659,Critical,0
3217-FZDMN,0.659,Critical,0
3030-YDNRM,0.6589,Critical,0
0654-HMSHN,0.6588,Critical,0
1028-FFNJK,0.6588,Critical,0
9572-WUKSB,0.6586,Critical,0
4112-LUEIZ,0.6585,Critical,0
9576-ANLXO,0.6583,Critical,0
2026-TGDHM,0.6581,Critical,0
6060-DRTNL,0.6579,Critical,0
0772-GYEQQ,0.6579,Critical,0
7881-EVUAD,0.6578,Critical,0
0330-IVZHA,0.6576,Critical,0
5842-POCOP,0.6575,Critical,0
2568-OIADY,0.6574,Critical,0
4559-UWIHT,0.6573,Critical,0
5868-CZJDR,0.6571,Critical,0
2398-YPMUR,0.657,Critical,0
6128-CZOMY,0.6567,Critical,0
9121-PHQSR,0.6565,Critical,0
6116-RFVHN,0.6555,Critical,0
1285-OKIPP,0.6552,Critical,0
0709-TVGUR,0.6552,Critical,0
4039-HEUNW,0.6551,Critical,0
8875-AKBYH,0.655,Critical,0
3585-ISXZP,0.6547,Critical,0
1173-XZPYF,0.6546,Critical,0
2722-JMONI,0.6545,Critical,0
4077-CROMM,0.6544,Critical,0
8436-BJUMM,0.6543,Critical,0
8708-XPXHZ,0.6543,Critical,0
3753-TSEMP,0.654,Critical,0
9250-WYPLL,0.6539,Critical,0
6198-ZFIOJ,0.6539,Critical,0
6711-FLDFB,0.6537,Critical,0
2774-LVQUS,0.6533,Critical,0
2379-ENZGV,0.6533,Critical,0
6689-TCZHQ,0.6525,Critical,0
8118-LSUEL,0.6515,Critical,0
6860-YRJZP,0.6513,Critical,0
3334-CTHOL,0.6512,Critical,0
6400-BWQKW,0.6507,Critical,0
2397-BRLOM,0.6506,Critical,0
3199-XGZCY,0.6503,Critical,0
1104-TNLZA,0.6503,Critical,0
4884-ZTHVF,0.6502,Critical,0
7079-QRCBC,0.6496,Critical,0
9095-HFAFX,0.6494,Critical,0
0378-TOVMS,0.6492,Critical,0
2439-LYPMQ,0.6491,Critical,0
7442-YGZFK,0.649,Critical,0
3045-XETSH,0.649,Critical,0
1704-NRWYE,0.6488,Critical,0
6986-IXNDM,0.6481,Critical,0
9565-DJPIB,0.648,Critical,0
7802-EFKNY,0.6479,Critical,0
5219-YIPTK,0.6477,Critical,0
7638-QVMVY,0.6473,Critical,0
4074-SJFFA,0.6473,Critical,0
1522-VVDMG,0.6472,Critical,0
5701-YVSVF,0.6472,Critical,0
4351-QLCSU,0.6463,Critical,0
0133-BMFZO,0.646,Critical,0
1751-NCDLI,0.6454,Critical,0
4423-YLHDV,0.6453,Critical,0
4445-ZJNMU,0.6453,Critical,0
2985-FMWYF,0.6452,Critical,0
6166-ILMNY,0.6452,Critical,0
2800-VEQXM,0.6452,Critical,0
8035-PWSEV,0.6443,Critical,0
9360-OMDZZ,0.644,Critical,0
5077-DXTCG,0.6437,Critical,0
4433-JCGCG,0.6434,Critical,0
7176-WIONM,0.6429,Critical,0
3629-ZNKXA,0.6428,Critical,0
7952-OBOYL,0.6426,Critical,0
7005-CCBKV,0.6423,Critical,0
9279-CJEOJ,0.6423,Critical,0
5382-SOYZL,0.6421,Critical,0
3001-CBHLQ,0.6415,Critical,0
2845-AFFTX,0.6415,Critical,0
7142-HVGBG,0.6413,Critical,0
9696-RMYBA,0.6411,Critical,0
2058-DCJBE,0.641,Critical,0
4919-MOAVT,0.6408,Critical,0
3834-XUIFC,0.6407,Critical,0
8111-SLLHI,0.64,Critical,0
8065-YKXKD,0.6399,Critical,0
0135-NMXAP,0.6398,Critical,0
6608-QQLVK,0.6397,Critical,0
4716-HHKQH,0.6392,Critical,0
6030-REHUX,0.6389,Critical,0
6900-PXRMS,0.6388,Critical,0
6000-APYLU,0.6388,Critical,0
3050-GBUSH,0.6387,Critical,0
3249-ZPQRG,0.6384,Critical,0
5883-GTGVD,0.638,Critical,0
3951-NJCVI,0.6379,Critical,0
9912-GVSEQ,0.6375,Critical,0
5044-LRQAQ,0.6373,Critical,0
3866-MDTUB,0.6363,Critical,0
1636-NTNCO,0.6363,Critical,0
6267-DCFFZ,0.6363,Critical,0
9172-JITSM,0.636,Critical,0
2232-DMLXU,0.6347,Critical,0
2688-BHGOG,0.6346,Critical,0
1010-DIAUQ,0.6338,Critical,0
1219-NNDDO,0.6336,Critical,0
3317-HRTNN,0.6336,Critical,0
1342-JPNKI,0.6332,Critical,0
0576-WNXXC,0.633,Critical,0
3957-LXOLK,0.6322,Critical,0
9283-LZQOH,0.6319,Critical,0
7392-YYPYJ,0.6315,Critical,0
8873-GLDMH,0.6314,Critical,0
4029-HPFVY,0.631,Critical,0
4983-CCWMC,0.631,Critical,0
6778-YSNIH,0.6308,Critical,0
2504-DSHIH,0.6307,Critical,0
2135-RXIHG,0.6296,Critical,0
8705-WZCYL,0.6296,Critical,0
2082-CEFLT,0.6296,Critical,0
4373-VVHQL,0.6296,Critical,0
6959-UWKHF,0.6296,Critical,0
1941-HOSAM,0.6295,Critical,0
2209-XADXF,0.6292,Critical,0
7470-MCQTK,0.629,Critical,0
5928-QLDHB,0.6288,Critical,0
4030-VPZBD,0.6286,Critical,0
9600-UDOPK,0.6284,Critical,0
2919-HBCJO,0.6281,Critical,0
4512-ZUIYL,0.6279,Critical,0
5482-PLVPE,0.6274,Critical,0
1891-UAWWU,0.6273,Critical,0
3799-ISUZQ,0.6272,Critical,0
1508-DFXCU,0.6265,Critical,0
3671-SHRSP,0.6261,Critical,0
6907-FLBER,0.626,Critical,0
2386-LAHRK,0.626,Critical,0
4735-ASGMA,0.6254,Critical,0
6918-UMQCG,0.6254,Critical,0
9430-FRQOC,0.6252,Critical,0
6087-MVHJH,0.625,Critical,0
9237-HQITU,0.6247,Critical,0
4929-BSTRX,0.6244,Critical,0
7206-PQBBZ,0.6242,Critical,0
2862-PFNIK,0.6241,Critical,0
5449-FIBXJ,0.624,Critical,0
2979-SXESE,0.6234,Critical,0
6366-ZGQGL,0.6231,Critical,0
6906-ANDWJ,0.623,Critical,0
5976-JCJRH,0.623,Critical,0
8676-TRMJS,0.6225,Critical,0
7912-SYRQT,0.6225,Critical,0
1565-RHDJD,0.6223,Critical,0
5569-OUICF,0.622,Critical,0
8374-XGEJJ,0.622,Critical,0
3663-MITLP,0.622,Critical,0
4317-VTEOA,0.6219,Critical,0
1212-GLHMD,0.6216,Critical,0
7853-OETYL,0.6215,Critical,0
9846-GKXAS,0.6214,Critical,0
8313-NDOIA,0.6214,Critical,0
7137-RYLPP,0.6213,Critical,0
1754-GKYPY,0.6207,Critical,0
6543-XRMYR,0.6197,Critical,0
3647-GMGDH,0.6195,Critical,0
8263-JQAIK,0.6194,Critical,0
6379-RXJRQ,0.6191,Critical,0
0404-SWRVG,0.6191,Critical,0
5357-TZHPP,0.619,Critical,0
4289-DTDKW,0.6188,Critical,0
8714-EUHJO,0.6183,Critical,0
9752-ZNQUT,0.6182,Critical,0
4597-NUCQV,0.618,Critical,0
7831-QGOXH,0.618,Critical,0
2082-OJVTK,0.6174,Critical,0
0674-DGMAQ,0.6173,Critical,0
2041-JIJCI,0.6172,Critical,0
0434-CSFON,0.617,Critical,0
8868-WOZGU,0.6165,Critical,0
3748-FVMZZ,0.6164,Critical,0
1571-SAVHK,0.6163,Critical,0
9734-UYXQI,0.6161,Critical,0
8132-YPVBX,0.616,Critical,0
6338-AVWCY,0.6159,Critical,0
1771-OADNZ,0.6156,Critical,0
3669-LVWZB,0.6148,Critical,0
1932-UEDCX,0.6143,Critical,0
5442-XSDCW,0.6139,Critical,0
6242-MBHPK,0.6136,Critical,0
8634-MPHTR,0.6136,Critical,0
9606-PBKBQ,0.6133,Critical,0
3916-NRPAP,0.6131,Critical,0
7354-OIJLX,0.6131,Critical,0
4633-MKHYU,0.6131,Critical,0
3235-ETOOB,0.613,Critical,0
5119-KEPFY,0.6129,Critical,0
2792-LSHWX,0.6129,Critical,0
5931-FLJJF,0.6129,Critical,0
9734-YWGEX,0.6126,Critical,0
0749-IRGQE,0.6125,Critical,0
0611-DFXKO,0.6125,Critical,0
4706-AXVKM,0.6125,Critical,0
4282-YMKNA,0.6121,Critical,0
1989-PRJHP,0.6117,Critical,0
4652-NNHNY,0.6113,Critical,0
3453-RTHJQ,0.6113,Critical,0
9436-ZBZCT,0.6112,Critical,0
8481-YYXWG,0.611,Critical,0
5896-NPFWW,0.6108,Critical,0
0872-NXJYS,0.6103,Critical,0
2809-ZMYOQ,0.6102,Critical,0
8903-WMRNW,0.6101,Critical,0
4647-MUZON,0.6101,Critical,0
3440-JPSCL,0.6098,Critical,0
7089-IVVAZ,0.6096,Critical,0
1965-AKTSX,0.6094,Critical,0
4236-UJPWO,0.6089,Critical,0
0928-XUTSN,0.6089,Critical,0
9601-BRXPO,0.6087,Critical,0
4587-NUKOX,0.6084,Critical,0
8225-BTJAU,0.6081,Critical,0
2608-BHKFN,0.608,Critical,0
3393-FMZPV,0.608,Critical,0
1583-IHQZE,0.6079,Critical,0
5980-NOPLP,0.6074,Critical,0
9907-SWKKF,0.6069,Critical,0
3312-UUMZW,0.6061,Critical,0
0506-LVNGN,0.6056,Critical,0
2984-MIIZL,0.6054,Critical,0
9895-VFOXH,0.6054,Critical,0
9685-WKZGT,0.6051,Critical,0
7145-FEJWU,0.6051,Critical,0
5288-AHOUP,0.6048,Critical,0
3254-YRILK,0.6044,Critical,0
5047-LHVLY,0.6043,Critical,0
7315-WYOAW,0.6043,Critical,0
5590-BYNII,0.6042,Critical,0
2025-JKFWI,0.6041,Critical,0
6629-CZTTH,0.6039,Critical,0
2272-QAGFO,0.6037,Critical,0
1112-CUNAO,0.6031,Critical,0
4847-QNOKA,0.6029,Critical,0
4763-PGDPO,0.6025,Critical,0
7240-FQLHE,0.6017,Critical,0
1196-AMORA,0.6005,Critical,0
4678-DVQEO,0.6003,Critical,0
1536-HBSWP,0.6003,Critical,0
7786-WBJYI,0.5999,High,0
3223-DWFIO,0.5995,High,0
8650-RHRKE,0.5995,High,0
6581-NQCBA,0.5993,High,0
7284-BUYEC,0.5992,High,0
8260-NGFNY,0.5989,High,0
2107-FBPTK,0.5988,High,0
6651-AZVTJ,0.5986,High,0
3627-FHKBK,0.5985,High,0
0727-IWKVK,0.5983,High,0
6331-EWIEB,0.5983,High,0
5366-IJEQJ,0.5973,High,0
9638-JIQYA,0.5973,High,0
6158-HDPXZ,0.5967,High,0
4385-GZQXV,0.5966,High,0
4658-HCOHW,0.5964,High,0
8709-KRDVL,0.5962,High,0
6821-BUXUX,0.596,High,0
0988-JRWWP,0.596,High,0
3908-BLSYF,0.5956,High,0
5028-GZLDO,0.5948,High,0
0581-BXBUB,0.5946,High,0
3003-CMDUU,0.5944,High,0
0541-FITGH,0.5944,High,0
2815-CPTUL,0.594,High,0
0147-ESWWR,0.5939,High,0
9305-CDSKC,0.5937,High,0
4583-PARNH,0.5931,High,0
5261-QSHQM,0.5925,High,0
5857-TYBCJ,0.5925,High,0
8325-QRPZR,0.5921,High,0
7517-LDMPS,0.5921,High,0
5399-ZIMKF,0.5917,High,0
4291-SHSBH,0.5914,High,0
4059-IIEBK,0.5914,High,0
8445-DNBAE,0.5909,High,0
5364-XYIRR,0.5909,High,0
4686-UXDML,0.5907,High,0
5453-AXEPF,0.5903,High,0
6317-YPKDH,0.5902,High,0
3672-YITQD,0.5896,High,0
6330-JKLPC,0.5893,High,0
5609-CEBID,0.5888,High,0
3717-OEAUQ,0.5887,High,0
6646-VRFOL,0.5883,High,0
1254-IZEYF,0.5882,High,0
5981-ITEMU,0.5881,High,0
8063-GBATB,0.588,High,0
4822-NGOCH,0.588,High,0
7028-DVOIQ,0.5878,High,0
4958-XCBDQ,0.5878,High,0
0354-WYROK,0.5877,High,0
8621-MNIHH,0.5874,High,0
3538-WZPHD,0.5873,High,0
3439-GVUSX,0.5871,High,0
0886-QGENL,0.587,High,0
2357-COQEK,0.5869,High,0
3384-CTMSF,0.5865,High,0
4484-CGXFK,0.5862,High,0
4631-OACRM,0.5862,High,0
5122-CYFXA,0.5857,High,0
1226-IENZN,0.5856,High,0
0256-LTHVJ,0.5852,High,0
0224-RLWWD,0.5847,High,0
6518-LGAOV,0.5846,High,0
6496-JDSSB,0.5846,High,0
4277-PVRAN,0.5846,High,0
8610-WFCJF,0.5844,High,0
2103-ZRXFN,0.5841,High,0
5606-AMZBO,0.5834,High,0
8648-PFRMP,0.5833,High,0
4283-FUTGF,0.5833,High,0
4398-HSCJH,0.583,High,0
4959-JOSRX,0.5829,High,0
8010-EZLOU,0.5828,High,0
0946-CLJTI,0.5827,High,0
5405-ZMYXQ,0.5827,High,0
9048-JVYVF,0.582,High,0
2135-DQWAQ,0.5818,High,0
6715-OFDBP,0.5818,High,0
6877-LGWXO,0.5817,High,0
9840-DVNDC,0.5816,High,0
7056-IMHCC,0.5816,High,0
4817-VYYWS,0.5813,High,0
7511-YMXVQ,0.5808,High,0
7714-YXSMB,0.5805,High,0
6101-IMRMM,0.5804,High,0
8720-RQSBJ,0.5804,High,0
6650-VJONK,0.5802,High,0
4124-MMETB,0.5801,High,0
8861-HGGKB,0.5799,High,0
3318-OSATS,0.5799,High,0
9898-KZQDZ,0.5794,High,0
5628-FCGYG,0.5792,High,0
9921-ZVRHG,0.5791,High,0
2955-BJZHG,0.579,High,0
0265-EDXBD,0.579,High,0
7825-GKXMW,0.5787,High,0
0601-WZHJF,0.5781,High,0
6519-CFDBX,0.578,High,0
6005-OBZPH,0.578,High,0
1194-HVAIF,0.578,High,0
5138-WVKYJ,0.5777,High,0
5599-HVLTW,0.5772,High,0
5228-EXCET,0.5771,High,0
7625-XCQRH,0.5768,High,0
5307-DZCVC,0.5766,High,0
8739-WWKDU,0.5765,High,0
8104-OSKWT,0.5765,High,0
5647-FXOTP,0.5764,High,0
0689-NKYLF,0.5763,High,0
3999-QGRJH,0.576,High,0
1016-DJTSV,0.576,High,0
4154-AQUGT,0.5759,High,0
9824-BEMCV,0.5759,High,0
1262-OPMFY,0.5758,High,0
0899-LIIBW,0.5757,High,0
6595-YGXIT,0.5755,High,0
6899-PPEEA,0.575,High,0
9208-OLGAQ,0.5747,High,0
6833-JMZYP,0.5746,High,0
2187-PKZAY,0.5745,High,0
9398-MMQTO,0.5737,High,0
9574-RKJIF,0.5732,High,0
6029-WTIPC,0.5727,High,0
8543-MSDMF,0.5727,High,0
7422-WNBTY,0.5724,High,0
9961-JBNMK,0.5724,High,0
5087-SUURX,0.5718,High,0
5480-HPRRX,0.5713,High,0
6048-QBXKL,0.5713,High,0
1666-JXLKU,0.5712,High,0
8224-DWCKX,0.5711,High,0
0939-YAPAF,0.571,High,0
8180-AKMJV,0.5703,High,0
8950-MTZNV,0.5693,High,0
5696-QURRL,0.5693,High,0
7663-RGWBC,0.5693,High,0
3566-HJGPK,0.5693,High,0
8485-GJCDN,0.5692,High,0
1475-VWVDO,0.5691,High,0
0420-HLGXF,0.5691,High,0
4299-SIMNS,0.5688,High,0
8993-PHFWD,0.5687,High,0
4706-DGAHW,0.5683,High,0
8080-DDEMJ,0.5683,High,0
9637-EIHEQ,0.568,High,0
5173-WXOQV,0.5679,High,0
6413-XKKPU,0.5676,High,0
3488-PGMQJ,0.5675,High,0
7242-QZLXF,0.567,High,0
9885-AIBVB,0.5669,High,0
8784-CGILN,0.5668,High,0
0310-MVLET,0.5667,High,0
8008-HAWED,0.5665,High,0
6595-COKXZ,0.5661,High,0
7065-YUNRY,0.5661,High,0
5960-MVTUK,0.5659,High,0
0148-DCDOS,0.5659,High,0
3536-IQCTX,0.5659,High,0
6127-IYJOZ,0.5653,High,0
1597-FZREH,0.5649,High,0
4572-DVCGN,0.5643,High,0
2754-XBHTB,0.5641,High,0
5183-SNMJQ,0.5641,High,0
8337-MSSXB,0.5635,High,0
4662-EKDPQ,0.5634,High,0
3082-VQXNH,0.5626,High,0
4201-JMNGR,0.5626,High,0
0895-DQHEW,0.562,High,0
9129-UXERG,0.5617,High,0
2114-MGINA,0.5616,High,0
8937-RDTHP,0.5615,High,0
1478-VPOAD,0.5613,High,0
3234-VKACU,0.5613,High,0
3597-MVHJT,0.5607,High,0
3096-JRDSO,0.5607,High,0
9448-REEVD,0.5604,High,0
3966-HRMZA,0.5599,High,0
2154-KVJFF,0.5597,High,0
0875-CABNR,0.5596,High,0
2311-QYMUQ,0.5595,High,0
7359-PTSXY,0.5594,High,0
4816-JBHOV,0.5591,High,0
3754-DXMRT,0.5591,High,0
2344-JMOGN,0.5588,High,0
3420-ZDBMA,0.5585,High,0
4484-GLZOU,0.5582,High,0
1766-GKNMI,0.5581,High,0
1875-QIVME,0.5581,High,0
0125-LZQXK,0.5581,High,0
2528-HFYZX,0.5579,High,0
3995-WFCSM,0.5576,High,0
9415-DPEWS,0.5576,High,0
2080-CAZNM,0.5575,High,0
2675-DHUTR,0.5574,High,0
1866-RZZQS,0.5573,High,0
1942-OQFRW,0.5573,High,0
8017-LXHFA,0.5572,High,0
6542-LWGXJ,0.5572,High,0
3716-UVSPD,0.557,High,0
4553-DVPZG,0.5569,High,0
5439-WIKXB,0.5567,High,0
4238-JSSWH,0.5566,High,0
3658-KIBGF,0.5563,High,0
3961-SXAXY,0.556,High,0
3926-CUQZX,0.556,High,0
0947-IDHRQ,0.5559,High,0
3640-PHQXK,0.5558,High,0
2037-SGXHH,0.5554,High,0
6770-XUAGN,0.5552,High,0
7801-KICAO,0.5549,High,0
1612-EOHDH,0.5549,High,0
5692-FPTAH,0.5549,High,0
6712-OAWRH,0.5548,High,0
3737-GCSPV,0.5548,High,0
4690-PKDQG,0.5546,High,0
2378-VTKDH,0.5536,High,0
3932-CMDTD,0.5535,High,0
3070-DVEYC,0.5531,High,0
4971-PUYQO,0.5531,High,0
4237-RLAQD,0.5529,High,0
1658-TJVOA,0.5524,High,0
3365-SAIGS,0.5523,High,0
7207-RMRDB,0.5519,High,0
4441-NIHPT,0.5519,High,0
8393-DLHGA,0.5519,High,0
0876-WDUUZ,0.5518,High,0
4612-SSVHJ,0.5516,High,0
2962-XPMCQ,0.5514,High,0
0196-JTUQI,0.5512,High,0
7426-RHZGU,0.5511,High,0
6339-YPSAH,0.5511,High,0
1513-XNPPH,0.5509,High,0
4536-PLEQY,0.5507,High,0
4505-EXZHB,0.5501,High,0
2408-WITXK,0.5501,High,0
8695-ARGXZ,0.5501,High,0
9658-WYUFB,0.5499,High,0
6185-TASNN,0.5498,High,0
3934-HXCFZ,0.5497,High,0
6704-UTUKK,0.5497,High,0
5828-AVIPD,0.5494,High,0
9524-EGPJC,0.5492,High,0
9560-ARGQJ,0.5492,High,0
1833-TCXKK,0.5491,High,0
4128-ETESU,0.5482,High,0
1660-HSOOQ,0.5477,High,0
8270-RKSAP,0.5473,High,0
9526-BIHHD,0.5473,High,0
1343-EHPYB,0.5472,High,0
4065-JJAVA,0.5465,High,0
9921-QFQUL,0.5465,High,0
3223-WZWJM,0.5463,High,0
5552-ZNFSJ,0.5462,High,0
1963-SVUCV,0.5462,High,0
2275-RBYQS,0.5462,High,0
9058-CBREO,0.546,High,0
6522-YRBXD,0.5455,High,0
4822-YCXMX,0.5453,High,0
9692-TUSXH,0.5453,High,0
7783-YKGDV,0.5452,High,0
5899-MQZZL,0.5449,High,0
5922-ABDVO,0.5447,High,0
2141-RRYGO,0.5447,High,0
2034-CGRHZ,0.5447,High,0
0320-JDNQG,0.5445,High,0
0082-LDZUE,0.5445,High,0
7739-LAXOG,0.5445,High,0
3398-ZOUAA,0.5439,High,0
6377-WHAOX,0.5437,High,0
6583-QGCSI,0.5437,High,0
8710-YGLWG,0.5432,High,0
5133-POWUA,0.5432,High,0
9117-SHLZX,0.5432,High,0
0947-MUGVO,0.5431,High,0
2049-BAFNW,0.5428,High,0
8640-SDGKB,0.5421,High,0
8922-LIEGH,0.5417,High,0
6217-TOWGS,0.5417,High,0
5889-JTMUL,0.5415,High,0
4998-IKFSE,0.5414,High,0
9214-EKVXR,0.5414,High,0
2712-SYWAY,0.5413,High,0
0682-USIXD,0.5411,High,0
5498-TXHLF,0.5411,High,0
9167-APMXZ,0.5408,High,0
6907-NZZIJ,0.5407,High,0
6689-KXGBO,0.54,High,0
0578-SKVMF,0.5396,High,0
4704-ERYFC,0.5393,High,0
3755-JBMNH,0.5391,High,0
5536-RTPWK,0.5388,High,0
8160-HOWOX,0.5387,High,0
8280-MQRQN,0.5384,High,0
5989-PGKJB,0.5383,High,0
2592-SEIFQ,0.5381,High,0
2207-NHRJK,0.5381,High,0
9743-DQKQW,0.5381,High,0
1471-GIQKQ,0.5378,High,0
1792-UXAFY,0.5378,High,0
5233-AOZUF,0.5377,High,0
1013-QCWAM,0.5377,High,0
9108-EJFJP,0.5376,High,0
2761-XECQW,0.5373,High,0
5373-SFODM,0.5373,High,0
9529-OFXHY,0.5371,High,0
2956-GGUCQ,0.5369,High,0
3757-NJYBX,0.5366,High,0
8949-JTMAY,0.536,High,0
5759-RCVCB,0.5359,High,0
6017-PPLPX,0.5359,High,0
7395-IGJOS,0.5357,High,0
8212-CRQXP,0.5357,High,0
1035-IPQPU,0.5356,High,0
4480-QQRHC,0.5354,High,0
0887-HJGAR,0.5353,High,0
5666-CYCYZ,0.5352,High,0
7718-RXDGG,0.5351,High,0
6656-JWRQX,0.535,High,0
4873-ILOLJ,0.5347,High,0
4013-UBXWQ,0.5347,High,0
9168-INPSZ,0.5343,High,0
5356-CSVSQ,0.5343,High,0
9408-SSNVZ,0.5336,High,0
4325-NFSKC,0.5335,High,0
9274-UARKJ,0.5332,High,0
0637-UBJRP,0.5332,High,0
0067-DKWBL,0.5331,High,0
0447-RXSGD,0.5331,High,0
9866-QEVEE,0.5331,High,0
0324-BRPCJ,0.5331,High,0
5502-RLUYV,0.533,High,0
4369-HTUIF,0.5326,High,0
6994-KERXL,0.5326,High,0
5923-GXUOC,0.5325,High,0
1302-UHBDD,0.5324,High,0
6175-IRFIT,0.5324,High,0
4729-XKASR,0.5322,High,0
5167-GBFRE,0.5322,High,0
3791-LGQCY,0.5319,High,0
7126-RBHSD,0.5318,High,0
9927-DSWDF,0.5317,High,0
1928-BXYIV,0.5316,High,0
1845-ZLLIG,0.5316,High,0
5879-SESNB,0.5316,High,0
0221-WMXNQ,0.5315,High,0
9643-YBLUR,0.531,High,0
1907-UBQFC,0.5309,High,0
9732-KPKBW,0.5306,High,0
0637-YLETY,0.5305,High,0
0096-BXERS,0.5299,High,0
9512-UIBFX,0.5297,High,0
9190-MFJLN,0.5295,High,0
9763-PDTKK,0.5292,High,0
8128-YVJRG,0.529,High,0
7993-PYKOF,0.5287,High,0
2322-VCZHZ,0.5285,High,0
4248-QPAVC,0.5283,High,0
8785-CJSHH,0.5281,High,0
8168-UQWWF,0.5281,High,0
4547-KQRTM,0.528,High,0
1373-ORVIZ,0.528,High,0
2079-FBMZK,0.5279,High,0
9050-QLROH,0.5275,High,0
7404-JLKQG,0.5275,High,0
9133-AYJZG,0.5272,High,0
9851-KIELU,0.527,High,0
9206-GVPEQ,0.5268,High,0
0428-IKYCP,0.5267,High,0
7410-YTJIK,0.5267,High,0
8854-CCVSQ,0.5262,High,0
4009-ALQFH,0.526,High,0
5669-SRAIP,0.5259,High,0
6032-KRXXO,0.5256,High,0
9821-POOTN,0.5256,High,0
9940-HPQPG,0.5255,High,0
8063-RJYNF,0.525,High,0
4257-GAESD,0.5248,High,0
2203-GHNWN,0.5247,High,0
9506-UXUSK,0.5247,High,0
2860-RANUS,0.5243,High,0
0577-WHMEV,0.5238,High,0
4550-VBOFE,0.5237,High,0
9699-UBQFS,0.5237,High,0
0620-DLSLK,0.5235,High,0
7924-GJZFI,0.5233,High,0
0177-PXBAT,0.5231,High,0
0623-GDISB,0.523,High,0
1251-KRREG,0.523,High,0
8818-XYFCQ,0.5228,High,0
4446-BZKHU,0.5228,High,0
5605-IYGFG,0.5227,High,0
4183-MYFRB,0.5226,High,0
0869-PAPRP,0.5226,High,0
4619-EVPHY,0.5223,High,0
2482-CZGBB,0.5223,High,0
9552-TGUZV,0.5222,High,0
7270-BDIOA,0.5221,High,0
2018-QKYGT,0.5221,High,0
8429-XIBUM,0.5221,High,0
9445-SZLCH,0.522,High,0
8938-UMKPI,0.5217,High,0
5652-MSDEY,0.5217,High,0
7318-EIVKO,0.5215,High,0
6178-KFNHS,0.5209,High,0
8468-EHYJA,0.5208,High,0
6543-CPZMK,0.5206,High,0
3211-AAPKX,0.5203,High,0
9090-SGQXL,0.5203,High,0
9801-GDWGV,0.52,High,0
7852-LECYP,0.5199,High,0
9269-CQOOL,0.5194,High,0
5908-QMGOE,0.5194,High,0
5999-LCXAO,0.5192,High,0
4727-MCYZG,0.5192,High,0
2974-GGUXS,0.519,High,0
1816-FLZDK,0.519,High,0
3588-WSTTJ,0.5188,High,0
2675-OTVVJ,0.5186,High,0
2959-FENLU,0.5179,High,0
2951-QOQTK,0.5175,High,0
5747-PMBSQ,0.5175,High,0
6204-IEUXJ,0.5173,High,0
7534-BFESC,0.517,High,0
8999-BOHSE,0.517,High,0
0397-GZBBC,0.5169,High,0
2823-LKABH,0.5167,High,0
2739-CACDQ,0.5167,High,0
3336-JORSO,0.5165,High,0
5650-VDUDS,0.5165,High,0
9465-RWMXL,0.5163,High,0
1319-YLZJG,0.5163,High,0
1777-JYQPJ,0.5159,High,0
6486-LHTMA,0.5158,High,0
5480-TBGPH,0.5156,High,0
5543-QDCRY,0.5153,High,0
8818-DOPVL,0.5149,High,0
5959-BELXA,0.5147,High,0
0708-LGSMF,0.5145,High,0
7321-PKUYW,0.5142,High,0
2043-WVTQJ,0.5142,High,0
1658-BYGOY,0.514,High,0
0114-PEGZZ,0.5138,High,0
9492-TOKRI,0.5136,High,0
1723-HKXJQ,0.5133,High,0
9494-MRNYX,0.5128,High,0
7579-OOPEC,0.5128,High,0
4803-AXVYP,0.5126,High,0
0958-YHXGP,0.5123,High,0
8155-IBNHG,0.5122,High,0
5655-JSMZM,0.5121,High,0
2189-WWOEW,0.512,High,0
3703-KBKZP,0.5119,High,0
3312-ZWLGF,0.5117,High,0
0529-ONKER,0.5116,High,0
3858-VOBET,0.5115,High,0
3211-ILJTT,0.5113,High,0
6298-QDFNH,0.5111,High,0
0952-KMEEH,0.5105,High,0
0940-OUQEC,0.5097,High,0
0337-CNPZE,0.5095,High,0
5099-BAILX,0.5092,High,0
8286-AFUYI,0.5092,High,0
5533-NHFRF,0.5091,High,0
5331-RGMTT,0.509,High,0
8824-RWFXJ,0.5089,High,0
5968-VXZLG,0.5083,High,0
9600-NAXZN,0.5082,High,0
7978-DKUQH,0.5082,High,0
6212-ATMLK,0.5078,High,0
5364-EVNIB,0.5077,High,0
7480-QNVZJ,0.5076,High,0
3771-PZOBW,0.5074,High,0
5461-QKNTN,0.5074,High,0
3768-NLUBH,0.5073,High,0
1100-DDVRV,0.5069,High,0
2988-PLAHS,0.5066,High,0
0491-KAPQG,0.5066,High,0
2832-KJCRD,0.5066,High,0
9093-FPDLG,0.5064,High,0
9365-SRSZE,0.5063,High,0
0376-OIWME,0.5062,High,0
6719-OXYBR,0.5056,High,0
4546-FOKWR,0.5053,High,0
8364-TRMMK,0.5052,High,0
5760-FXFVO,0.505,High,0
9773-PEQBZ,0.5048,High,0
4547-LYTDD,0.5048,High,0
1236-WFCDV,0.5042,High,0
8645-KWHJO,0.5041,High,0
0376-YMCJC,0.5035,High,0
6173-GOLSU,0.5033,High,0
5271-DBYSJ,0.503,High,0
0322-YINQP,0.5027,High,0
7794-JASDG,0.5027,High,0
7233-DRTRF,0.5024,High,0
7077-XJMET,0.5024,High,0
2373-NTKOD,0.5022,High,0
5385-SUIRI,0.502,High,0
1469-LBJQJ,0.5018,High,0
6145-NNPNO,0.5013,High,0
8800-JOOCF,0.5011,High,0
7312-XSBAT,0.501,High,0
3005-TYFRD,0.5009,High,0
4607-CHPCA,0.5009,High,0
1428-GTBJJ,0.5004,High,0
2637-FKFSY,0.5003,High,0
2277-DJJDL,0.5002,High,0
8276-MQBYC,0.5,High,0
8182-BJDSI,0.5,High,0
6347-DCUIK,0.4999,High,0
2603-HVKCG,0.4998,High,0
2474-BRUCM,0.4998,High,0
3278-FSIXX,0.4998,High,0
0921-OHLVP,0.4997,High,0
6771-XWBDM,0.4995,High,0
1794-HBQTJ,0.4993,High,0
9851-QXEEQ,0.4993,High,0
2692-BUCFV,0.4983,High,0
7658-UYUQS,0.4981,High,0
7587-RZNME,0.4976,High,0
8914-RBTSB,0.4975,High,0
5055-MGMGF,0.4969,High,0
7011-CVEUC,0.4966,High,0
4659-NZRUF,0.4965,High,0
6034-YMTOB,0.4964,High,0
1230-QAJDW,0.4962,High,0
9174-FKWZE,0.4962,High,0
6243-OZGFH,0.4962,High,0
4537-DKTAL,0.4959,High,0
9625-QSTYE,0.4958,High,0
0212-ISBBF,0.4957,High,0
2347-WKKAE,0.4956,High,0
8066-POXGX,0.4956,High,0
2697-NQBPF,0.4956,High,0
7278-CKDNC,0.4955,High,0
8849-AYPTR,0.4955,High,0
4817-QRJSX,0.4954,High,0
3269-ATYWD,0.4951,High,0
7503-QQRVF,0.4948,High,0
1304-BCCFO,0.4946,High,0
1101-SSWAG,0.4943,High,0
1589-AGTLK,0.494,High,0
0581-MDMPW,0.494,High,0
7754-IXRMC,0.4939,High,0
6284-AHOOQ,0.4938,High,0
6402-ZFPPI,0.4937,High,0
4472-LVYGI,0.4935,High,0
6352-TWCAU,0.4935,High,0
1728-CXQBE,0.4928,High,0
5626-MGTUK,0.4927,High,0
4391-RESHN,0.4927,High,0
0402-CQAJN,0.4922,High,0
6078-VESFR,0.492,High,0
7703-ZEKEF,0.4918,High,0
2971-SGAFL,0.4917,High,0
4581-LNWUM,0.4917,High,0
0374-AACSZ,0.4916,High,0
5950-AAAGJ,0.4915,High,0
5019-GQVCR,0.4912,High,0
3853-LYGAM,0.4911,High,0
8878-HMWBV,0.4909,High,0
8064-RAVOH,0.4907,High,0
5698-BQJOH,0.4905,High,0
6103-BOCOU,0.49,High,0
9278-VZKCD,0.4899,High,0
4671-LXRDQ,0.4896,High,0
6599-RCLCJ,0.4895,High,0
9369-XFEHK,0.4892,High,0
3550-SAHFP,0.4891,High,0
0315-LVCRK,0.4889,High,0
2582-FFFZR,0.4886,High,0
0641-EVBOJ,0.4884,High,0
5914-DVBWJ,0.4884,High,0
8757-TFHHJ,0.4883,High,0
0322-CHQRU,0.4882,High,0
4360-PNRQB,0.4881,High,0
2362-IBOOY,0.488,High,0
3744-ZRRDZ,0.4879,High,0
9058-MJLZC,0.4878,High,0
3798-EPWRR,0.487,High,0
9947-OTFQU,0.4869,High,0
1173-NOEYG,0.4869,High,0
1307-ATKGB,0.4868,High,0
4566-GOLUK,0.4867,High,0
5016-IBERQ,0.4863,High,0
4816-LXZYW,0.4862,High,0
2507-QZPQS,0.4858,High,0
5692-ICXLW,0.4857,High,0
7339-POGZN,0.4853,High,0
2480-JZOSN,0.4848,High,0
8167-GJLRN,0.4848,High,0
9796-BPKIW,0.4843,High,0
6365-MTGZX,0.4843,High,0
8019-ENHXU,0.484,High,0
2067-QYTCF,0.4838,High,0
7814-LEEVE,0.4838,High,0
3946-MHCZW,0.4837,High,0
4146-SVFUD,0.4837,High,0
6982-SSHFK,0.4837,High,0
5673-TIYIB,0.4837,High,0
2672-OJQZP,0.4837,High,0
7901-TBKJX,0.4835,High,0
7508-SMHXL,0.4835,High,0
4315-MURBD,0.4834,High,0
7979-CORPM,0.4831,High,0
9490-DFPMD,0.4828,High,0
0311-UNPFF,0.4825,High,0
0599-XNYDO,0.482,High,0
2519-FAKOD,0.4817,High,0
1894-IGFSG,0.4817,High,0
3088-LHEFH,0.4814,High,0
6661-HBGWL,0.4813,High,0
1728-BQDMA,0.4812,High,0
5144-TVGLP,0.4812,High,0
0362-ZBZWJ,0.4811,High,0
5233-GEEAX,0.4809,High,0
6982-UQZLY,0.4806,High,0
3804-RVTGV,0.4805,High,0
5630-IXDXV,0.4805,High,0
7599-FKVXZ,0.48,High,0
5022-KVDQT,0.4796,High,0
1142-WACZW,0.4792,High,0
7529-ZDFXI,0.479,High,0
3627-FCRDW,0.479,High,0
8563-OYMQY,0.4789,High,0
6240-EURKS,0.4787,High,0
3413-BMNZE,0.4787,High,0
9540-JYROE,0.4787,High,0
3884-HCSWG,0.4786,High,0
3002-WQZWT,0.4783,High,0
2195-ZRVAX,0.478,High,0
5899-OUVKV,0.4773,High,0
8456-QDAVC,0.4771,High,0
3196-NVXLZ,0.4769,High,0
2692-PFYTJ,0.4767,High,0
1384-RCUXW,0.4765,High,0
1264-BYWMS,0.4764,High,0
2615-YVMYX,0.4763,High,0
3806-DXQOM,0.4763,High,0
2694-CIUMO,0.4759,High,0
7841-TZDMQ,0.4755,High,0
1597-LHYNC,0.4752,High,0
3315-TOTBP,0.4752,High,0
8837-VVWLQ,0.4752,High,0
3348-CFRNX,0.4751,High,0
0818-OCPZO,0.4749,High,0
8685-WHQPW,0.4748,High,0
2573-GYRUU,0.4747,High,0
9661-ACXBS,0.4744,High,0
1271-SJBGZ,0.4743,High,0
8654-DHAOW,0.4742,High,0
2372-HWUHI,0.4741,High,0
1580-BMCMR,0.474,High,0
9432-VOFYX,0.4739,High,0
6635-CPNUN,0.4737,High,0
8565-CLBZW,0.4735,High,0
5482-VXSXJ,0.4734,High,0
2831-EBWRN,0.4732,High,0
4818-QIUFN,0.4732,High,0
4902-OHLSK,0.4728,High,0
5419-KLXBN,0.4727,High,0
0666-UXTJO,0.4725,High,0
2108-XWMPY,0.472,High,0
9714-EDSUC,0.4717,High,0
5226-NOZFC,0.471,High,0
9620-ENEJV,0.4708,High,0
7048-GXDAY,0.4708,High,0
7895-VONWT,0.4703,High,0
3137-LUPIX,0.4702,High,0
0570-BFQHT,0.4702,High,0
5590-YRFJT,0.4699,High,0
0093-EXYQL,0.4698,High,0
3669-OYSJI,0.4696,High,0
1436-ZMJAN,0.4696,High,0
6961-VCPMC,0.4696,High,0
1587-FKLZB,0.4695,High,0
7460-ITWWP,0.4695,High,0
0407-BDJKB,0.4692,High,0
2027-WKXMW,0.469,High,0
4220-TINQT,0.469,High,0
9518-XXBXE,0.469,High,0
7054-LGEQW,0.4689,High,0
4193-ORFCL,0.4688,High,0
2091-RFFBA,0.4688,High,0
4818-DRBQT,0.4686,High,0
6235-VDHOM,0.4686,High,0
0410-IPFTY,0.4684,High,0
1092-GANHU,0.468,High,0
6458-CYIDZ,0.4677,High,0
9944-AEXBM,0.4677,High,0
2085-BOJKI,0.4676,High,0
4430-UZIPO,0.4674,High,0
2100-BDNSN,0.4674,High,0
3761-FLYZI,0.4672,High,0
9286-DOJGF,0.467,High,0
7593-XFKDI,0.467,High,0
4760-THGOT,0.4669,High,0
0778-NELLA,0.4667,High,0
8990-ZXLSU,0.4667,High,0
9667-TKTVZ,0.4666,High,0
2360-RDGRO,0.4665,High,0
8630-FJLIB,0.4664,High,0
0596-BQCEQ,0.4655,High,0
9355-NPPFS,0.4655,High,0
0650-BWOZN,0.4655,High,0
2506-CLAKW,0.4654,High,0
2916-BQZLN,0.4653,High,0
2786-GCDPI,0.4653,High,0
5130-IEKQT,0.4649,High,0
1769-GRUIK,0.4649,High,0
9722-UJOJR,0.4644,High,0
3194-ORPIK,0.4642,High,0
1608-GMEWB,0.464,High,0
1335-NTIUC,0.4635,High,0
6908-VVYHM,0.4635,High,0
3956-MGXOG,0.4634,High,0
0439-IFYUN,0.4631,High,0
7252-NTGSS,0.463,High,0
4062-HBMOS,0.4629,High,0
1895-QTKDO,0.4629,High,0
0094-OIFMO,0.4628,High,0
1965-DDBWU,0.4627,High,0
2495-KZNFB,0.4627,High,0
2038-LLMLM,0.4626,High,0
7752-XUSCI,0.4624,High,0
5389-FFVKB,0.4624,High,0
7517-SAWMO,0.4624,High,0
2359-KMGLI,0.462,High,0
5858-EAFCZ,0.462,High,0
6172-FECYY,0.4616,High,0
2800-QQUSO,0.4613,High,0
6481-ESCNL,0.4609,High,0
7377-DMMRI,0.4608,High,0
5365-LLFYV,0.4606,High,0
7675-OZCZG,0.4604,High,0
3665-JATSN,0.4604,High,0
2657-ALMWY,0.4603,High,0
3914-FDRHP,0.4602,High,0
1541-ETJZO,0.4601,High,0
1482-OXZSY,0.4601,High,0
7547-EKNFS,0.4586,High,0
6331-LWDTQ,0.4585,High,0
4361-JEIVL,0.4583,High,0
6128-AQBMT,0.4582,High,0
2040-VZIKE,0.4582,High,0
7641-EUYET,0.4581,High,0
1396-QWFBJ,0.4581,High,0
1891-FZYSA,0.4574,High,0
9244-ZVAPM,0.4572,High,0
5118-MUEYH,0.4571,High,0
3130-ICDUP,0.4569,High,0
8012-SOUDQ,0.4566,High,0
4911-BANWH,0.4564,High,0
6847-KJLTS,0.4559,High,0
3085-QUOZK,0.4554,High,0
6582-OIVSP,0.4554,High,0
0415-MOSGF,0.4554,High,0
2683-BPJSO,0.4552,High,0
8490-BXHEO,0.455,High,0
8778-LMWTJ,0.4549,High,0
0531-ZZJWQ,0.4545,High,0
3677-TNKIO,0.4544,High,0
3352-ALMCK,0.4543,High,0
6888-SBYAI,0.4543,High,0
0093-XWZFY,0.4542,High,0
1670-SVOWZ,0.454,High,0
6047-YHPVI,0.4539,High,0
1323-OOEPC,0.4535,High,0
1582-RAFML,0.4529,High,0
8623-TMRBY,0.4529,High,0
6559-PDZLR,0.4528,High,0
3540-RZJYU,0.4527,High,0
8313-KTIHG,0.4526,High,0
0224-HJAPT,0.4524,High,0
2833-SLKDQ,0.4521,High,0
4526-ZJJTM,0.4521,High,0
2587-EKXTS,0.452,High,0
3481-JHUZH,0.4519,High,0
4636-JGAAI,0.4515,High,0
1346-UFHAX,0.4514,High,0
2873-ZLIWT,0.4513,High,0
9777-WJJPR,0.4513,High,0
2884-GBPFB,0.4508,High,0
1730-ZMAME,0.4504,High,0
9053-EJUNL,0.4503,High,0
8189-XRIKE,0.4503,High,0
1226-UDFZR,0.4503,High,0
2277-VWCNI,0.4502,High,0
1406-PUQVY,0.4501,High,0
2538-OIMXF,0.4499,High,0
3874-EQOEP,0.4496,High,0
2921-XWDJH,0.4495,High,0
9992-UJOEL,0.449,High,0
3323-CPBWR,0.4487,High,0
2696-NARTR,0.4485,High,0
8749-JMNKX,0.4485,High,0
5886-VLQVU,0.4483,High,0
9381-NDKME,0.4482,High,0
1910-FMXJM,0.4477,High,0
3374-LXDEV,0.4473,High,0
3955-JBZZM,0.4471,High,0
6599-SFQVE,0.447,High,0
8584-KMVXD,0.447,High,0
1260-TTRXI,0.4468,High,0
7586-ZATGZ,0.4466,High,0
8885-QSQBX,0.4464,High,0
9469-WEJBT,0.4461,High,0
2523-EWWZL,0.446,High,0
6394-MFYNG,0.4458,High,0
9631-XEYKE,0.4456,High,0
7963-GQRMY,0.4456,High,0
6905-NIQIN,0.4456,High,0
2632-UCGVD,0.4455,High,0
3376-BMGFE,0.4455,High,0
7279-BUYWN,0.4454,High,0
3097-NNSPB,0.4452,High,0
3891-PUQOD,0.4447,High,0
2604-IJPDU,0.4445,High,0
8676-OOQEJ,0.4443,High,0
0975-VOOVL,0.4439,High,0
5153-RTHKF,0.4438,High,0
0107-WESLM,0.4438,High,0
3005-NFMTA,0.4436,High,0
7129-ACFOG,0.443,High,0
6652-YFFJO,0.4429,High,0
3096-IZETN,0.4426,High,0
3838-OZURD,0.4426,High,0
4523-WXCEF,0.442,High,0
1379-FRVEB,0.4411,High,0
7562-GSUHK,0.4406,High,0
0533-BNWKF,0.4396,High,0
2565-JSLRY,0.4393,High,0
4013-TLDHQ,0.4391,High,0
5108-ADXWO,0.4391,High,0
9732-EQMWY,0.439,High,0
7627-JKIAZ,0.4389,High,0
0634-SZPQA,0.4386,High,0
7881-INRLC,0.4385,High,0
7130-YXBRO,0.4383,High,0
2187-LZGPL,0.4382,High,0
1689-YQBYY,0.4373,High,0
8896-BQTTI,0.4372,High,0
1902-XBTFB,0.4371,High,0
7055-HNEOJ,0.4369,High,0
6834-NXDCA,0.4368,High,0
7855-DIWPO,0.4367,High,0
6537-QLGEX,0.4366,High,0
3144-AUDBS,0.4365,High,0
9508-ILZDG,0.4361,High,0
5018-GWURO,0.4356,High,0
1548-FEHVL,0.4354,High,0
6311-UEUME,0.4352,High,0
9576-SYUHJ,0.435,High,0
3976-BWUCK,0.435,High,0
7351-KYHQH,0.435,High,0
2894-QOJRX,0.4349,High,0
3587-PMCOY,0.4346,High,0
6745-JEFZB,0.4343,High,0
7562-UXTPG,0.4343,High,0
8696-JKZNU,0.4341,High,0
1077-HUUJM,0.4337,High,0
0431-APWVY,0.4335,High,0
1550-EENBN,0.4332,High,0
3207-OYBWH,0.433,High,0
0508-OOLTO,0.4317,High,0
6710-HSJRD,0.4317,High,0
0082-OQIQY,0.4314,High,0
2719-BDAQO,0.4311,High,0
9170-CCKOU,0.4309,High,0
2105-PHWON,0.43,High,0
3733-LSYCE,0.4299,High,0
8519-QJGJD,0.4298,High,0
6844-DZKRF,0.4295,High,0
8903-XEBGX,0.4292,High,0
4468-KAZHE,0.4288,High,0
8988-ECPJR,0.4284,High,0
5515-AKOAJ,0.428,High,0
9710-ZUSHQ,0.4274,High,0
8486-AYEQH,0.4274,High,0
1644-IRKSF,0.4273,High,0
4176-FXYBO,0.4272,High,0
9450-TRJUU,0.427,High,0
8993-IZEUX,0.4269,High,0
9979-RGMZT,0.4267,High,0
1169-WCVAK,0.4266,High,0
5609-IMCGG,0.4266,High,0
8819-IMISP,0.4262,High,0
9842-EFSYY,0.4257,High,0
0348-SDKOL,0.4256,High,0
7567-ECMCM,0.4255,High,0
9281-PKKZE,0.4254,High,0
7181-OQCUT,0.4254,High,0
3191-CSNMG,0.4252,High,0
6729-GDNGC,0.4248,High,0
1399-UBQIU,0.4246,High,0
3737-XBQDD,0.424,High,0
9708-HPXWZ,0.424,High,0
1320-REHCS,0.424,High,0
3132-TVFDZ,0.4239,High,0
6946-LMSQS,0.4239,High,0
3943-KDREE,0.4236,High,0
5046-NUHWD,0.4236,High,0
7129-CAKJW,0.4233,High,0
0979-PHULV,0.4233,High,0
4625-EWPTF,0.4228,High,0
3023-GFLBR,0.4228,High,0
3692-JHONH,0.4226,High,0
2607-FBDFF,0.4226,High,0
8058-DMYRU,0.4223,High,0
6625-UTXEW,0.4223,High,0
4983-CLMLV,0.4219,High,0
1427-VERSM,0.4215,High,0
2189-UXTKY,0.4214,High,0
0141-YEAYS,0.4213,High,0
4558-FANTW,0.4213,High,0
7271-AJDTL,0.4212,High,0
4080-IIARD,0.4209,High,0
5934-RMPOV,0.4209,High,0
1391-UBDAR,0.4208,High,0
6402-EJMWF,0.4208,High,0
0916-QOFDP,0.4204,High,0
0129-KPTWJ,0.4201,High,0
0207-MDKNV,0.42,High,0
7343-EOBEU,0.42,High,0
9029-FEGVJ,0.4199,High,0
6693-FRIRW,0.4198,High,0
5222-IMUKT,0.4197,High,0
8985-OOPOS,0.4196,High,0
1564-HJUVY,0.4196,High,0
7020-OZKXZ,0.4193,High,0
7901-HXJVA,0.4191,High,0
5998-VVEJY,0.4188,High,0
6988-CJEYV,0.4187,High,0
3331-HQDTW,0.4186,High,0
9522-BNTHX,0.418,High,0
6845-RGTYS,0.4177,High,0
2070-XYMFH,0.4177,High,0
3466-RITXD,0.4177,High,0
9261-WDCAF,0.4175,High,0
1357-BIJKI,0.4173,High,0
0365-GXEZS,0.417,High,0
7967-HYCDE,0.417,High,0
1855-AGAWH,0.4164,High,0
8718-PTMEZ,0.4158,High,0
2955-PSXOE,0.4157,High,0
1098-TDVUQ,0.4157,High,0
1689-MRZQR,0.4156,High,0
9052-VKDUW,0.415,High,0
2826-DXLQO,0.4149,High,0
6817-WTYHE,0.4148,High,0
8020-BWHYL,0.4148,High,0
2403-BCASL,0.4147,High,0
6985-HAYWX,0.4143,High,0
4718-DHSMV,0.4141,High,0
7030-NJVDP,0.4137,High,0
7401-RUBNK,0.4136,High,0
8257-RZAHR,0.4134,High,0
4238-HFHSN,0.4133,High,0
0927-LCSMG,0.4131,High,0
3069-SSVSN,0.4122,High,0
5650-YLIBA,0.4121,High,0
0963-ZBDRN,0.4121,High,0
5035-BVCXS,0.412,High,0
9776-CLUJA,0.4116,High,0
6859-RKMZJ,0.4115,High,0
3714-NTNFO,0.4109,High,0
5204-QZXPU,0.4107,High,0
7774-OJSXI,0.4107,High,0
3594-KADLU,0.4102,High,0
2988-GBIVW,0.4096,High,0
9889-TMAHG,0.4096,High,0
2625-TRCZQ,0.4096,High,0
0422-UXFAP,0.4093,High,0
1862-SKORY,0.4092,High,0
3577-AMVUX,0.4077,High,0
9026-LHEVG,0.4074,High,0
0374-IOEGQ,0.4071,High,0
1421-HCERK,0.4071,High,0
8327-LZKAS,0.4068,High,0
2257-BOVXD,0.4067,High,0
2157-MXBJS,0.4062,High,0
3987-KQDDU,0.4061,High,0
7929-DMBCV,0.406,High,0
6557-BZXLQ,0.4059,High,0
6339-DKLMK,0.4058,High,0
5522-JBWMO,0.4058,High,0
7481-ATQQS,0.4054,High,0
9367-WXLCH,0.4053,High,0
9169-BSVIN,0.4051,High,0
9462-MJUAW,0.4049,High,0
0390-DCFDQ,0.4049,High,0
7813-ZGGAW,0.4046,High,0
2037-XJFUP,0.4044,High,0
1624-WOIWJ,0.4042,High,0
6692-YQHXC,0.4042,High,0
2309-OSFEU,0.4039,High,0
5404-GGUKR,0.4034,High,0
5281-BUZGT,0.4033,High,0
3058-HJCUY,0.403,High,0
8272-ONJLV,0.4029,High,0
0504-HHAPI,0.4024,High,0
0060-FUALY,0.4023,High,0
2874-YXVVA,0.402,High,0
2501-XWWTZ,0.4017,High,0
2432-TFSMK,0.4013,High,0
4931-TRZWN,0.4013,High,0
7268-IGMFD,0.4007,High,0
2842-JTCCU,0.4003,High,0
5649-RXQTV,0.4002,High,0
8229-TNIQA,0.4001,High,0
9626-WEQRM,0.3997,Medium,0
0836-SEYLU,0.3994,Medium,0
6464-KEXXH,0.3992,Medium,0
4957-TREIR,0.3991,Medium,0
5536-SLHPM,0.3985,Medium,0
2302-ANTDP,0.3982,Medium,0
3688-FTHLT,0.3981,Medium,0
4329-YPDDQ,0.398,Medium,0
8887-IPQNC,0.3977,Medium,0
6233-HXJMX,0.3977,Medium,0
4223-WOZCM,0.3968,Medium,0
3932-IJWDZ,0.3964,Medium,0
4471-KXAUH,0.3964,Medium,0
2273-QCKXA,0.3962,Medium,0
9564-KCLHR,0.3962,Medium,0
2606-RMDHZ,0.3962,Medium,0
3144-KMTWZ,0.3959,Medium,0
5175-WLYXL,0.3958,Medium,0
2640-PMGFL,0.3958,Medium,0
6362-QHAFM,0.3955,Medium,0
8840-DQLGN,0.3949,Medium,0
5208-HFSBT,0.3949,Medium,0
4640-UHDOS,0.3948,Medium,0
9793-WECQC,0.3947,Medium,0
6645-MXQJT,0.3947,Medium,0
0786-VSSUD,0.3945,Medium,0
4831-EOBFE,0.3943,Medium,0
1518-VOWAV,0.3939,Medium,0
6304-IJFSQ,0.3936,Medium,0
5351-QESIO,0.3935,Medium,0
2452-KDRRH,0.3931,Medium,0
2476-YGEFM,0.3925,Medium,0
4948-WBBKL,0.3921,Medium,0
8601-QACRS,0.392,Medium,0
1122-JWTJW,0.3919,Medium,0
1842-EZJMK,0.3917,Medium,0
2227-JRSJX,0.3913,Medium,0
5287-QWLKY,0.3912,Medium,0
7748-UMTRK,0.391,Medium,0
6986-IJDHX,0.3909,Medium,0
4840-ORQXB,0.3906,Medium,0
9667-EQRXU,0.3906,Medium,0
0237-YFUTL,0.3905,Medium,0
1049-FYSYG,0.3905,Medium,0
5312-UXESG,0.3905,Medium,0
4883-QICIH,0.39,Medium,0
4566-QVRRW,0.3898,Medium,0
8806-EAGWC,0.3897,Medium,0
4918-QLLIW,0.3896,Medium,0
3094-JOJAI,0.3894,Medium,0
6207-WIOLX,0.3894,Medium,0
2920-RNCEZ,0.3893,Medium,0
7905-TVXTA,0.3892,Medium,0
9158-VCTQB,0.389,Medium,0
2479-BRAMR,0.3889,Medium,0
2853-CWQFQ,0.3887,Medium,0
0326-VDYXE,0.388,Medium,0
7549-MYGPK,0.388,Medium,0
6075-SLNIL,0.3879,Medium,0
2208-UGTGR,0.3878,Medium,0
7291-CDTMJ,0.3878,Medium,0
2782-LFZVW,0.3878,Medium,0
5485-WUYWF,0.3877,Medium,0
3014-WJKSM,0.3867,Medium,0
5172-MIGPM,0.3865,Medium,0
8982-NHAVY,0.3863,Medium,0
4208-UFFGW,0.3859,Medium,0
8387-MOJJT,0.3858,Medium,0
6135-OZQVA,0.3857,Medium,0
6923-EFPNL,0.3857,Medium,0
7410-OIEDU,0.3856,Medium,0
1853-ARAAQ,0.3856,Medium,0
0924-BJCRC,0.3852,Medium,0
0822-QGCXA,0.3851,Medium,0
4462-CYWMH,0.3841,Medium,0
2478-EEWWM,0.384,Medium,0
5129-JLPIS,0.3839,Medium,0
1228-FZFRV,0.3836,Medium,0
1685-BQULA,0.3833,Medium,0
2519-LBNQL,0.3832,Medium,0
3058-WQDRE,0.383,Medium,0
2474-LCNUE,0.3829,Medium,0
6173-ITPWD,0.3829,Medium,0
5143-EGQFK,0.3826,Medium,0
4976-LNFVV,0.3826,Medium,0
6741-EGCBI,0.3823,Medium,0
9693-XMUOB,0.3822,Medium,0
1550-LOAHA,0.3818,Medium,0
4116-TZAQJ,0.3818,Medium,0
5419-JKZNQ,0.3817,Medium,0
4860-IJUDE,0.3814,Medium,0
9774-NRNAU,0.3814,Medium,0
3923-CSIHK,0.3809,Medium,0
7621-VPNET,0.3805,Medium,0
1501-SGHBW,0.3804,Medium,0
3946-JEWRQ,0.3798,Medium,0
0867-LDTTC,0.3791,Medium,0
5493-SDRDQ,0.379,Medium,0
7047-FWEYA,0.3789,Medium,0
4432-ADRLB,0.3785,Medium,0
4248-HCETZ,0.3783,Medium,0
4897-QSUYC,0.378,Medium,0
2122-YWVYA,0.378,Medium,0
4588-YBNIB,0.378,Medium,0
7298-IZWLY,0.378,Medium,0
7839-QRKXN,0.378,Medium,0
6646-QVXLR,0.3779,Medium,0
3345-PBBFH,0.3778,Medium,0
6591-QGOYB,0.3775,Medium,0
5136-KCKGI,0.3771,Medium,0
5380-WJKOV,0.3769,Medium,0
6646-JPPHA,0.3768,Medium,0
5201-USSQZ,0.3768,Medium,0
8992-CEUEN,0.3767,Medium,0
9281-OFDMF,0.3764,Medium,0
5143-WMWOG,0.3763,Medium,0
7893-IXHRQ,0.3763,Medium,0
2144-BFDSO,0.376,Medium,0
2929-QNSRW,0.3759,Medium,0
8805-JNRAZ,0.3757,Medium,0
2669-OIDSD,0.3756,Medium,0
1465-LNTLJ,0.3755,Medium,0
0455-XFASS,0.3748,Medium,0
0257-ZESQC,0.3748,Medium,0
1156-ZFYDO,0.3746,Medium,0
7277-OZCGZ,0.3742,Medium,0
2181-UAESM,0.3741,Medium,0
7982-VCELR,0.374,Medium,0
7821-DPRQE,0.374,Medium,0
6168-YBYNP,0.3739,Medium,0
8535-SFUTN,0.3737,Medium,0
8695-WDYEA,0.3737,Medium,0
4667-OHGKG,0.3734,Medium,0
0295-QVKPB,0.3734,Medium,0
2081-KJSQF,0.3734,Medium,0
7989-CHGTL,0.3734,Medium,0
2522-AHJXR,0.3733,Medium,0
6818-WOBHJ,0.3731,Medium,0
3797-FKOGQ,0.373,Medium,0
5175-AOBHI,0.3727,Medium,0
4800-VHZKI,0.3726,Medium,0
2267-FPIMA,0.3726,Medium,0
1818-ESQMW,0.3723,Medium,0
5057-LCOUI,0.3723,Medium,0
7067-KSAZT,0.3721,Medium,0
0468-YRPXN,0.3721,Medium,0
1622-HSHSF,0.3718,Medium,0
6121-VZNQB,0.3718,Medium,0
8614-VGMMV,0.3716,Medium,0
8564-LDKFL,0.3716,Medium,0
7798-JVXYM,0.3716,Medium,0
5839-SUYVZ,0.3712,Medium,0
9348-YVOMK,0.3711,Medium,0
9761-XUJWD,0.371,Medium,0
6825-UYPFK,0.3708,Medium,0
4503-BDXBD,0.3707,Medium,0
3845-FXCYS,0.3703,Medium,0
3197-ARFOY,0.3701,Medium,0
3569-EDBPQ,0.37,Medium,0
3717-LNXKW,0.3698,Medium,0
4465-VDKIQ,0.3698,Medium,0
5002-GCQFH,0.3698,Medium,0
9681-KYGYB,0.3696,Medium,0
1095-JUDTC,0.3694,Medium,0
8059-UDZFY,0.3693,Medium,0
3503-TYDAY,0.369,Medium,0
6218-KNUBD,0.3689,Medium,0
5948-UJZLF,0.3688,Medium,0
4829-AUOAX,0.3687,Medium,0
6300-BWMJX,0.3686,Medium,0
2369-FEVNO,0.3684,Medium,0
4661-NJEUX,0.3684,Medium,0
5996-DAOQL,0.3684,Medium,0
6416-YJTTB,0.3684,Medium,0
8305-VHZBZ,0.3684,Medium,0
3452-ABWRL,0.3683,Medium,0
8620-RJPZN,0.3682,Medium,0
0829-XXPLX,0.3674,Medium,0
4307-KTUMW,0.3673,Medium,0
6234-PFPXL,0.3671,Medium,0
8023-QHAIO,0.3669,Medium,0
4958-GZWIY,0.3665,Medium,0
8802-UNOJF,0.3664,Medium,0
3969-GYXEL,0.3663,Medium,0
5572-ZDXHY,0.3661,Medium,0
9819-FBNSV,0.3661,Medium,0
5671-UUNXD,0.366,Medium,0
5895-QSXOD,0.366,Medium,0
9026-RNUJS,0.3651,Medium,0
6469-MRVET,0.365,Medium,0
8033-VCZGH,0.365,Medium,0
9614-RMGHA,0.3648,Medium,0
6038-GCYEC,0.3648,Medium,0
4109-CYRBD,0.3647,Medium,0
4070-OKWVH,0.3646,Medium,0
6259-WJQLC,0.3646,Medium,0
4232-JGKIY,0.3643,Medium,0
5088-QZLRL,0.3643,Medium,0
0512-FLFDW,0.364,Medium,0
7421-ZLUPA,0.3639,Medium,0
8124-NZVGJ,0.3636,Medium,0
6862-CQUMB,0.3634,Medium,0
0430-IHCDJ,0.3631,Medium,0
0471-ARVMX,0.363,Medium,0
6180-YBIQI,0.3627,Medium,0
8981-FJGLA,0.3627,Medium,0
1493-AMTIE,0.3625,Medium,0
4811-JBUVU,0.3624,Medium,0
8566-YPRGL,0.3621,Medium,0
9210-IAHGH,0.3621,Medium,0
4634-JLRJT,0.3621,Medium,0
9272-LSVYH,0.362,Medium,0
3446-QDSZF,0.3617,Medium,0
0761-AETCS,0.3615,Medium,0
1996-DBMUS,0.361,Medium,0
8660-BUETV,0.3607,Medium,0
6633-MPWBS,0.3606,Medium,0
2480-EJWYP,0.3603,Medium,0
2465-BLLEU,0.3603,Medium,0
5906-BFOZT,0.3603,Medium,0
8755-IWJHN,0.3603,Medium,0
1725-MIMXW,0.3603,Medium,0
8901-HJXTF,0.3602,Medium,0
8637-XJIVR,0.3597,Medium,0
0585-EGDDA,0.3596,Medium,0
2519-ERQOJ,0.3594,Medium,0
3571-RFHAR,0.3587,Medium,0
5301-GAUUY,0.3583,Medium,0
9254-RBFON,0.3579,Medium,0
9659-QEQSY,0.3579,Medium,0
0419-YAAPX,0.3577,Medium,0
1215-VFYVK,0.3577,Medium,0
2207-QPJED,0.3575,Medium,0
7272-QDCKA,0.3568,Medium,0
6786-OBWQR,0.3564,Medium,0
1261-FWTTE,0.3563,Medium,0
2267-WTPYD,0.3563,Medium,0
3055-MJDSB,0.3562,Medium,0
2856-NNASM,0.3559,Medium,0
0730-KOAVE,0.3558,Medium,0
0058-EVZWM,0.3558,Medium,0
7789-HKSBS,0.3558,Medium,0
5515-RUGKN,0.3558,Medium,0
7398-LXGYX,0.3557,Medium,0
3500-RMZLT,0.3556,Medium,0
7853-WNZSY,0.3554,Medium,0
5709-LVOEQ,0.3553,Medium,0
0118-JPNOY,0.3552,Medium,0
1635-FJFCC,0.3552,Medium,0
6022-UGGSO,0.355,Medium,0
7636-OWBPG,0.3549,Medium,0
9356-AXGMP,0.3545,Medium,0
4646-QZXTF,0.3542,Medium,0
6821-JPCDC,0.3536,Medium,0
9489-UTFKA,0.3535,Medium,0
8073-IJDCM,0.3534,Medium,0
0670-KDOMA,0.3534,Medium,0
2876-VBBBL,0.3534,Medium,0
9373-WSLOY,0.3533,Medium,0
0363-QJVFX,0.3533,Medium,0
8178-EYZUO,0.3532,Medium,0
1907-YLNYW,0.3532,Medium,0
2272-UOINI,0.3531,Medium,0
8496-EJAUI,0.353,Medium,0
4282-ACRXS,0.3529,Medium,0
2190-BCXEC,0.3528,Medium,0
1763-WQFUK,0.3527,Medium,0
1976-AZZPJ,0.3526,Medium,0
5356-RHIPP,0.3525,Medium,0
9318-NKNFC,0.3525,Medium,0
0003-MKNFE,0.3524,Medium,0
3537-HPKQT,0.3523,Medium,0
7064-FRRSW,0.3521,Medium,0
1329-VHWNP,0.3518,Medium,0
6876-ADESB,0.3518,Medium,0
6351-SCJKT,0.3516,Medium,0
7617-EYGLW,0.3514,Medium,0
2325-WINES,0.3514,Medium,0
2931-FSOHN,0.3514,Medium,0
0623-IIHUG,0.3512,Medium,0
2101-RANCD,0.3511,Medium,0
6629-LADHQ,0.351,Medium,0
2014-MKGMH,0.351,Medium,0
6614-VBEGU,0.3505,Medium,0
5649-TJHOV,0.3504,Medium,0
9578-VRMNM,0.3497,Medium,0
4226-KKDON,0.3497,Medium,0
2303-PJYHN,0.3497,Medium,0
1849-RJYIG,0.3497,Medium,0
3815-SLMEF,0.3493,Medium,0
7554-AKDQF,0.3489,Medium,0
3620-MWJNE,0.3485,Medium,0
4989-LIXVT,0.3485,Medium,0
2886-KEFUM,0.3485,Medium,0
2623-DRYAM,0.3483,Medium,0
8544-GOQSH,0.348,Medium,0
7009-LGECI,0.3469,Medium,0
6227-HWPWX,0.3466,Medium,0
2806-MLNTI,0.3466,Medium,0
4026-SKKHW,0.3466,Medium,0
3668-QPYBK,0.3459,Medium,0
5949-HGVJL,0.3456,Medium,0
5816-QVHRX,0.3453,Medium,0
5438-QMDDL,0.3449,Medium,0
0100-DUVFC,0.3448,Medium,0
2674-MLXMN,0.3446,Medium,0
4791-QRGMF,0.3444,Medium,0
0106-GHRQR,0.3442,Medium,0
5712-AHQNN,0.3442,Medium,0
7758-XKCBS,0.3442,Medium,0
5302-BDJNT,0.3437,Medium,0
8262-COGGB,0.3434,Medium,0
1000-AJSLD,0.3434,Medium,0
1240-KNSEZ,0.3434,Medium,0
0356-ERHVT,0.3428,Medium,0
0015-UOCOJ,0.3423,Medium,0
0475-RIJEP,0.3422,Medium,0
6199-IWKGC,0.3421,Medium,0
2924-KHUVI,0.342,Medium,0
5066-GFJMM,0.3419,Medium,0
2960-NKRSO,0.3416,Medium,0
5813-UECBU,0.3416,Medium,0
4343-EJVQB,0.3414,Medium,0
3162-KKZXO,0.3414,Medium,0
5334-JLAXU,0.3413,Medium,0
8782-LKFPK,0.3413,Medium,0
9474-PHLYD,0.341,Medium,0
1791-PQHBB,0.3409,Medium,0
6818-DJXAA,0.3408,Medium,0
7580-UGXNC,0.3404,Medium,0
2770-NSVDG,0.3402,Medium,0
9919-YLNNG,0.3401,Medium,0
6284-KMNUF,0.3401,Medium,0
5168-MSWXT,0.34,Medium,0
1310-QRITU,0.3397,Medium,0
7075-BNDVQ,0.3396,Medium,0
5568-DMXZS,0.3395,Medium,0
7603-USHJS,0.3395,Medium,0
9584-EXCDZ,0.3395,Medium,0
2898-LSJGD,0.3395,Medium,0
2858-EIMXH,0.3391,Medium,0
3583-KRKMD,0.339,Medium,0
7285-KLOTR,0.3388,Medium,0
9948-YPTDG,0.3388,Medium,0
1091-SOZGA,0.3387,Medium,0
4088-YLDSU,0.3378,Medium,0
2869-ADAWR,0.3377,Medium,0
4007-NHVHI,0.3377,Medium,0
6184-DYUOB,0.3375,Medium,0
1228-ZLNBX,0.3372,Medium,0
4570-QHXHL,0.3372,Medium,0
7869-ZYDST,0.3368,Medium,0
3717-OFRTN,0.3366,Medium,0
0929-PECLO,0.3366,Medium,0
9412-GHEEC,0.3364,Medium,0
7734-DBOAI,0.336,Medium,0
4391-LNRXK,0.3359,Medium,0
5392-AKEMH,0.3356,Medium,0
4390-KYULV,0.3355,Medium,0
5981-ZVXOT,0.3354,Medium,0
2883-ILGWO,0.3354,Medium,0
8450-UYIBU,0.3353,Medium,0
2178-PMGCJ,0.335,Medium,0
8016-NCFVO,0.3344,Medium,0
0742-MOABM,0.3343,Medium,0
0929-HYQEW,0.3343,Medium,0
3043-TYBNO,0.334,Medium,0
3445-HXXGF,0.3337,Medium,0
4061-UKJWL,0.3334,Medium,0
4280-DLSHD,0.3329,Medium,0
9481-IEBZY,0.3328,Medium,0
6726-WEXXK,0.332,Medium,0
3325-FUYCG,0.3318,Medium,0
1481-ZUWZA,0.3317,Medium,0
1871-MOWRM,0.3314,Medium,0
4554-YGZIH,0.3313,Medium,0
3007-FDPEA,0.3311,Medium,0
9233-PSYHO,0.331,Medium,0
4680-KUTAJ,0.3309,Medium,0
3208-YPIOE,0.3308,Medium,0
6624-JDRDS,0.3308,Medium,0
3424-NMNBO,0.3307,Medium,0
7634-WSWDB,0.33,Medium,0
1442-BQPVU,0.3297,Medium,0
5394-SVGJV,0.3296,Medium,0
1258-YMZNM,0.3296,Medium,0
0621-HJWXJ,0.3295,Medium,0
9526-JAWYF,0.329,Medium,0
7975-TZMLR,0.329,Medium,0
3756-VNWDH,0.3286,Medium,0
6711-VTNRE,0.3285,Medium,0
9780-FKVVF,0.3284,Medium,0
3898-GUYTS,0.3278,Medium,0
7459-RRWQZ,0.3277,Medium,0
8388-FYNPZ,0.3272,Medium,0
2927-QRRQV,0.327,Medium,0
4480-MBMLB,0.3267,Medium,0
6917-IAYHD,0.3266,Medium,0
4188-FRABG,0.3266,Medium,0
6987-XQSJT,0.3266,Medium,0
5649-VUKMC,0.3265,Medium,0
1918-ZBFQJ,0.3264,Medium,0
7636-XUHWW,0.3263,Medium,0
5103-MHMHY,0.3263,Medium,0
6576-FBXOJ,0.3261,Medium,0
8739-QOTTN,0.3261,Medium,0
2386-OWURY,0.3259,Medium,0
1480-IVEVR,0.3257,Medium,0
9314-IJWSQ,0.3257,Medium,0
3419-SNJJD,0.3256,Medium,0
3842-QTGDL,0.3256,Medium,0
5311-IHLEI,0.3253,Medium,0
7017-VFULY,0.3253,Medium,0
3814-MLAXC,0.3252,Medium,0
9812-GHVRI,0.3251,Medium,0
7504-UWHNB,0.3251,Medium,0
0463-ZSDNT,0.325,Medium,0
1848-LBZHY,0.3245,Medium,0
5708-EVONK,0.3244,Medium,0
7693-LCKZL,0.3242,Medium,0
3522-CDKHF,0.3242,Medium,0
1335-HQMKX,0.3238,Medium,0
9530-EHPOH,0.3231,Medium,0
8149-AIQCG,0.3229,Medium,0
5542-DHSXL,0.3229,Medium,0
4695-VADHF,0.3228,Medium,0
5146-CBVOE,0.3227,Medium,0
6439-GTPCA,0.3226,Medium,0
8751-EDEKA,0.3214,Medium,0
9833-TGFHX,0.3213,Medium,0
0461-CVKMU,0.3209,Medium,0
1935-IMVBB,0.3208,Medium,0
5213-TWWJU,0.3208,Medium,0
9572-MTILT,0.3205,Medium,0
4993-JCRGJ,0.3204,Medium,0
8740-XLHDR,0.3203,Medium,0
2293-IJWPS,0.3202,Medium,0
2220-IAHLS,0.3202,Medium,0
2656-FMOKZ,0.3202,Medium,0
2542-HYGIQ,0.3202,Medium,0
7248-VZQLC,0.3196,Medium,0
1025-FALIX,0.3196,Medium,0
1307-TVUFB,0.3192,Medium,0
8069-YQQAJ,0.319,Medium,0
7018-WBJNK,0.3187,Medium,0
0727-BMPLR,0.3187,Medium,0
8773-HHUOZ,0.3186,Medium,0
6952-OMNWB,0.3186,Medium,0
8096-LOIST,0.3185,Medium,0
6133-OZILE,0.3183,Medium,0
1784-EZDKJ,0.3183,Medium,0
1552-AAGRX,0.3183,Medium,0
5299-RULOA,0.3175,Medium,0
1170-SASML,0.3172,Medium,0
0406-BPDVR,0.3168,Medium,0
6537-OTKMY,0.3166,Medium,0
3090-QFUVD,0.3166,Medium,0
8623-ULFNQ,0.3165,Medium,0
2826-UWHIS,0.3163,Medium,0
5188-HGMLP,0.316,Medium,0
3956-CJUST,0.3158,Medium,0
5947-SGKCL,0.3157,Medium,0
8404-FYDIB,0.3154,Medium,0
8242-JSVBO,0.3151,Medium,0
3349-ANQNH,0.3148,Medium,0
3018-TFTSU,0.3146,Medium,0
7693-QPEFS,0.3146,Medium,0
3656-TKRVZ,0.3141,Medium,0
4522-AKYLR,0.314,Medium,0
0898-XCGTF,0.3139,Medium,0
9822-WMWVG,0.3135,Medium,0
3195-TQDZX,0.3133,Medium,0
2792-VPPET,0.3133,Medium,0
1371-DWPAZ,0.3132,Medium,0
9003-CPATH,0.313,Medium,0
0668-OGMHD,0.3128,Medium,0
1349-WXNGG,0.3127,Medium,0
2585-KTFRE,0.3126,Medium,0
7346-MEDWM,0.3125,Medium,0
4950-BDEUX,0.3124,Medium,0
1452-KIOVK,0.3122,Medium,0
4067-HLYQI,0.312,Medium,0
5325-UWTWJ,0.3119,Medium,0
8158-WPEZG,0.3117,Medium,0
7850-VWJUU,0.3117,Medium,0
7733-UDMTP,0.3114,Medium,0
3143-ILDAL,0.3109,Medium,0
9137-NOQKA,0.3108,Medium,0
9547-ITEFG,0.3107,Medium,0
5897-ZYEKH,0.3102,Medium,0
2654-VBVPB,0.31,Medium,0
6313-GIDIT,0.3099,Medium,0
5027-XWQHA,0.3098,Medium,0
3982-XWFZQ,0.3094,Medium,0
7537-CBQUZ,0.3088,Medium,0
1422-DGUBX,0.3087,Medium,0
1575-KRZZE,0.3085,Medium,0
1194-SPVSP,0.3083,Medium,0
8999-XXGNS,0.3079,Medium,0
1559-DTODC,0.3077,Medium,0
7486-KSRVI,0.3077,Medium,0
7596-LDUXP,0.3072,Medium,0
4237-CLSMM,0.3072,Medium,0
4720-VSTSI,0.3069,Medium,0
7246-ZGQDF,0.3069,Medium,0
4010-YLMVT,0.3067,Medium,0
6789-HJBWG,0.3066,Medium,0
6257-RJOHI,0.3062,Medium,0
2657-VPXTA,0.3061,Medium,0
4986-MXSFP,0.306,Medium,0
1866-OBPNR,0.3056,Medium,0
8329-UTMVM,0.3053,Medium,0
5628-RKIFK,0.305,Medium,0
8725-JEDFD,0.3047,Medium,0
7905-NJMXS,0.3045,Medium,0
0587-DMGBH,0.3042,Medium,0
3855-ONCAR,0.3041,Medium,0
7426-GSWPO,0.3038,Medium,0
7825-ECJRF,0.3038,Medium,0
1625-JAIIY,0.3037,Medium,0
8910-LEDAG,0.3034,Medium,0
1216-BGTSP,0.3033,Medium,0
0823-HSCDJ,0.3031,Medium,0
5828-DWPIL,0.3029,Medium,0
2455-USLMV,0.3028,Medium,0
7124-UGSUR,0.3027,Medium,0
0621-TWIEM,0.3026,Medium,0
2195-VVRJF,0.3024,Medium,0
6469-QJKZW,0.3022,Medium,0
5028-HTLJB,0.3015,Medium,0
8267-ZNYVZ,0.3015,Medium,0
4832-VRBMR,0.3014,Medium,0
3528-HFRIQ,0.3014,Medium,0
2778-OCLGR,0.3013,Medium,0
6728-WYQBC,0.3012,Medium,0
8919-FYFQZ,0.3012,Medium,0
8974-OVACP,0.301,Medium,0
6654-QGBZZ,0.301,Medium,0
0311-QYWSS,0.301,Medium,0
4361-BKAXE,0.3009,Medium,0
7808-DVWEP,0.3008,Medium,0
7716-YTYHG,0.3008,Medium,0
0856-NAOES,0.3006,Medium,0
8677-HDZEE,0.3006,Medium,0
1217-VASWC,0.3004,Medium,0
6549-NNDYT,0.3,Medium,0
6927-WTFIV,0.3,Medium,0
2153-MREFK,0.2999,Medium,0
3509-GWQGF,0.2997,Medium,0
3714-JTVOV,0.2997,Medium,0
3452-SRFEG,0.2995,Medium,0
0691-IFBQW,0.2993,Medium,0
7551-JOHTI,0.299,Medium,0
5624-BQSSA,0.299,Medium,0
7434-SHXLS,0.299,Medium,0
2002-MZHWP,0.299,Medium,0
1135-LMECX,0.299,Medium,0
6124-ACRHJ,0.299,Medium,0
2592-YKDIF,0.299,Medium,0
7721-DVEKZ,0.299,Medium,0
9753-OYLBX,0.299,Medium,0
2866-IKBTM,0.299,Medium,0
5067-XJQFU,0.2989,Medium,0
9112-WSNPU,0.2986,Medium,0
5716-LIBJC,0.2985,Medium,0
3594-IVHJZ,0.2984,Medium,0
8761-NSOBC,0.2982,Medium,0
4724-WXVWF,0.2982,Medium,0
7926-IJOOU,0.298,Medium,0
2700-LUEVA,0.298,Medium,0
6854-EXGSF,0.298,Medium,0
2842-BCQGE,0.298,Medium,0
0481-SUMCB,0.2979,Medium,0
3763-GCZHZ,0.2977,Medium,0
9079-YEXQJ,0.2976,Medium,0
5035-PGZXH,0.2975,Medium,0
6954-OOYZZ,0.2975,Medium,0
3113-IWHLC,0.2974,Medium,0
7927-AUXBZ,0.2974,Medium,0
2027-OAQQC,0.2972,Medium,0
6429-SHBCB,0.2971,Medium,0
6815-ABQFQ,0.2968,Medium,0
6579-JPICP,0.2968,Medium,0
9776-OJUZI,0.2968,Medium,0
4786-UKSNZ,0.2968,Medium,0
2676-ISHSF,0.2968,Medium,0
1205-WNWPJ,0.2968,Medium,0
3164-AALRN,0.2967,Medium,0
2832-SCUCO,0.2964,Medium,0
7000-WCEVQ,0.2963,Medium,0
5076-YVXCM,0.2962,Medium,0
4415-WNGVR,0.2962,Medium,0
3859-CVCET,0.2961,Medium,0
3016-KSVCP,0.2958,Medium,0
7409-JURKQ,0.2955,Medium,0
1215-FIGMP,0.2954,Medium,0
2279-AXJJK,0.2953,Medium,0
2576-HXMPA,0.2953,Medium,0
4450-YOOHP,0.2947,Medium,0
4132-POCZS,0.2946,Medium,0
7878-JGDKK,0.2945,Medium,0
9835-ZIITK,0.2942,Medium,0
8679-LZBMD,0.2941,Medium,0
0575-CUQOV,0.2941,Medium,0
4753-PADAS,0.2941,Medium,0
0643-OKLRP,0.294,Medium,0
3426-NIYYL,0.2936,Medium,0
2911-UREFD,0.2935,Medium,0
4913-EHYUI,0.2933,Medium,0
5154-VEKBL,0.293,Medium,0
5778-BVOFB,0.2925,Medium,0
9122-UMROB,0.2925,Medium,0
1663-MHLHE,0.2925,Medium,0
4892-VLANZ,0.2925,Medium,0
4745-LSPLO,0.2925,Medium,0
4013-GUXND,0.2925,Medium,0
6641-XRPSU,0.2925,Medium,0
3030-ZKIWL,0.2925,Medium,0
9441-QHEVC,0.2925,Medium,0
4877-EVATK,0.2925,Medium,0
7698-YFGEZ,0.2925,Medium,0
3976-NLDEZ,0.2925,Medium,0
4211-MMAZN,0.2925,Medium,0
1360-JYXKQ,0.2919,Medium,0
2659-VXMWZ,0.2919,Medium,0
6137-NICCO,0.2918,Medium,0
4412-YLTKF,0.2916,Medium,0
0843-WTBXE,0.2916,Medium,0
5424-RLQLC,0.2911,Medium,0
3873-NFTGI,0.2908,Medium,0
4482-FTFFX,0.2908,Medium,0
6202-DYYFX,0.2905,Medium,0
4396-KLSEH,0.2904,Medium,0
0871-OPBXW,0.2902,Medium,0
1456-TWCGB,0.29,Medium,0
4320-QMLLA,0.29,Medium,0
5816-SCGFC,0.29,Medium,0
5469-CTCWN,0.2899,Medium,0
0420-BWTPW,0.2897,Medium,0
0380-NEAVX,0.2895,Medium,0
2011-TRQYE,0.2895,Medium,0
4905-JEFDW,0.2895,Medium,0
7310-EGVHZ,0.2895,Medium,0
0887-WBJVH,0.2894,Medium,0
8562-GHPPI,0.2893,Medium,0
6942-LBFDP,0.2891,Medium,0
7750-EYXWZ,0.2891,Medium,0
4130-MZLCC,0.2888,Medium,0
6849-OYAMU,0.2888,Medium,0
1213-NGCUN,0.2887,Medium,0
3566-VVORZ,0.2885,Medium,0
2460-FPSYH,0.2883,Medium,0
5707-ORNDZ,0.2879,Medium,0
2616-UUTFK,0.2876,Medium,0
2045-BMBTJ,0.2875,Medium,0
6270-OMFIW,0.2871,Medium,0
2408-TZMJL,0.287,Medium,0
2108-YKQTY,0.2869,Medium,0
1963-VAUKV,0.2868,Medium,0
7878-RTCZG,0.2868,Medium,0
8605-ITULD,0.2868,Medium,0
7302-ZHMHP,0.2868,Medium,0
1905-OEILC,0.2868,Medium,0
4672-FOTSD,0.2866,Medium,0
8775-CEBBJ,0.2865,Medium,0
8713-IGZSO,0.2864,Medium,0
5569-IDSEY,0.2863,Medium,0
7103-IPXPJ,0.2862,Medium,0
1600-DILPE,0.2862,Medium,0
2378-HTWFW,0.2861,Medium,0
4797-AXPXK,0.2859,Medium,0
5443-SCMKX,0.2858,Medium,0
9420-LOJKX,0.2854,Medium,0
3590-TCXTB,0.2852,Medium,0
3930-ZGWVE,0.2852,Medium,0
3785-NRHYR,0.2852,Medium,0
9975-SKRNR,0.2852,Medium,0
5766-ZJYBB,0.2852,Medium,0
8749-CLJXC,0.2852,Medium,0
6380-ARCEH,0.2852,Medium,0
7239-HZZCX,0.2852,Medium,0
2305-MRGLV,0.2851,Medium,0
8807-ARQET,0.285,Medium,0
6839-ITVZJ,0.2843,Medium,0
3584-WKTTW,0.2841,Medium,0
6029-CSMJE,0.2839,Medium,0
6397-JNZZG,0.2837,Medium,0
1958-RNRKS,0.2834,Medium,0
9795-VOWON,0.2827,Medium,0
5371-VYLSX,0.2822,Medium,0
3511-APPBJ,0.2818,Medium,0
2382-BCKQJ,0.2816,Medium,0
6569-KTMDU,0.2814,Medium,0
3727-JEZTU,0.2814,Medium,0
7243-LCGGZ,0.2814,Medium,0
0426-TIRNE,0.2814,Medium,0
3900-AQPHZ,0.2814,Medium,0
8329-IBCTI,0.2814,Medium,0
0970-QXPXW,0.2814,Medium,0
3148-BLQJT,0.281,Medium,0
8048-DSDFQ,0.281,Medium,0
7601-WFVZV,0.281,Medium,0
1029-QFBEN,0.281,Medium,0
1934-SJVJK,0.281,Medium,0
2111-DWYHN,0.281,Medium,0
8393-JMVMB,0.281,Medium,0
6615-ZGEDR,0.281,Medium,0
6286-SUUWT,0.281,Medium,0
0673-IGUQO,0.281,Medium,0
9708-KFDBY,0.2809,Medium,0
2957-LOLHO,0.2808,Medium,0
3683-QKIUE,0.2806,Medium,0
4690-LLKUA,0.2805,Medium,0
5309-TAIKL,0.2804,Medium,0
4612-THJBS,0.2804,Medium,0
4824-GUCBY,0.2804,Medium,0
6097-EQISJ,0.2803,Medium,0
2640-LYMOV,0.2802,Medium,0
2139-FQHLM,0.2801,Medium,0
3009-JWMPU,0.28,Medium,0
3521-SYVOR,0.28,Medium,0
8868-GAGIO,0.28,Medium,0
5156-UMKOW,0.2798,Medium,0
4800-CZMPC,0.2797,Medium,0
7623-TRNQN,0.2797,Medium,0
1047-NNCBF,0.2795,Medium,0
3001-UNBTL,0.2794,Medium,0
4307-KWMXE,0.2794,Medium,0
3345-JHUEO,0.2793,Medium,0
9537-VHDTA,0.2792,Medium,0
2911-WDXMV,0.2787,Medium,0
7880-XSOJX,0.2786,Medium,0
0618-XWMSS,0.2781,Medium,0
4439-YRNVD,0.2781,Medium,0
1472-TNCWL,0.278,Medium,0
4488-KQFDT,0.278,Medium,0
6728-DKUCO,0.2777,Medium,0
4143-HHPMK,0.2776,Medium,0
5198-EFNBM,0.2775,Medium,0
7402-PWYJJ,0.2775,Medium,0
4918-FYJNT,0.2772,Medium,0
8651-ENBZX,0.2769,Medium,0
5575-TPIZQ,0.2769,Medium,0
2172-EJXVF,0.2767,Medium,0
5370-IIVVL,0.276,Medium,0
5136-GFPMB,0.2757,Medium,0
0699-NDKJM,0.2756,Medium,0
4081-DYXAV,0.2754,Medium,0
7694-VLBWQ,0.2754,Medium,0
3258-SANFR,0.2752,Medium,0
8065-BVEPF,0.2751,Medium,0
7133-VBDCG,0.2748,Medium,0
9139-WQQDY,0.2742,Medium,0
5073-WXOYN,0.2739,Medium,0
1432-FPAXX,0.2734,Medium,0
2834-SPCJV,0.2727,Medium,0
8203-XJZRC,0.2726,Medium,0
1066-JKSGK,0.2726,Medium,0
5049-GLYVG,0.2726,Medium,0
3247-MHJKM,0.2726,Medium,0
1015-OWJKI,0.2726,Medium,0
2668-TZSPS,0.2726,Medium,0
6141-OOXUQ,0.2726,Medium,0
7096-UCLNH,0.2726,Medium,0
1596-BBVTG,0.2725,Medium,0
4338-EYCER,0.2725,Medium,0
0103-CSITQ,0.272,Medium,0
0734-OXWBT,0.2719,Medium,0
9277-JOOMO,0.2717,Medium,0
5243-SAOTC,0.2717,Medium,0
2817-NTQDO,0.271,Medium,0
7410-KTVFV,0.2709,Medium,0
5968-XQIVE,0.2709,Medium,0
6439-LAJXL,0.2707,Medium,0
7966-YOTQW,0.2705,Medium,0
3351-NGXYI,0.2705,Medium,0
0471-LVHGK,0.2702,Medium,0
2003-CKLOR,0.2702,Medium,0
9360-AHGNL,0.2701,Medium,0
9688-YGXVR,0.2701,Medium,0
3886-CERTZ,0.2699,Medium,0
8263-OKETD,0.269,Medium,0
7130-CTCUS,0.2685,Medium,0
4350-ZTLPI,0.2683,Medium,0
8627-ZYGSZ,0.268,Medium,0
2270-CHBFN,0.2676,Medium,0
7041-TXQJH,0.2675,Medium,0
2472-OVKUP,0.2674,Medium,0
3858-XHYJO,0.2669,Medium,0
3657-COGMW,0.2666,Medium,0
9058-HRZSV,0.2665,Medium,0
3339-EAQNV,0.2664,Medium,0
1732-VHUBQ,0.2664,Medium,0
6599-CEBNN,0.2664,Medium,0
9626-VFRGG,0.2662,Medium,0
6874-SGLHU,0.266,Medium,0
5973-EJGDP,0.2659,Medium,0
6360-SVNWV,0.2656,Medium,0
5600-PDUJF,0.2653,Medium,0
0691-JVSYA,0.2652,Medium,0
6728-VOIFY,0.265,Medium,0
1370-GGAWX,0.2645,Medium,0
2446-ZKVAF,0.2644,Medium,0
8563-IIOXK,0.2644,Medium,0
5939-XAIXZ,0.2639,Medium,0
5016-ETTFF,0.2639,Medium,0
7876-BEUTG,0.2638,Medium,0
4183-WCSEP,0.2638,Medium,0
1641-RQDAY,0.2634,Medium,0
1984-FCOWB,0.2629,Medium,0
5295-PCJOO,0.2628,Medium,0
7112-OPOTK,0.2626,Medium,0
9831-BPFRI,0.2624,Medium,0
8715-KKTFG,0.2624,Medium,0
9426-SXNHE,0.2623,Medium,0
5945-AZYHT,0.2623,Medium,0
3707-LRWZD,0.2622,Medium,0
4701-AHWMW,0.2621,Medium,0
2621-UDNLU,0.2621,Medium,0
9571-EDEBV,0.2621,Medium,0
6067-NGCEU,0.262,Medium,0
4869-EPIUS,0.2617,Medium,0
1394-SUIUH,0.2616,Medium,0
8679-JOEVF,0.2615,Medium,0
0268-QKIWO,0.2611,Medium,0
4191-XOVOM,0.2609,Medium,0
1703-MGIAB,0.2608,Medium,0
6692-UDPJC,0.2607,Medium,0
6664-FPDAC,0.2607,Medium,0
5481-NTDOH,0.2605,Medium,0
9323-HGFWY,0.2605,Medium,0
8644-XYTSV,0.2604,Medium,0
8847-GEOOQ,0.2604,Medium,0
3606-SBKRY,0.2602,Medium,0
5802-ADBRC,0.2601,Medium,0
8152-UOBNY,0.2601,Medium,0
2669-QVCRG,0.2601,Medium,0
8735-IJJEG,0.26,Medium,0
1087-UDSIH,0.2599,Medium,0
6288-LBEAR,0.2599,Medium,0
2393-DIVAI,0.2599,Medium,0
6917-YACBP,0.2596,Medium,0
1356-MKYSK,0.2596,Medium,0
5686-CMAWK,0.2596,Medium,0
9069-LGEUL,0.2593,Medium,0
1656-DRSMG,0.259,Medium,0
8495-LJDFO,0.2588,Medium,0
6599-GZWCM,0.2585,Medium,0
9943-VSZUV,0.2585,Medium,0
6410-LEFEN,0.2582,Medium,0
2219-MVUSO,0.2575,Medium,0
7856-GANIL,0.2571,Medium,0
6128-DAFVY,0.257,Medium,0
7389-KBFIT,0.257,Medium,0
6807-SIWJI,0.2569,Medium,0
1803-BGNBD,0.2567,Medium,0
9881-VCZEP,0.2566,Medium,0
1113-IUJYX,0.2566,Medium,0
5149-TGWDZ,0.2562,Medium,0
3807-BPOMJ,0.2559,Medium,0
1591-MQJTP,0.2559,Medium,0
8399-YNDCH,0.2558,Medium,0
7089-XXAYG,0.2557,Medium,0
3927-NLNRY,0.2553,Medium,0
7351-MHQVU,0.2552,Medium,0
4080-OGPJL,0.2551,Medium,0
6968-GMKPR,0.2551,Medium,0
8791-GFXLZ,0.255,Medium,0
7526-IVLYU,0.255,Medium,0
3179-GBRWV,0.255,Medium,0
1449-XQEMT,0.255,Medium,0
5402-HTOTQ,0.2548,Medium,0
4693-VWVBO,0.2546,Medium,0
3808-HFKDE,0.2545,Medium,0
3580-REOAC,0.2544,Medium,0
6143-JQKEA,0.2544,Medium,0
5600-KTXFM,0.2543,Medium,0
9643-AVVWI,0.2542,Medium,0
1020-JPQOW,0.2532,Medium,0
5136-RGMZO,0.2529,Medium,0
7502-BNYGS,0.2528,Medium,0
7251-XFOIL,0.2526,Medium,0
0280-XJGEX,0.2523,Medium,0
6743-HHQPF,0.2521,Medium,0
9039-ZVJDC,0.2521,Medium,0
6425-YQLLO,0.252,Medium,0
8705-DWKTI,0.2518,Medium,0
3589-PPVKW,0.2517,Medium,0
7395-XWZOY,0.2514,Medium,0
7147-AYBAA,0.2514,Medium,0
0463-WZZKO,0.251,Medium,0
7159-FVYPK,0.251,Medium,0
0899-WZRSD,0.2508,Medium,0
0080-OROZO,0.2507,Medium,0
3199-NPKCN,0.2507,Medium,0
8631-WUXGY,0.2506,Medium,0
9921-EZKBY,0.2505,Medium,0
6575-SUVOI,0.2499,Medium,0
0447-BEMNG,0.2499,Medium,0
1229-RCALF,0.2498,Medium,0
1360-XFJMR,0.2498,Medium,0
3744-ZBHON,0.2496,Medium,0
4685-ERGHK,0.2493,Medium,0
8706-HRADD,0.2493,Medium,0
0771-WLCLA,0.2488,Medium,0
6578-KRMAW,0.2486,Medium,0
4459-BBGHE,0.2486,Medium,0
2967-MXRAV,0.2481,Medium,0
4250-FDVOU,0.2479,Medium,0
2207-OBZNX,0.2477,Medium,0
0409-WTMPL,0.2477,Medium,0
2995-UPRYS,0.2472,Medium,0
2087-QAREY,0.2471,Medium,0
5678-VFNEQ,0.2467,Medium,0
7319-VENRZ,0.2467,Medium,0
2731-GJRDG,0.2465,Medium,0
6158-DWPZT,0.2465,Medium,0
7799-DSEWS,0.2464,Medium,0
2433-KMEAS,0.2464,Medium,0
7251-LJBQN,0.2462,Medium,0
6538-POCHL,0.2461,Medium,0
7054-ENNGU,0.2461,Medium,0
8111-BKVDS,0.2456,Medium,0
2320-SLKMB,0.2454,Medium,0
6797-UCJHZ,0.2453,Medium,0
7245-JMTTQ,0.2442,Medium,0
3689-MOZGR,0.2438,Medium,0
0330-BGYZE,0.2437,Medium,0
3870-MQAMG,0.2436,Medium,0
0442-ZXKVS,0.2436,Medium,0
7326-RIGQZ,0.2434,Medium,0
7629-WIXZF,0.243,Medium,0
7950-XWOVN,0.2428,Medium,0
3786-WOVKF,0.2428,Medium,0
7128-GGCNO,0.2427,Medium,0
9054-FOWNV,0.2426,Medium,0
8728-SKJLR,0.2421,Medium,0
9501-UKKNL,0.242,Medium,0
4118-CEVPF,0.2417,Medium,0
8722-NGNBH,0.2415,Medium,0
1453-RZFON,0.2415,Medium,0
3313-QKNKB,0.2413,Medium,0
5702-SKUOB,0.2411,Medium,0
9825-YCXWZ,0.2411,Medium,0
5140-FOMCQ,0.241,Medium,0
6633-SYEUS,0.2409,Medium,0
8904-OPDCK,0.2406,Medium,0
3164-YAXFY,0.2405,Medium,0
2080-SRCDE,0.2404,Medium,0
6572-ADKRS,0.2403,Medium,0
6627-CFOSN,0.2402,Medium,0
1899-VXWXM,0.2402,Medium,0
0567-GGCAC,0.2401,Medium,0
2684-EIWEO,0.2401,Medium,0
7964-VEXDG,0.2398,Medium,0
8091-TTVAX,0.2397,Medium,0
4190-MFLUW,0.2397,Medium,0
7203-OYKCT,0.2397,Medium,0
6647-ZEDXT,0.2396,Medium,0
9475-NNDGC,0.2395,Medium,0
7766-CLTIC,0.2395,Medium,0
8731-WBBMB,0.2393,Medium,0
5989-OMNJE,0.2392,Medium,0
5562-BETPV,0.2391,Medium,0
3071-VBYPO,0.2391,Medium,0
9767-FFLEM,0.239,Medium,0
9659-ZTWSM,0.2386,Medium,0
3685-YLCMQ,0.2384,Medium,0
2824-MYYBN,0.2384,Medium,0
4452-QIIEB,0.2382,Medium,0
1796-JANOW,0.2381,Medium,0
8294-UIMBA,0.238,Medium,0
0112-QAWRZ,0.2379,Medium,0
7074-STDCN,0.2376,Medium,0
1710-RCXUS,0.2374,Medium,0
3865-ZYKAD,0.2373,Medium,0
2475-MROZF,0.2373,Medium,0
8952-WCVCD,0.2372,Medium,0
2000-MPKCA,0.2369,Medium,0
6713-OKOMC,0.2368,Medium,0
0691-NIKRI,0.2368,Medium,0
0031-PVLZI,0.2367,Medium,0
0719-SYFRB,0.2366,Medium,0
7964-ZRKKG,0.2366,Medium,0
2933-FILNV,0.2364,Medium,0
3090-LETTY,0.2362,Medium,0
4692-NNQRU,0.2361,Medium,0
7016-BPGEU,0.236,Medium,0
7730-IUTDZ,0.2359,Medium,0
4123-FCVCB,0.235,Medium,0
8769-KKTPH,0.2349,Medium,0
6769-DYBQN,0.2348,Medium,0
6896-SRVYQ,0.2346,Medium,0
4323-OHFOW,0.2346,Medium,0
2676-OXPPQ,0.2345,Medium,0
4987-GQWPO,0.2344,Medium,0
9818-XQCUV,0.234,Medium,0
0883-EIBTI,0.234,Medium,0
2342-CKIAO,0.234,Medium,0
0516-WJVXC,0.2338,Medium,0
9101-NTIXF,0.2338,Medium,0
6345-ULYRW,0.2336,Medium,0
9396-ZSFLL,0.2336,Medium,0
0520-FDVVT,0.2333,Medium,0
3629-WEAAM,0.2331,Medium,0
1353-LJWEM,0.2326,Medium,0
0396-HUJBP,0.2325,Medium,0
8006-PYCSW,0.2325,Medium,0
2108-GLPQB,0.2324,Medium,0
3307-TLCUD,0.2321,Medium,0
6142-VSJQO,0.232,Medium,0
3523-QRQLL,0.2317,Medium,0
5423-BHIXO,0.2316,Medium,0
9494-BDNNC,0.2315,Medium,0
6723-WSNTY,0.2314,Medium,0
2239-JALAW,0.2314,Medium,0
8070-AAWZP,0.2313,Medium,0
2115-BFTIW,0.2312,Medium,0
5701-SVCWR,0.2311,Medium,0
5149-CUZUJ,0.2311,Medium,0
0880-FVFWF,0.2309,Medium,0
8746-OQQRW,0.2309,Medium,0
9700-ZCLOT,0.2307,Medium,0
4195-SMMNX,0.2307,Medium,0
2903-YYTBW,0.2307,Medium,0
2692-AQCPF,0.2302,Medium,0
9873-MNDKV,0.2301,Medium,0
8799-OXZMD,0.2297,Medium,0
2074-GUHPQ,0.2297,Medium,0
1024-KPRBB,0.2293,Medium,0
8444-WRIDW,0.2293,Medium,0
5985-BEHZK,0.2293,Medium,0
5482-NUPNA,0.2293,Medium,0
4628-CTTLA,0.2293,Medium,0
1110-KYLGQ,0.2292,Medium,0
1697-NVVGY,0.2292,Medium,0
0810-BDHAW,0.229,Medium,0
2070-FNEXE,0.2289,Medium,0
9391-YZEJW,0.2289,Medium,0
8229-MYEJZ,0.2287,Medium,0
5268-DSMNQ,0.2286,Medium,0
3126-WQMGH,0.2285,Medium,0
4789-KWMXN,0.2284,Medium,0
0365-TRTPY,0.2282,Medium,0
1450-SKCVI,0.228,Medium,0
3055-OYMSE,0.2278,Medium,0
2740-JFBOK,0.2277,Medium,0
6897-UUBNU,0.2275,Medium,0
9027-YFHQJ,0.2273,Medium,0
4628-WQCQQ,0.2271,Medium,0
7036-ZZKBD,0.2267,Medium,0
9500-LTVBP,0.2265,Medium,0
4710-FDUIZ,0.2263,Medium,0
0872-JCPIB,0.2263,Medium,0
8190-ZTQFB,0.2261,Medium,0
2805-EDJPQ,0.2259,Medium,0
8734-DKSTZ,0.2257,Medium,0
8120-JDCAM,0.2257,Medium,0
0222-CNVPT,0.2257,Medium,0
2308-STERM,0.2256,Medium,0
3736-BLEPA,0.2255,Medium,0
5562-YJQGT,0.2255,Medium,0
9972-VAFJJ,0.2253,Medium,0
4177-JPDFU,0.2249,Medium,0
2839-RFSQE,0.2246,Medium,0
1051-GEJLJ,0.2246,Medium,0
9314-QDMDW,0.2245,Medium,0
5168-MQQCA,0.2245,Medium,0
8671-KKKOS,0.2244,Medium,0
6179-GJPSO,0.2241,Medium,0
4524-QCSSM,0.2241,Medium,0
5366-OBVMR,0.2234,Medium,0
5919-VCZYM,0.2232,Medium,0
8150-QUDFX,0.2232,Medium,0
0816-TSPHQ,0.2232,Medium,0
3936-QQFLL,0.2232,Medium,0
0366-NQSHS,0.2232,Medium,0
0130-SXOUN,0.2231,Medium,0
8189-HBVRW,0.2231,Medium,0
5133-VRSAB,0.223,Medium,0
0804-XBFBV,0.2228,Medium,0
3644-QXEHN,0.2228,Medium,0
2626-URJFX,0.2228,Medium,0
7495-OOKFY,0.2227,Medium,0
0617-FHSGK,0.2227,Medium,0
7673-LPRNY,0.2227,Medium,0
7661-CPURM,0.2225,Medium,0
7729-JTEEC,0.2225,Medium,0
6227-FBDXH,0.2225,Medium,0
4742-DRORA,0.2223,Medium,0
4945-RVMTE,0.2222,Medium,0
2810-FTLEM,0.2221,Medium,0
4819-HJPIW,0.222,Medium,0
9327-QSDED,0.2217,Medium,0
3842-IYKUE,0.2217,Medium,0
3301-LSLWQ,0.2216,Medium,0
9101-BWFSS,0.2208,Medium,0
3466-WAESX,0.2208,Medium,0
8118-TJAFG,0.2207,Medium,0
2018-PZKMU,0.2207,Medium,0
8967-SZQAS,0.2206,Medium,0
4598-XLKNJ,0.2204,Medium,0
9701-CDXHR,0.2203,Medium,0
0191-ZHSKZ,0.2201,Medium,0
4455-BFSPD,0.2201,Medium,0
5141-ZUVBH,0.2201,Medium,0
8217-QYOHV,0.22,Medium,0
5527-ACHSO,0.22,Medium,0
5712-VBOXD,0.2199,Medium,0
7594-LZNWR,0.2199,Medium,0
6344-SFJVH,0.2198,Medium,0
8905-IAZPF,0.2196,Medium,0
3170-GWYKC,0.2194,Medium,0
4365-MSDYN,0.2193,Medium,0
8663-UPDGF,0.2192,Medium,0
0027-KWYKW,0.2191,Medium,0
7928-VJYAB,0.2187,Medium,0
0188-GWFLE,0.2187,Medium,0
3256-EZDBI,0.2184,Medium,0
9057-MSWCO,0.2184,Medium,0
5780-INQIK,0.2183,Medium,0
7854-EKTJL,0.2182,Medium,0
8735-DCXNF,0.2182,Medium,0
5067-DGXLL,0.218,Medium,0
6689-VRRTK,0.218,Medium,0
0550-DCXLH,0.2176,Medium,0
4676-MQUEA,0.2166,Medium,0
7776-QWNFX,0.2164,Medium,0
8166-ORCHU,0.2164,Medium,0
1596-OQSPS,0.2163,Medium,0
3190-XFANI,0.2159,Medium,0
2828-SLQPF,0.2158,Medium,0
1679-JRFBR,0.2157,Medium,0
7721-JXEAW,0.2156,Medium,0
1698-XFZCI,0.2155,Medium,0
6088-BXMRG,0.2153,Medium,0
9097-ZUBYC,0.2149,Medium,0
8597-CWYHH,0.2142,Medium,0
0701-TJSEF,0.2142,Medium,0
0959-WHOKV,0.2142,Medium,0
4138-NAXED,0.2141,Medium,0
0639-TSIQW,0.2138,Medium,0
2716-GFZOR,0.2137,Medium,0
7740-KKCXF,0.2137,Medium,0
0228-MAUWC,0.2136,Medium,0
3230-WYKIR,0.2135,Medium,0
7883-ROJOC,0.2134,Medium,0
1134-YWTYF,0.2133,Medium,0
4003-FUSHP,0.2132,Medium,0
4083-BFNYK,0.2131,Medium,0
6345-HOVES,0.213,Medium,0
3604-WLABM,0.2128,Medium,0
5630-AHZIL,0.2128,Medium,0
9518-RWHZL,0.2126,Medium,0
5298-GSTLM,0.2124,Medium,0
1810-BOHSY,0.2124,Medium,0
4393-RYCRE,0.2118,Medium,0
4075-JFPGR,0.2117,Medium,0
1591-NFNLQ,0.2117,Medium,0
5144-PQCDZ,0.2116,Medium,0
0690-SRQID,0.2116,Medium,0
0523-VNGTF,0.2115,Medium,0
1169-SAOCL,0.2114,Medium,0
4324-AHJKS,0.2113,Medium,0
0002-ORFBO,0.2112,Medium,0
0877-SDMBN,0.2107,Medium,0
7976-CICYS,0.2107,Medium,0
3402-XRIUO,0.2106,Medium,0
2947-DOMLJ,0.2104,Medium,0
8849-GYOKR,0.2101,Medium,0
8375-KVTHK,0.2097,Medium,0
2284-VFLKH,0.2096,Medium,0
4925-LMHOK,0.2095,Medium,0
4580-TMHJU,0.2094,Medium,0
7501-VTYLJ,0.2094,Medium,0
0999-QXNSA,0.2094,Medium,0
5651-WYIPH,0.2093,Medium,0
9163-GHAYE,0.2093,Medium,0
0487-RPVUM,0.2091,Medium,0
1699-HPSBG,0.209,Medium,0
0114-RSRRW,0.2088,Medium,0
2604-XVDAM,0.2087,Medium,0
5433-KYGHE,0.2086,Medium,0
7080-TNUWP,0.2086,Medium,0
8053-WWDRO,0.2086,Medium,0
8980-WQFWL,0.2085,Medium,0
6551-GNYDG,0.2084,Medium,0
7789-CRUVC,0.2082,Medium,0
1041-RXHRA,0.2075,Medium,0
2709-UQGNP,0.2074,Medium,0
9591-YVTEB,0.2073,Medium,0
2346-DJQTB,0.2072,Medium,0
0260-ZDLGK,0.2072,Medium,0
0853-NWIFK,0.2071,Medium,0
3694-GLTJM,0.207,Medium,0
3794-NFNCH,0.2069,Medium,0
2460-NGXBJ,0.2067,Medium,0
7892-QVYKW,0.2067,Medium,0
2259-OUUSZ,0.2066,Medium,0
6341-AEVKX,0.2065,Medium,0
5285-MVEHD,0.2062,Medium,0
6777-TGHTM,0.2057,Medium,0
6198-PNNSZ,0.2056,Medium,0
9651-GTSAQ,0.2056,Medium,0
7610-TVOPG,0.2054,Medium,0
3709-OIJEA,0.205,Medium,0
5201-FRKKS,0.205,Medium,0
7188-CBBBA,0.2048,Medium,0
9633-DENPU,0.2043,Medium,0
7446-YPODE,0.2042,Medium,0
0096-FCPUF,0.2038,Medium,0
7108-DGVUU,0.2037,Medium,0
0811-GSDTP,0.2035,Medium,0
2577-GVSIL,0.2031,Medium,0
0156-FVPTA,0.2029,Medium,0
7016-NVRIC,0.2024,Medium,0
1867-TJHTS,0.2019,Medium,0
8547-NSBBO,0.2016,Medium,0
1202-KKGFU,0.2013,Medium,0
5151-HQRDG,0.2012,Medium,0
5843-TTHGI,0.2012,Medium,0
1732-FEKLD,0.2012,Medium,0
6281-FKEWS,0.2011,Medium,0
3621-CHYVB,0.201,Medium,0
4501-VCPFK,0.2009,Medium,0
5445-GLVOT,0.2008,Medium,0
8455-HIRAQ,0.2005,Medium,0
0206-TBWLC,0.2002,Medium,0
7892-POOKP,0.2,Medium,0
9481-SFCQY,0.1998,Low,0
6549-YMFAW,0.1998,Low,0
1986-PHGZF,0.1995,Low,0
9103-TCIHJ,0.1995,Low,0
2794-XIMMO,0.1994,Low,0
6734-CKRSM,0.1993,Low,0
3806-YAZOV,0.1993,Low,0
5186-EJEGL,0.1991,Low,0
1265-XTECC,0.1991,Low,0
5966-EMAZU,0.199,Low,0
3086-RUCRN,0.1989,Low,0
0032-PGELS,0.1986,Low,0
7868-BGSZA,0.1984,Low,0
2212-LYASK,0.1983,Low,0
0215-BQKGS,0.1982,Low,0
4903-UYAVB,0.1982,Low,0
8212-DJRCH,0.1977,Low,0
2252-ISRNH,0.1974,Low,0
7797-EJMDP,0.1973,Low,0
0013-MHZWF,0.1971,Low,0
2359-QWQUL,0.197,Low,0
8344-WFMFH,0.197,Low,0
1346-PJWTK,0.197,Low,0
9821-BESNZ,0.1967,Low,0
4360-QRAVE,0.1965,Low,0
9402-CXWPL,0.1965,Low,0
4833-QTJNO,0.1961,Low,0
7921-LMDFQ,0.196,Low,0
3945-GFWQL,0.196,Low,0
5174-RNGBH,0.1957,Low,0
6475-VHUIZ,0.1957,Low,0
3896-RCYYE,0.1957,Low,0
4476-OSWTN,0.1955,Low,0
5651-CPDND,0.1954,Low,0
6898-MDLZW,0.1953,Low,0
8979-CAMGB,0.1943,Low,0
2782-JEEBU,0.1943,Low,0
9770-LXDBK,0.1942,Low,0
0137-UDEUO,0.194,Low,0
0030-FNXPP,0.194,Low,0
2732-ISEZX,0.1938,Low,0
9375-MHRRS,0.1938,Low,0
1518-OMDIK,0.1937,Low,0
2379-GYFLQ,0.1936,Low,0
3415-TAILE,0.1934,Low,0
7746-AWNQW,0.1933,Low,0
1530-ZTDOZ,0.1933,Low,0
5074-FBGHB,0.1933,Low,0
4947-DSMXK,0.1932,Low,0
9661-MHUMO,0.193,Low,0
6022-KOUQO,0.193,Low,0
8920-NAVAY,0.1929,Low,0
5624-RYAMH,0.1925,Low,0
1324-NLTJE,0.1925,Low,0
7072-MBHEV,0.1924,Low,0
2458-EOMRE,0.1919,Low,0
9142-KZXOP,0.1915,Low,0
8250-ZNGGW,0.1915,Low,0
7241-AJHFS,0.1911,Low,0
8878-RYUKI,0.191,Low,0
2133-TSRRM,0.1905,Low,0
5732-IKGQH,0.1905,Low,0
7614-QVWQL,0.1904,Low,0
7957-RYHQD,0.1904,Low,0
0314-TKOSI,0.1903,Low,0
1153-GNOLC,0.1903,Low,0
6637-KYRCV,0.1902,Low,0
3174-RKMOW,0.1901,Low,0
9971-ZWPBF,0.19,Low,0
7134-MJPDY,0.1895,Low,0
1543-LLLFT,0.1895,Low,0
9033-EOXWV,0.1895,Low,0
8267-KFGYD,0.1894,Low,0
3308-MHOOC,0.1894,Low,0
5868-YTYKS,0.1894,Low,0
1724-IQWNM,0.1894,Low,0
6383-ZTSIW,0.1892,Low,0
9114-VEPUF,0.1891,Low,0
2586-CWXVV,0.1885,Low,0
3030-YZADT,0.1884,Low,0
8268-YDIXR,0.1882,Low,0
5701-ZIKJE,0.1881,Low,0
2486-WYVVE,0.1879,Low,0
5440-VHLUL,0.1877,Low,0
0807-ZABDG,0.1874,Low,0
2055-SIFSS,0.1874,Low,0
0733-VUNUW,0.1873,Low,0
4332-MUOEZ,0.1873,Low,0
2252-JHJGE,0.1871,Low,0
2065-MMKGR,0.1868,Low,0
0178-CIIKR,0.1867,Low,0
1768-HNVGJ,0.1867,Low,0
7622-NXQZR,0.1866,Low,0
3638-DIMPH,0.1864,Low,0
1840-BIUOG,0.1864,Low,0
6137-MFAJN,0.1863,Low,0
6959-GQEGV,0.1862,Low,0
1814-DKOLC,0.1862,Low,0
9191-MYQKX,0.186,Low,0
1208-DNHLN,0.1859,Low,0
9389-ACWBI,0.1859,Low,0
4673-KKSLS,0.1858,Low,0
7845-URHJN,0.1857,Low,0
2673-CXQEU,0.1857,Low,0
6394-HHHZM,0.1855,Low,0
0870-VEMYL,0.1854,Low,0
6211-WHMYA,0.1847,Low,0
6776-TLWOI,0.1844,Low,0
9107-UKCKY,0.1837,Low,0
8992-OBVDG,0.1835,Low,0
5921-NGYRH,0.1832,Low,0
6778-JFCMK,0.1827,Low,0
7964-YESJC,0.1827,Low,0
6890-PFRQX,0.1825,Low,0
5240-CAOYT,0.1825,Low,0
9512-PHSMG,0.1823,Low,0
3545-CNWRG,0.1823,Low,0
1685-VAYJF,0.1819,Low,0
2186-QZEYA,0.1817,Low,0
0584-BJQGZ,0.1814,Low,0
5022-JNQEQ,0.1813,Low,0
3104-OWCGK,0.1812,Low,0
4923-ADWXJ,0.1808,Low,0
0303-WMMRN,0.1805,Low,0
0956-ACVZC,0.1803,Low,0
3941-XTSKM,0.1803,Low,0
3237-AJGEH,0.1798,Low,0
1099-BTKWT,0.1797,Low,0
0927-CNGRH,0.1796,Low,0
4712-AUQZO,0.1794,Low,0
9986-BONCE,0.1791,Low,0
1264-FUHCX,0.1789,Low,0
8800-ZKRFW,0.1785,Low,0
5955-EPOAZ,0.1784,Low,0
6402-SSEJG,0.1784,Low,0
4256-ZWTZI,0.1783,Low,0
4826-TZEVA,0.1783,Low,0
0440-MOGPM,0.1782,Low,0
7123-WQUHX,0.1782,Low,0
9342-VNIMQ,0.1781,Low,0
1502-XFCVR,0.1781,Low,0
9817-APLHW,0.178,Low,0
8003-EWNDZ,0.1776,Low,0
0239-OXEXL,0.1775,Low,0
7740-BTPUX,0.1774,Low,0
5982-FPVQN,0.1774,Low,0
8409-WQJUX,0.1772,Low,0
2599-CZABP,0.1769,Low,0
5294-IMHHT,0.1768,Low,0
8963-JLGJT,0.1768,Low,0
4785-QRJHC,0.1765,Low,0
1409-PHXTF,0.1765,Low,0
5619-PTMIK,0.1765,Low,0
9609-BENEA,0.1765,Low,0
2202-OUTMO,0.1763,Low,0
3863-IUBJR,0.1763,Low,0
6620-JDYNW,0.1763,Low,0
7175-NTIXE,0.176,Low,0
8205-OTCHB,0.1759,Low,0
8095-WANWK,0.1759,Low,0
1750-CSKKM,0.1757,Low,0
0786-IVLAW,0.1754,Low,0
6968-MHOMU,0.1752,Low,0
1193-RTSLK,0.1751,Low,0
3413-CSSTH,0.175,Low,0
4468-YDOVK,0.1743,Low,0
4827-USJHP,0.1743,Low,0
4464-JCOLN,0.1738,Low,0
2229-VWQJH,0.1736,Low,0
0795-GMVQO,0.1736,Low,0
5734-EJKXG,0.1735,Low,0
5027-YOCXN,0.1732,Low,0
4097-YODCF,0.1729,Low,0
2931-VUVJN,0.1728,Low,0
6507-DTJZV,0.1728,Low,0
5533-RJFTJ,0.1726,Low,0
4939-KYYPY,0.1726,Low,0
6680-NENYN,0.1725,Low,0
3733-UOCWF,0.1724,Low,0
6686-YPGHK,0.1722,Low,0
2027-CWDNU,0.1722,Low,0
9378-FXTIZ,0.1721,Low,0
3092-IGHWF,0.172,Low,0
3723-BFBGR,0.1719,Low,0
1925-LFCZZ,0.1714,Low,0
3893-JRNFS,0.1713,Low,0
8970-ANWXO,0.1711,Low,0
7483-IQWIB,0.171,Low,0
2908-ZTPNF,0.1708,Low,0
2957-JIRMN,0.1708,Low,0
2896-TBNBE,0.1705,Low,0
2155-AMQRX,0.1705,Low,0
1855-CFULU,0.1704,Low,0
9798-DRYDS,0.1703,Low,0
4274-DRSQT,0.1699,Low,0
4023-RTIQM,0.1697,Low,0
1950-KSVVJ,0.1697,Low,0
8809-RIHDD,0.1697,Low,0
6738-ISCBM,0.1695,Low,0
4929-ROART,0.1694,Low,0
6008-NAIXK,0.1691,Low,0
5447-WZAFP,0.169,Low,0
7530-HDYDS,0.1687,Low,0
8402-EIVQS,0.1687,Low,0
5215-LNLDJ,0.1686,Low,0
7356-AYNJP,0.1683,Low,0
4697-LUPSU,0.1683,Low,0
9938-EKRGF,0.1682,Low,0
6806-YDEUL,0.1682,Low,0
0665-XHDJU,0.1679,Low,0
4486-EFAEB,0.1677,Low,0
1336-EZFZY,0.1676,Low,0
5687-DKDTV,0.1671,Low,0
4397-FRLTA,0.1671,Low,0
4759-PXTAN,0.1671,Low,0
3890-RTCMS,0.1669,Low,0
5222-JCXZT,0.1668,Low,0
8410-BGQXN,0.1668,Low,0
1707-HABPF,0.1667,Low,0
2750-BJLSB,0.1666,Low,0
9618-LFJRU,0.1665,Low,0
0991-BRRFB,0.1663,Low,0
4908-XAXAY,0.166,Low,0
3537-RYBHH,0.1659,Low,0
0423-UDIJQ,0.1659,Low,0
0975-UYDTX,0.1658,Low,0
8646-JCOMS,0.1657,Low,0
5018-HEKFO,0.1657,Low,0
5397-TUPSH,0.1656,Low,0
1304-SEGFY,0.1655,Low,0
4785-NKHCX,0.1655,Low,0
8945-MUQUF,0.1651,Low,0
2391-SOORI,0.1649,Low,0
3521-MNKLV,0.1648,Low,0
9644-KVCNC,0.1647,Low,0
9079-LWTFD,0.1647,Low,0
9259-PACGQ,0.1646,Low,0
7143-BQIBA,0.1646,Low,0
2159-TURXX,0.1645,Low,0
7025-IWFHT,0.1644,Low,0
9505-SQFSW,0.1642,Low,0
8295-FHIVV,0.1642,Low,0
7083-YNSKY,0.1642,Low,0
4160-AMJTL,0.1642,Low,0
9800-ONTFE,0.1641,Low,0
3391-JSQEW,0.164,Low,0
1347-KTTTA,0.1639,Low,0
3316-UWXUY,0.1634,Low,0
1095-WGNGG,0.1633,Low,0
8944-AILEF,0.163,Low,0
2240-HSJQD,0.1628,Low,0
0549-CYCQN,0.1628,Low,0
0319-QZTCO,0.1626,Low,0
0603-OLQDC,0.162,Low,0
6794-HKIAJ,0.1619,Low,0
4926-UMJZD,0.1619,Low,0
9909-DFRJA,0.1615,Low,0
2560-PPCHE,0.1613,Low,0
5207-PLSTK,0.1613,Low,0
0193-ESZXP,0.1612,Low,0
2672-TGEFF,0.1612,Low,0
0537-QYZZN,0.1612,Low,0
2237-ZFSMY,0.1612,Low,0
1353-GHZOS,0.1612,Low,0
6994-ORCWG,0.1611,Low,0
7234-KMNRQ,0.1611,Low,0
8292-TYSPY,0.161,Low,0
6467-CHFZW,0.1609,Low,0
1120-BMWUB,0.1609,Low,0
9828-QHFBK,0.1607,Low,0
8317-BVKSO,0.1606,Low,0
7997-EASSD,0.1606,Low,0
9036-CSKBW,0.1605,Low,0
5651-CRHKQ,0.1605,Low,0
9862-KJTYK,0.1602,Low,0
8182-PNAGI,0.1601,Low,0
6907-CQGPN,0.16,Low,0
2748-MYRVK,0.16,Low,0
4726-DLWQN,0.1599,Low,0
9788-YTFGE,0.1597,Low,0
8148-BPLZQ,0.1596,Low,0
4881-JVQOD,0.1595,Low,0
4846-WHAFZ,0.1594,Low,0
9408-HRXRK,0.1593,Low,0
2722-VOJQL,0.1593,Low,0
6322-PJJDJ,0.1589,Low,0
8992-VONJD,0.1589,Low,0
2889-FPWRM,0.1589,Low,0
3645-DEYGF,0.1588,Low,0
5510-BOIUJ,0.1588,Low,0
8851-RAGOV,0.1587,Low,0
4541-RMRLG,0.1585,Low,0
2266-SJNAT,0.1584,Low,0
3524-WQDSG,0.1582,Low,0
2758-RNWXS,0.1579,Low,0
0851-DFJKB,0.1579,Low,0
9779-DPNEJ,0.1577,Low,0
6261-LHRTG,0.1577,Low,0
0895-LMRSF,0.1576,Low,0
0233-FTHAV,0.1574,Low,0
1629-DQQVB,0.1573,Low,0
6258-NGCNG,0.1572,Low,0
8652-YHIYU,0.1571,Low,0
2316-ESMLS,0.1571,Low,0
7824-PANSQ,0.1571,Low,0
4747-LCAQL,0.1571,Low,0
8008-ESFLK,0.1569,Low,0
4389-UEFCZ,0.1567,Low,0
2937-FTHUR,0.1566,Low,0
2811-POVEX,0.1565,Low,0
5951-AOFIH,0.1561,Low,0
9139-TWBAS,0.1561,Low,0
1614-JBEBI,0.1559,Low,0
1845-CSBRZ,0.1559,Low,0
0931-MHTEM,0.1557,Low,0
8017-UVSZU,0.1556,Low,0
3675-EQOZA,0.1555,Low,0
7605-SNLQG,0.1554,Low,0
9367-OIUXP,0.1553,Low,0
4558-CGYCZ,0.1553,Low,0
3981-QSVQI,0.1552,Low,0
2320-JRSDE,0.1551,Low,0
2530-ENDWQ,0.155,Low,0
7250-EQKIY,0.155,Low,0
1809-DMJHQ,0.1548,Low,0
4829-ZLJTK,0.1543,Low,0
1666-JZPZT,0.154,Low,0
7136-RVDTZ,0.1537,Low,0
4623-ZKHLY,0.1536,Low,0
8378-LKJAF,0.1536,Low,0
1179-INLAT,0.1535,Low,0
7854-EDSSA,0.1534,Low,0
6563-VNPMN,0.1534,Low,0
9099-FTUHS,0.1533,Low,0
6131-FOYAS,0.1532,Low,0
7109-MFBYV,0.1532,Low,0
5120-ZBLAI,0.1531,Low,0
2946-KIQSP,0.1531,Low,0
7663-ZTEGJ,0.1529,Low,0
7639-SUPCW,0.1529,Low,0
2391-IPLOP,0.1529,Low,0
8474-UMLNT,0.1527,Low,0
6386-SZZKH,0.1527,Low,0
9200-NLNPD,0.1522,Low,0
5345-BMKWB,0.1522,Low,0
8108-UXRQN,0.1521,Low,0
5766-XQXMQ,0.152,Low,0
9853-JFZDU,0.152,Low,0
2843-CQMEG,0.1516,Low,0
4187-CINZD,0.1512,Low,0
4283-IVYCI,0.1508,Low,0
3714-XPXBW,0.1507,Low,0
4828-FAZPK,0.1506,Low,0
9904-EHEVJ,0.1501,Low,0
8318-LCNBW,0.15,Low,0
4701-MLJPN,0.1496,Low,0
0440-QEXBZ,0.1495,Low,0
2720-FVBQP,0.1494,Low,0
1925-GMVBW,0.1493,Low,0
8189-DUKMV,0.1492,Low,0
0564-MUUQK,0.1491,Low,0
6377-KSLXC,0.1491,Low,0
0089-IIQKO,0.1489,Low,0
2978-XXSOG,0.1487,Low,0
4765-OXPPD,0.1487,Low,0
8634-CILSZ,0.1485,Low,0
7140-ADSMJ,0.1484,Low,0
3167-SNQPL,0.1484,Low,0
2402-TAIRZ,0.1484,Low,0
3703-TTEPD,0.1484,Low,0
9249-FXSCK,0.1483,Low,0
1386-ZIKUV,0.1481,Low,0
0308-IVGOK,0.1478,Low,0
5343-SGUBI,0.1477,Low,0
0278-YXOOG,0.1477,Low,0
2439-QKJUL,0.1477,Low,0
8050-WYBND,0.1477,Low,0
9970-QBCDA,0.1474,Low,0
3977-QCRSL,0.1472,Low,0
8035-BUYVG,0.1472,Low,0
4140-WJAWW,0.147,Low,0
4879-GZLFH,0.1469,Low,0
4016-BJKTZ,0.1468,Low,0
3370-GQEAL,0.1466,Low,0
8495-PRWFH,0.1464,Low,0
1385-TQOZW,0.1464,Low,0
7516-GMHUV,0.1463,Low,0
5913-INRQV,0.1461,Low,0
6769-DCQLI,0.1459,Low,0
4430-YHXGG,0.1458,Low,0
8080-POTJR,0.1457,Low,0
0917-EZOLA,0.1456,Low,0
9820-RMCQV,0.1456,Low,0
2858-MOFSQ,0.1456,Low,0
8591-NXRCV,0.1456,Low,0
1696-MZVAU,0.1456,Low,0
3570-YUEKJ,0.1453,Low,0
4402-FTBXC,0.145,Low,0
2851-STERV,0.1448,Low,0
3160-TYXLT,0.1447,Low,0
1218-VKFPE,0.1445,Low,0
4250-ZBWLV,0.1443,Low,0
7361-YPXFS,0.144,Low,0
5294-CDGWY,0.1439,Low,0
0701-RFGFI,0.1439,Low,0
6621-YOBKI,0.1439,Low,0
3351-NQLDI,0.1437,Low,0
9565-JSNFM,0.1436,Low,0
2812-SFXMJ,0.1434,Low,0
4291-HPAXL,0.1434,Low,0
6849-WLEYG,0.1434,Low,0
8627-EHGIP,0.1433,Low,0
3327-YBAKM,0.1433,Low,0
5478-JJVZK,0.1431,Low,0
0384-RVBPI,0.1431,Low,0
0052-DCKON,0.1431,Low,0
3221-CJMSG,0.143,Low,0
1060-ENTOF,0.1429,Low,0
0909-SDHNU,0.1428,Low,0
7159-NOKYQ,0.1424,Low,0
2294-SALNE,0.1424,Low,0
3865-QBWSJ,0.1421,Low,0
8384-FZBJK,0.1419,Low,0
3363-EWLGO,0.1419,Low,0
9931-KGHOA,0.1419,Low,0
2972-YDYUW,0.1418,Low,0
2925-MXLSX,0.1417,Low,0
3969-JQABI,0.1417,Low,0
6296-DDOOR,0.1414,Low,0
0277-BKSQP,0.1412,Low,0
9592-ERDKV,0.141,Low,0
5206-XZZQI,0.1408,Low,0
4837-QUSFT,0.1405,Low,0
1852-XEMDW,0.1402,Low,0
9025-ZRPVR,0.1402,Low,0
8548-AWOFC,0.1399,Low,0
5206-HPJKM,0.1397,Low,0
4822-LPTYJ,0.1396,Low,0
0708-SJDIS,0.1395,Low,0
0824-VWDPO,0.1393,Low,0
9575-IWCAZ,0.1393,Low,0
7787-BNTZM,0.1393,Low,0
2019-HDCZY,0.1392,Low,0
7208-PSIHR,0.1389,Low,0
5730-RIITO,0.1388,Low,0
0064-YIJGF,0.1387,Low,0
6583-SZVGP,0.1385,Low,0
6870-ECSHE,0.1384,Low,0
1142-IHLOO,0.1382,Low,0
9031-ZVQPT,0.1382,Low,0
4626-OZDTJ,0.1381,Low,0
6368-NWMCE,0.138,Low,0
2775-SEFEE,0.138,Low,0
6972-SNKKW,0.1378,Low,0
5697-GOMBF,0.1374,Low,0
3948-XHGNA,0.1374,Low,0
0265-PSUAE,0.1373,Low,0
4374-YMUSQ,0.1373,Low,0
2558-BUOZZ,0.1372,Low,0
5760-WRAHC,0.1372,Low,0
5640-CAXOA,0.1371,Low,0
0723-VSOBE,0.137,Low,0
8984-EYLLL,0.1368,Low,0
6733-LRIZX,0.1367,Low,0
9480-BQJEI,0.1367,Low,0
8224-UAXBZ,0.1364,Low,0
5996-NRVXR,0.1363,Low,0
3572-UOLYZ,0.1363,Low,0
3156-QLHBO,0.1362,Low,0
3847-BAERP,0.1361,Low,0
9040-KZVWO,0.1357,Low,0
2272-WUSPA,0.1357,Low,0
0536-ACXIP,0.1357,Low,0
4936-YPJNK,0.1357,Low,0
4002-BQWPQ,0.1356,Low,0
8756-RDDLT,0.1356,Low,0
3780-YVMFA,0.1352,Low,0
3407-QGWLG,0.1351,Low,0
8565-HBFNN,0.135,Low,0
7874-ECPQJ,0.135,Low,0
6289-CPNLD,0.1349,Low,0
9076-AXYIK,0.1349,Low,0
7718-UPSKJ,0.1345,Low,0
1355-KUSBG,0.1345,Low,0
6303-KFWSL,0.1344,Low,0
3694-DELSO,0.1344,Low,0
5294-DMSFH,0.1343,Low,0
3417-TSCIC,0.1342,Low,0
1009-IRMNA,0.1339,Low,0
7336-RLLRH,0.1338,Low,0
2452-SNHFZ,0.1337,Low,0
6112-KTHFQ,0.1336,Low,0
8016-ZMGMO,0.1335,Low,0
2928-HLDBA,0.1333,Low,0
3038-PQIUY,0.1332,Low,0
0345-XMMUG,0.1329,Low,0
3758-CKOQL,0.1326,Low,0
0516-UXRMT,0.1325,Low,0
1444-VVSGW,0.1325,Low,0
2165-VOEGB,0.1324,Low,0
4895-TMWIR,0.1324,Low,0
8910-ICHIU,0.1323,Low,0
8079-XRJRS,0.1322,Low,0
7296-PIXQY,0.132,Low,0
5850-BDWCY,0.132,Low,0
1397-XKKWR,0.1319,Low,0
5360-LJCNJ,0.1319,Low,0
7879-CGSFV,0.1319,Low,0
7811-JIVPF,0.1318,Low,0
9357-UJRUN,0.1317,Low,0
7654-YWJUF,0.1316,Low,0
6295-OSINB,0.1316,Low,0
2235-ZGKPT,0.1316,Low,0
8152-VETUR,0.1315,Low,0
5832-TRLPB,0.1315,Low,0
9092-GDZKO,0.1313,Low,0
3675-YDUPJ,0.1313,Low,0
8450-JOVAH,0.1312,Low,0
2718-GAXQD,0.1312,Low,0
8123-QBNAZ,0.1312,Low,0
4781-ZXYGU,0.1311,Low,0
6505-OZNPG,0.1311,Low,0
8496-DMZUK,0.131,Low,0
1400-WIVLL,0.131,Low,0
9114-AAFQH,0.1309,Low,0
4282-MSACW,0.1308,Low,0
4906-ZHGPK,0.1308,Low,0
9332-GYWLO,0.1308,Low,0
6490-FGZAT,0.1306,Low,0
7968-QUXNS,0.1306,Low,0
8752-GHJFU,0.1305,Low,0
4310-KEDTB,0.1304,Low,0
3642-GKTCT,0.1303,Low,0
6297-NOOPG,0.1301,Low,0
5651-YLPRD,0.1299,Low,0
8107-RZLNV,0.1297,Low,0
0136-IFMYD,0.1297,Low,0
8314-DPQHL,0.1296,Low,0
7566-DSRLQ,0.1291,Low,0
4592-IWTJI,0.1289,Low,0
1136-XGEQU,0.1289,Low,0
2040-OBMLJ,0.1288,Low,0
2359-KLTEK,0.1288,Low,0
4198-VFOEA,0.1288,Low,0
4139-JPIAM,0.1287,Low,0
9060-HJJRW,0.1285,Low,0
8894-JVDCV,0.1283,Low,0
0787-LHDYT,0.1283,Low,0
9115-YQHGA,0.128,Low,0
5349-AZPEW,0.128,Low,0
7233-IOQNP,0.128,Low,0
1089-HDMKP,0.1279,Low,0
0607-MVMGC,0.1277,Low,0
6718-BDGHG,0.1277,Low,0
4683-WYDOU,0.1276,Low,0
1784-BXEFA,0.1275,Low,0
1334-PDUKM,0.1275,Low,0
3680-CTHUH,0.1274,Low,0
6906-MPARY,0.1274,Low,0
3285-UCQVC,0.1272,Low,0
0533-UCAAU,0.1271,Low,0
6131-JLWZM,0.1271,Low,0
8439-LTUGF,0.1269,Low,0
8199-ZLLSA,0.1269,Low,0
2419-FSORS,0.1266,Low,0
2242-MFOTG,0.1265,Low,0
6092-QZVPP,0.1263,Low,0
0373-AIVNJ,0.1262,Low,0
0484-FFVBJ,0.1261,Low,0
0111-KLBQG,0.1261,Low,0
7632-MNYOY,0.126,Low,0
3530-CRZSB,0.1257,Low,0
4189-NAKJS,0.1257,Low,0
5440-FLBQG,0.1255,Low,0
6481-OGDOO,0.1254,Low,0
9470-XCCEM,0.1254,Low,0
9896-UYMIE,0.1253,Low,0
1338-CECEE,0.1253,Low,0
7682-AZNDK,0.1252,Low,0
5724-BIDBU,0.1252,Low,0
3115-JPJDD,0.125,Low,0
0557-ASKVU,0.1249,Low,0
9762-YAQAA,0.1248,Low,0
4003-OCTMP,0.1247,Low,0
9039-RBEEE,0.1246,Low,0
7382-DFJTU,0.1246,Low,0
6671-NGWON,0.1245,Low,0
2150-WLKUW,0.1245,Low,0
5924-IFQTT,0.1245,Low,0
2320-YKQBO,0.1245,Low,0
9586-JGQKH,0.1244,Low,0
1585-MQSSU,0.1243,Low,0
8785-EPNCG,0.1241,Low,0
4255-DDUOU,0.1239,Low,0
2480-SQIOB,0.1236,Low,0
3161-GETRM,0.1235,Low,0
4860-YZGZM,0.1235,Low,0
5995-OIGLP,0.1233,Low,0
1226-JZNKR,0.1232,Low,0
1527-SXDPN,0.1232,Low,0
1744-JHKYS,0.1231,Low,0
0628-CNQRM,0.1231,Low,0
3259-FDWOY,0.123,Low,0
8034-RYTVV,0.1228,Low,0
0186-CAERR,0.1227,Low,0
0867-MKZVY,0.1227,Low,0
5223-UZAVK,0.1227,Low,0
1730-VFMWO,0.1225,Low,0
0961-ZWLVI,0.1224,Low,0
6196-HBOBZ,0.1224,Low,0
0748-RDGGM,0.1223,Low,0
4660-IRIBM,0.1223,Low,0
0750-EKNGL,0.1222,Low,0
8865-TNMNX,0.1222,Low,0
7629-WFGLW,0.122,Low,0
2791-SFVEW,0.1219,Low,0
8582-KRHPJ,0.1219,Low,0
6333-YDVLT,0.1218,Low,0
3845-JHAMY,0.1217,Low,0
6036-TTFYU,0.1216,Low,0
8550-XSXUQ,0.1216,Low,0
4654-DLAMQ,0.1215,Low,0
6873-UDNLD,0.1214,Low,0
7674-YTAFD,0.1213,Low,0
5286-YHCVC,0.1212,Low,0
4821-SJHJV,0.1211,Low,0
5089-IFSDP,0.121,Low,0
9364-YKUVW,0.1209,Low,0
7998-ZLXWN,0.1208,Low,0
5304-EFJLP,0.1208,Low,0
1162-ECVII,0.1208,Low,0
1447-PJGGA,0.1204,Low,0
7013-PSXHK,0.1204,Low,0
0667-NSRGI,0.1203,Low,0
3863-QSTYI,0.1203,Low,0
6655-LHBYW,0.1202,Low,0
7746-QYVCO,0.12,Low,0
2533-QVMSK,0.1199,Low,0
1322-AGOQM,0.1197,Low,0
6035-RIIOM,0.1197,Low,0
4163-KIUHY,0.1192,Low,0
7706-DZNKK,0.1192,Low,0
9351-LZYGF,0.1191,Low,0
2773-OVBPK,0.119,Low,0
2410-CIYFZ,0.119,Low,0
6302-JGYRJ,0.1186,Low,0
2639-UGMAZ,0.1186,Low,0
2277-BKJKN,0.1184,Low,0
6749-UTDVX,0.1183,Low,0
3920-HIHMQ,0.1183,Low,0
0943-ZQPXH,0.1182,Low,0
0655-YDGFJ,0.118,Low,0
6921-OZMFH,0.118,Low,0
0308-GIQJT,0.118,Low,0
1548-ARAGG,0.1178,Low,0
9504-DSHWM,0.1177,Low,0
9691-HKOVS,0.1177,Low,0
1696-HXOWK,0.1177,Low,0
5701-GUXDC,0.1177,Low,0
3597-YASZG,0.1176,Low,0
3039-MJSLN,0.1174,Low,0
3115-CZMZD,0.1173,Low,0
3137-NYQQI,0.1172,Low,0
3716-LRGXK,0.1172,Low,0
5977-CKHON,0.1171,Low,0
6663-JOCQO,0.1171,Low,0
0274-JKUJR,0.117,Low,0
4730-AWNAU,0.117,Low,0
2667-WYLWJ,0.1167,Low,0
1767-TGTKO,0.1167,Low,0
5829-NVSQN,0.1166,Low,0
3428-MMGUB,0.1165,Low,0
4079-VTGLK,0.1165,Low,0
6865-JZNKO,0.1165,Low,0
6732-FZUGP,0.1165,Low,0
7311-MQJCH,0.1164,Low,0
8224-IVVPA,0.1163,Low,0
0440-UEDAI,0.116,Low,0
5173-ZXXXL,0.1158,Low,0
1383-EZRWL,0.1158,Low,0
6598-RFFVI,0.1157,Low,0
8200-KLNYW,0.1156,Low,0
5396-IZEPB,0.1156,Low,0
9955-QOPOY,0.1154,Low,0
5815-HGGHV,0.1153,Low,0
7089-RKVSZ,0.1152,Low,0
3807-XHCJH,0.1152,Low,0
0815-MFZGM,0.1151,Low,0
9917-KWRBE,0.1148,Low,0
1545-JFUML,0.1148,Low,0
7531-GQHME,0.1147,Low,0
1785-BPHTP,0.1141,Low,0
9863-JZAIC,0.114,Low,0
1702-CCFNJ,0.114,Low,0
5882-CMAZQ,0.1138,Low,0
1140-UKVZG,0.1137,Low,0
9546-KDTRB,0.1137,Low,0
1216-JWVUX,0.1137,Low,0
4808-YNLEU,0.1135,Low,0
0142-GVYSN,0.1135,Low,0
7743-EXURX,0.1135,Low,0
3224-DFQNQ,0.1135,Low,0
9391-DXGGG,0.1132,Low,0
9488-FYQAU,0.1131,Low,0
2499-AJYUA,0.1131,Low,0
2851-MMUTZ,0.113,Low,0
2801-NISEI,0.1128,Low,0
2363-BJLSL,0.1128,Low,0
7872-RDDLZ,0.1128,Low,0
8332-OSJDW,0.1126,Low,0
6305-YLBMM,0.1126,Low,0
2332-EFBJY,0.1125,Low,0
7228-PAQPD,0.1123,Low,0
1371-WEPDS,0.1123,Low,0
5663-QBGIS,0.1122,Low,0
9730-DRTMJ,0.1121,Low,0
7105-MXJLL,0.1119,Low,0
1183-CANVH,0.1119,Low,0
5539-HIVAK,0.1119,Low,0
6080-TCMYC,0.1119,Low,0
0297-RBCSG,0.1117,Low,0
9578-FOMUK,0.1114,Low,0
5353-WILCI,0.1113,Low,0
6728-CZFEI,0.1113,Low,0
7102-JJVTX,0.1113,Low,0
9103-CXVOK,0.1112,Low,0
5339-TJFEK,0.1112,Low,0
0980-PVMRC,0.1109,Low,0
7244-QWYHG,0.1108,Low,0
9629-NHXFW,0.1106,Low,0
6202-JVYEU,0.1106,Low,0
0098-BOWSO,0.1105,Low,0
8457-XIGKN,0.1102,Low,0
3096-YXENJ,0.1102,Low,0
8082-GHXOP,0.11,Low,0
0112-QWPNC,0.1099,Low,0
8879-XUAHX,0.1098,Low,0
3635-JBPSG,0.1098,Low,0
0678-RLHVP,0.1097,Low,0
7820-ZYGNY,0.1097,Low,0
5327-CNLUQ,0.1096,Low,0
3450-WXOAT,0.1095,Low,0
6941-KXRRV,0.1092,Low,0
6171-ZTVYB,0.1092,Low,0
3255-GRXMG,0.1091,Low,0
9330-VOFSZ,0.1091,Low,0
9411-TPQQV,0.1091,Low,0
7727-SHVZV,0.1089,Low,0
8406-LNMHF,0.1089,Low,0
6705-LNMDD,0.1089,Low,0
9738-QLWTP,0.1089,Low,0
1921-KYSAY,0.1088,Low,0
7184-LRUUR,0.1087,Low,0
5537-UXXVS,0.1086,Low,0
5176-LDKUH,0.1086,Low,0
9199-PWQVC,0.1085,Low,0
8405-IGQFX,0.1084,Low,0
6341-JVQGF,0.1083,Low,0
2882-DDZPG,0.1082,Low,0
1891-QRQSA,0.1082,Low,0
4657-FWVFY,0.1082,Low,0
7853-GVUDZ,0.1078,Low,0
1237-WIYYZ,0.1077,Low,0
8133-ANHHJ,0.1077,Low,0
6419-ZTTLE,0.1077,Low,0
9974-JFBHQ,0.1077,Low,0
6682-VCIXC,0.1075,Low,0
7576-JMYWV,0.1074,Low,0
4801-JZAZL,0.1074,Low,0
1376-HHBDV,0.1072,Low,0
0178-SZBHO,0.1072,Low,0
9137-UIYPG,0.1067,Low,0
7762-URZQH,0.1065,Low,0
6979-TNDEU,0.1064,Low,0
3679-XASPY,0.1063,Low,0
9374-YOLBJ,0.1063,Low,0
9938-ZREHM,0.1063,Low,0
1291-CUOCY,0.1062,Low,0
6156-UZDLF,0.1062,Low,0
4682-BLBUC,0.1061,Low,0
5998-DZLYR,0.1061,Low,0
6568-POCUI,0.1059,Low,0
8319-QBEHW,0.1059,Low,0
5872-OEQNH,0.1059,Low,0
7593-JNWRU,0.1057,Low,0
5795-KTGUD,0.1055,Low,0
8261-GWDBQ,0.1054,Low,0
8231-BSWXX,0.1053,Low,0
3787-TRIAL,0.1052,Low,0
4670-TABXH,0.1051,Low,0
3181-VTHOE,0.105,Low,0
5271-YNWVR,0.1049,Low,0
6050-FFXES,0.1047,Low,0
5524-KHNJP,0.1045,Low,0
6804-GDMOI,0.1045,Low,0
4611-ANLQC,0.1043,Low,0
1171-TYKUR,0.1043,Low,0
4083-EUGRJ,0.1042,Low,0
0080-EMYVY,0.1041,Low,0
3318-ISQFQ,0.104,Low,0
1563-IWQEX,0.1039,Low,0
0774-IFUVM,0.1039,Low,0
6838-HVLXG,0.1039,Low,0
0723-FDLAY,0.1038,Low,0
1423-BMPBQ,0.1038,Low,0
8752-IMQOS,0.1036,Low,0
4568-TTZRT,0.1036,Low,0
1991-VOPLL,0.1035,Low,0
6278-FEPBZ,0.1035,Low,0
8624-GIOUT,0.1035,Low,0
1658-XUHBX,0.1035,Low,0
0289-IVARM,0.1034,Low,0
6968-URWQU,0.1034,Low,0
2023-VQFDL,0.1033,Low,0
4043-MKDTV,0.1033,Low,0
8942-DBMHZ,0.1033,Low,0
4770-QAZXN,0.1032,Low,0
0725-CXOTM,0.1032,Low,0
6992-TKNYO,0.1032,Low,0
4316-XCSLJ,0.1031,Low,0
8226-BXGES,0.103,Low,0
9256-JTBNZ,0.1029,Low,0
8823-RLPWL,0.1027,Low,0
0074-HDKDG,0.1026,Low,0
2636-SJDOU,0.1022,Low,0
6408-OTUBZ,0.1022,Low,0
2484-DGXPZ,0.1022,Low,0
9644-UMGQA,0.1017,Low,0
8350-NYMVI,0.1017,Low,0
2812-ENYMO,0.1015,Low,0
4654-GGUII,0.1015,Low,0
4429-WYGFR,0.1013,Low,0
1930-WNXSB,0.1013,Low,0
2325-ZUSFD,0.1013,Low,0
7916-VCCPB,0.1012,Low,0
6674-KVJHG,0.1012,Low,0
0496-AHOOK,0.1011,Low,0
9518-IMLHK,0.101,Low,0
2307-FYNNL,0.101,Low,0
8309-PPCED,0.1009,Low,0
0623-EJQEG,0.1008,Low,0
8498-XXGWA,0.1006,Low,0
5297-MDOIR,0.1006,Low,0
0750-EBAIU,0.1006,Low,0
0516-QREYC,0.1005,Low,0
2923-ARZLG,0.1004,Low,0
3192-NQECA,0.1002,Low,0
7677-SJJJK,0.1001,Low,0
1174-FGIFN,0.0999,Low,0
9909-IDLEK,0.0998,Low,0
0384-LPITE,0.0998,Low,0
6266-QHOJZ,0.0998,Low,0
7691-XVTZH,0.0997,Low,0
4806-DXQCE,0.0996,Low,0
2324-EFHVG,0.0996,Low,0
7764-BDPEE,0.0996,Low,0
3639-XJHKQ,0.0994,Low,0
0742-LAFQK,0.0994,Low,0
1621-YNCJH,0.0993,Low,0
3413-DHLPB,0.0993,Low,0
9367-TCUYN,0.0992,Low,0
3750-RNQKR,0.0992,Low,0
5985-TBABQ,0.0992,Low,0
0106-UGRDO,0.0991,Low,0
3594-UVONA,0.0991,Low,0
4250-WAROZ,0.0989,Low,0
5504-WSIUR,0.0989,Low,0
5639-NTUPK,0.0988,Low,0
1116-DXXDF,0.0986,Low,0
9848-JQJTX,0.0985,Low,0
6500-JVEGC,0.0984,Low,0
5071-FBJFS,0.0984,Low,0
5382-TEMLV,0.0983,Low,0
9495-SKLKD,0.0983,Low,0
9388-ZEYVT,0.0982,Low,0
2001-EWBQU,0.0981,Low,0
3750-YHRYO,0.0981,Low,0
1539-LNKHM,0.0979,Low,0
1984-GPTEH,0.0978,Low,0
0392-BZIUW,0.0978,Low,0
1680-VDCWW,0.0977,Low,0
6465-GSRCL,0.0976,Low,0
4104-PVRPS,0.0974,Low,0
4323-SADQS,0.0972,Low,0
3192-LNKRK,0.0971,Low,0
8822-KNBHV,0.0971,Low,0
1779-PWPMG,0.0971,Low,0
6797-LNAQX,0.097,Low,0
6260-XLACS,0.097,Low,0
4393-OBCRR,0.0969,Low,0
5025-GOOKI,0.0968,Low,0
6891-JPYFF,0.0966,Low,0
5448-VWNAM,0.0965,Low,0
4091-TVOCN,0.0964,Low,0
5522-NYKPB,0.0964,Low,0
2809-ILCYT,0.0964,Low,0
7521-YXVZY,0.0964,Low,0
6435-VWCCY,0.0963,Low,0
6308-CQRBU,0.0963,Low,0
3506-LCJDC,0.0963,Low,0
6837-BJYDQ,0.0962,Low,0
3551-GAEGL,0.0962,Low,0
7055-VKGDA,0.0961,Low,0
5756-JYOJT,0.096,Low,0
3282-ZISZV,0.096,Low,0
6766-HFKLA,0.0959,Low,0
5081-NWSUP,0.0958,Low,0
3173-NVMPX,0.0955,Low,0
5756-OZRIO,0.0954,Low,0
7492-TAFJD,0.0953,Low,0
5934-TSSAU,0.0953,Low,0
5386-THSLQ,0.0952,Low,0
5791-KAJFD,0.0949,Low,0
8909-BOLNL,0.0948,Low,0
0282-NVSJS,0.0947,Low,0
8777-MBMTS,0.0945,Low,0
0486-HECZI,0.0945,Low,0
9089-UOWJG,0.0945,Low,0
8204-TIFGJ,0.0944,Low,0
9770-KXGQU,0.0943,Low,0
7449-HVPIV,0.0943,Low,0
0310-VQXAM,0.0942,Low,0
4199-QHJNM,0.0942,Low,0
5193-QLVZB,0.094,Low,0
8819-ZBYNA,0.094,Low,0
6480-YAGIY,0.094,Low,0
3623-FQBOX,0.0934,Low,0
0201-MIBOL,0.0933,Low,0
0201-OAMXR,0.0932,Low,0
6353-BRMMA,0.0932,Low,0
2223-KAGMX,0.093,Low,0
5577-OTWWW,0.0929,Low,0
9929-PLVPA,0.0929,Low,0
4510-PYUSH,0.0929,Low,0
2351-RRBUE,0.0929,Low,0
4922-CVPDX,0.0928,Low,0
3070-BDOQC,0.0927,Low,0
8417-GSODA,0.0927,Low,0
3518-FSTWG,0.0926,Low,0
7663-CUXZB,0.0924,Low,0
4522-XRWWI,0.0924,Low,0
4598-ZADCK,0.0923,Low,0
2001-MCUUW,0.0923,Low,0
3214-IYUUQ,0.0923,Low,0
5499-ECUTN,0.0922,Low,0
2371-KFUOG,0.0922,Low,0
5804-HYIEZ,0.0921,Low,0
2428-ZMCTB,0.092,Low,0
8559-CIZFV,0.092,Low,0
4431-EDMIQ,0.092,Low,0
0380-ZCSBI,0.092,Low,0
3146-JTQHR,0.092,Low,0
5863-OOKCL,0.0919,Low,0
3567-PQTSO,0.0918,Low,0
6784-XYJAE,0.0916,Low,0
6034-ZRYCV,0.0914,Low,0
3915-ODIYG,0.0913,Low,0
1708-PBBOA,0.0913,Low,0
3062-ICYZQ,0.0912,Low,0
2436-QBZFP,0.0911,Low,0
1919-RTPQD,0.091,Low,0
8263-QMNTJ,0.091,Low,0
2958-NHPPS,0.0909,Low,0
9932-WBWIK,0.0909,Low,0
9391-TTOYH,0.0909,Low,0
2371-JUNGC,0.0909,Low,0
9866-OCCKE,0.0909,Low,0
7100-FQPRV,0.0908,Low,0
5949-EBSQK,0.0907,Low,0
5445-PZWGX,0.0906,Low,0
1577-HKTFG,0.0905,Low,0
7470-DYNOE,0.0905,Low,0
8595-SIZNC,0.0904,Low,0
4049-ZPALD,0.0903,Low,0
0635-WKOLD,0.0902,Low,0
9309-BZGNT,0.0902,Low,0
2388-LAESQ,0.0901,Low,0
7317-GGVPB,0.09,Low,0
6257-DTAYD,0.09,Low,0
8707-RMEZH,0.0898,Low,0
5013-SBUIH,0.0898,Low,0
6919-ELBGL,0.0897,Low,0
9972-NKTFD,0.0895,Low,0
7576-ASEJU,0.0895,Low,0
1222-LRYKO,0.0894,Low,0
5274-XHAKY,0.0892,Low,0
6075-QMNRR,0.0891,Low,0
2546-KZAAT,0.0891,Low,0
0907-HQNTS,0.0891,Low,0
8929-KSWIH,0.089,Low,0
9513-DXHDA,0.089,Low,0
7956-XQWGU,0.089,Low,0
7669-LCRSD,0.0889,Low,0
1956-YIFGE,0.0888,Low,0
6993-YGFJV,0.0887,Low,0
4501-UYKBC,0.0887,Low,0
0661-WCQNQ,0.0887,Low,0
8041-TMEID,0.0886,Low,0
1555-DJEQW,0.0884,Low,0
0347-UBKUZ,0.0882,Low,0
9152-AMKAK,0.0881,Low,0
3374-TTZTK,0.0881,Low,0
8221-EQDGL,0.0881,Low,0
4488-PSYCG,0.088,Low,0
9867-NNXLC,0.088,Low,0
4903-CNOZC,0.088,Low,0
1357-MVDOZ,0.0879,Low,0
7134-HBPBS,0.0879,Low,0
6668-CNMFP,0.0877,Low,0
7841-FCRQD,0.0876,Low,0
8075-GXIUB,0.0876,Low,0
0327-WFZSY,0.0876,Low,0
5915-DGNVC,0.0874,Low,0
9134-WYRVP,0.0874,Low,0
2911-IJORQ,0.0873,Low,0
8628-MFKAX,0.0872,Low,0
5553-AOINX,0.0872,Low,0
9351-HXDMR,0.0872,Low,0
9289-LBQVU,0.087,Low,0
9052-DHNKM,0.087,Low,0
1474-JUWSM,0.0869,Low,0
0835-JKADZ,0.0869,Low,0
6447-GORXK,0.0868,Low,0
9415-TPKRV,0.0868,Low,0
1480-BKXGA,0.0868,Low,0
6040-CGACY,0.0868,Low,0
2038-YSEZE,0.0867,Low,0
5236-PERKL,0.0866,Low,0
3034-ZBEQN,0.0866,Low,0
5038-ETMLM,0.0865,Low,0
1428-IEDPR,0.0865,Low,0
4525-VZCZG,0.0865,Low,0
0842-IWYCP,0.0864,Low,0
9522-ZSINC,0.0864,Low,0
8348-JLBUG,0.0863,Low,0
9786-IJYDL,0.0863,Low,0
6878-GGDWG,0.0863,Low,0
5161-XEUVX,0.0862,Low,0
5127-BZENZ,0.0861,Low,0
4795-WRNVT,0.0861,Low,0
2450-ZKEED,0.0861,Low,0
5671-RQRLP,0.086,Low,0
9498-FIMXL,0.086,Low,0
5914-XRFQB,0.0859,Low,0
0484-JPBRU,0.0859,Low,0
4001-TSBTV,0.0858,Low,0
4881-GQJTW,0.0858,Low,0
6924-TDGMT,0.0857,Low,0
4508-OEBEY,0.0857,Low,0
4909-JOUPP,0.0857,Low,0
1641-BYBTK,0.0857,Low,0
5032-USPKF,0.0856,Low,0
5160-UXJED,0.0856,Low,0
4011-ARPHK,0.0855,Low,0
6900-RBKER,0.0855,Low,0
4119-ZYPZY,0.0854,Low,0
0536-BGFMZ,0.0852,Low,0
1125-SNVCK,0.0852,Low,0
9000-PLFUZ,0.0852,Low,0
7036-TYDEC,0.0851,Low,0
2926-JEJJC,0.0851,Low,0
8647-SDTWQ,0.0851,Low,0
9386-LDCZR,0.0849,Low,0
4760-XOHVN,0.0849,Low,0
9495-REDIY,0.0845,Low,0
7445-WMRBW,0.0845,Low,0
4403-BWPAY,0.0845,Low,0
6035-BXTTY,0.0845,Low,0
0895-UADGO,0.0844,Low,0
2985-JUUBZ,0.0844,Low,0
4622-YNKIJ,0.0843,Low,0
3669-WHAFY,0.0843,Low,0
5195-KPUNQ,0.0843,Low,0
8659-HDIYE,0.0842,Low,0
4098-NAUKP,0.0842,Low,0
4686-GEFRM,0.0841,Low,0
3061-BCKYI,0.0841,Low,0
3229-USWAR,0.084,Low,0
9070-BCKQP,0.0838,Low,0
4134-BSXLX,0.0838,Low,0
2121-JAFOM,0.0836,Low,0
8138-EALND,0.0834,Low,0
4937-QPZPO,0.0833,Low,0
8780-RSYYU,0.0832,Low,0
8552-OBVRU,0.0832,Low,0
3803-KMQFW,0.0829,Low,0
0913-XWSCN,0.0829,Low,0
7690-KPNCU,0.0829,Low,0
7587-AOVVU,0.0828,Low,0
7519-JTWQH,0.0827,Low,0
8065-QBYTO,0.0826,Low,0
5256-SKJGO,0.0825,Low,0
2739-CCZMB,0.0825,Low,0
1282-IHQAC,0.0824,Low,0
6933-FHBZC,0.0824,Low,0
6440-DKQGE,0.0822,Low,0
7838-LAZFO,0.0822,Low,0
7833-PKIHD,0.0821,Low,0
7459-IMVYU,0.0821,Low,0
9933-QRGTX,0.082,Low,0
2834-JRTUA,0.0819,Low,0
2511-MORQY,0.0818,Low,0
5515-IDEJJ,0.0817,Low,0
3373-YZZYM,0.0817,Low,0
3097-PYWXL,0.0817,Low,0
2190-PHBHR,0.0817,Low,0
8467-WYNSR,0.0817,Low,0
9405-GPBBG,0.0816,Low,0
4159-NAAIX,0.0816,Low,0
8089-UZWLX,0.0816,Low,0
6253-WRFHY,0.0816,Low,0
2746-DIJLO,0.0815,Low,0
2634-HCZGT,0.0814,Low,0
2834-JKOOW,0.0814,Low,0
0247-SLUJI,0.0814,Low,0
4174-LPGTI,0.0814,Low,0
5808-TOTXO,0.0814,Low,0
3354-OADJP,0.0814,Low,0
0983-TATYJ,0.0811,Low,0
0396-UKGAI,0.081,Low,0
1061-PNTHC,0.081,Low,0
9962-BFPDU,0.0809,Low,0
2522-WLNSF,0.0809,Low,0
7771-ZONAT,0.0808,Low,0
3739-YBWAB,0.0808,Low,0
5170-PTRKA,0.0807,Low,0
8853-TZDGH,0.0807,Low,0
9637-CDTKZ,0.0806,Low,0
0356-OBMAC,0.0805,Low,0
3696-XRIEN,0.0804,Low,0
7901-IIDQV,0.0804,Low,0
5092-STPKP,0.0803,Low,0
1498-DQNRX,0.0803,Low,0
5619-XZZKR,0.0802,Low,0
2338-BQEZT,0.0801,Low,0
6048-UWKAL,0.0799,Low,0
3705-RHRFR,0.0799,Low,0
9298-WGMRW,0.0798,Low,0
1104-FEJAM,0.0798,Low,0
0479-HMSWA,0.0797,Low,0
2120-SMPEX,0.0797,Low,0
3404-JNXAX,0.0794,Low,0
1898-JSNDC,0.0794,Low,0
2930-UOTMB,0.0793,Low,0
3701-SFMUH,0.0792,Low,0
9350-VLHMB,0.0792,Low,0
7049-GKVZY,0.0792,Low,0
1074-AMIOH,0.0792,Low,0
7426-WEIJX,0.0791,Low,0
2075-RMJIK,0.0788,Low,0
1057-FOGLZ,0.0788,Low,0
7551-DACSP,0.0788,Low,0
9544-PYPSJ,0.0787,Low,0
0068-FIGTF,0.0787,Low,0
9839-ETQOE,0.0787,Low,0
1038-ZAGBI,0.0787,Low,0
7356-IWLFW,0.0786,Low,0
8220-OCUFY,0.0785,Low,0
2323-ARSVR,0.0783,Low,0
8573-CGOCC,0.0783,Low,0
7396-VJUZB,0.0783,Low,0
9700-ISPUP,0.0782,Low,0
9589-ABEPT,0.0782,Low,0
7542-CYDDM,0.0781,Low,0
6082-GLJIX,0.0781,Low,0
3824-RHKVR,0.0779,Low,0
5944-UGLLK,0.0779,Low,0
5336-UFNZP,0.0778,Low,0
6174-NRBTZ,0.0778,Low,0
6100-FJZDG,0.0777,Low,0
4186-ZBUEW,0.0777,Low,0
5060-TQUQN,0.0776,Low,0
0128-MKWSG,0.0775,Low,0
5090-EMGTC,0.0775,Low,0
4942-VZZOM,0.0774,Low,0
8631-XVRZL,0.0773,Low,0
6050-IJRHS,0.0772,Low,0
9912-OMZDS,0.0772,Low,0
2878-RMWXY,0.0772,Low,0
2233-FAGXV,0.0771,Low,0
2469-DTSGX,0.0771,Low,0
1623-NLDOT,0.0769,Low,0
8975-SKGRX,0.0769,Low,0
8884-MRNSU,0.0768,Low,0
5468-BPMMO,0.0767,Low,0
5229-DTFYB,0.0767,Low,0
7868-TMWMZ,0.0767,Low,0
4079-ULGFR,0.0766,Low,0
9445-ZUEQE,0.0766,Low,0
5844-QVTAT,0.0765,Low,0
7672-VFMXZ,0.0765,Low,0
6838-YAUVY,0.0764,Low,0
1325-USMEC,0.0764,Low,0
9013-AQORL,0.0763,Low,0
8246-SHFGA,0.0763,Low,0
5337-IIWKZ,0.0763,Low,0
0305-SQECB,0.0763,Low,0
3205-MXZRA,0.0763,Low,0
6473-ULUHT,0.0762,Low,0
3585-YNADK,0.0762,Low,0
2931-SVLTV,0.0761,Low,0
8205-MQUGY,0.0759,Low,0
2862-JVEOY,0.0758,Low,0
4422-QVIJA,0.0758,Low,0
7435-ZNUYY,0.0758,Low,0
5616-PRTNT,0.0757,Low,0
7909-FIOIY,0.0756,Low,0
0621-JFHOL,0.0756,Low,0
2380-DAMQP,0.0755,Low,0
4376-KFVRS,0.0755,Low,0
6967-QIQRV,0.0754,Low,0
6559-RAKOZ,0.0753,Low,0
5857-XRECV,0.0753,Low,0
9330-DHBFL,0.0753,Low,0
1150-WFARN,0.0752,Low,0
2533-TIBIX,0.0752,Low,0
4322-RCYMT,0.0751,Low,0
1137-DGOWI,0.0751,Low,0
7954-MLBUN,0.0751,Low,0
9239-GZHZE,0.075,Low,0
3011-WQKSZ,0.075,Low,0
4815-TUMEQ,0.0749,Low,0
4318-RAJVY,0.0749,Low,0
4075-WKNIU,0.0748,Low,0
1877-HKBQX,0.0746,Low,0
7742-MYPGI,0.0744,Low,0
0303-UNCIP,0.0742,Low,0
5961-VUSRV,0.0741,Low,0
4647-XXZAM,0.0739,Low,0
4719-UMSIY,0.0738,Low,0
4223-BKEOR,0.0738,Low,0
2054-PJOCK,0.0737,Low,0
3541-ZNUHK,0.0737,Low,0
7595-EHCDL,0.0736,Low,0
8198-RKSZG,0.0736,Low,0
7619-PLRLP,0.0735,Low,0
7191-ADRGF,0.0735,Low,0
9967-ATRFS,0.0735,Low,0
8106-GWQOK,0.0735,Low,0
1937-OTUKY,0.0734,Low,0
2073-QBVBI,0.0733,Low,0
9861-PDSZP,0.0732,Low,0
0254-KCJGT,0.0732,Low,0
5174-ITUMV,0.0731,Low,0
4111-BNXIF,0.073,Low,0
2434-EEVDB,0.073,Low,0
2495-TTHBQ,0.0728,Low,0
6990-YNRIO,0.0727,Low,0
5777-ZPQNC,0.0726,Low,0
8029-XYPWT,0.0726,Low,0
9621-OUPYD,0.0725,Low,0
7156-MXBJE,0.0725,Low,0
7683-CBDKJ,0.0725,Low,0
1097-FSPVW,0.0725,Low,0
5827-MWCZK,0.0725,Low,0
8777-PVYGU,0.0724,Low,0
7995-ZHHNZ,0.0723,Low,0
0164-APGRB,0.0723,Low,0
1410-RSCMR,0.0722,Low,0
3556-BVQGL,0.0722,Low,0
6650-BWFRT,0.0721,Low,0
5202-IVJNU,0.072,Low,0
2208-NQBCT,0.072,Low,0
4830-FAXFM,0.0718,Low,0
9720-JJJOR,0.0717,Low,0
9128-CPXKI,0.0716,Low,0
3729-OWRVL,0.0716,Low,0
3999-WRNGR,0.0715,Low,0
4567-AKPIA,0.0715,Low,0
4328-VUFWD,0.0715,Low,0
6366-XIVKZ,0.0715,Low,0
7876-AEHIG,0.0714,Low,0
8879-ZKJOF,0.0712,Low,0
6727-IOTLZ,0.0712,Low,0
6147-CBCRA,0.0711,Low,0
7032-LMBHI,0.071,Low,0
9294-TDIPC,0.071,Low,0
6893-ODYYE,0.0708,Low,0
6543-JXSOO,0.0708,Low,0
6603-QWSPR,0.0708,Low,0
4513-CXYIX,0.0707,Low,0
2578-JQPHZ,0.0705,Low,0
3082-WQRVY,0.0705,Low,0
5447-VYTKW,0.0704,Low,0
6176-YJWAS,0.0704,Low,0
2710-WYVXG,0.0704,Low,0
8559-WNQZS,0.0704,Low,0
0568-ONFPC,0.0704,Low,0
1470-PSXNM,0.0702,Low,0
0939-EREMR,0.0702,Low,0
5693-PIPCS,0.0701,Low,0
3823-KYNQY,0.07,Low,0
2680-XKKNJ,0.07,Low,0
5898-IGSLP,0.0699,Low,0
6620-HVDUJ,0.0699,Low,0
7722-CVFXN,0.0698,Low,0
5131-PONJI,0.0698,Low,0
5414-OFQCB,0.0697,Low,0
4859-ZSRDZ,0.0696,Low,0
2061-VVFST,0.0695,Low,0
8311-UEUAB,0.0695,Low,0
7993-NQLJE,0.0695,Low,0
5172-RKOCB,0.0694,Low,0
8071-SBTRN,0.0694,Low,0
7338-ERIVA,0.0692,Low,0
7657-DYEPJ,0.0692,Low,0
7666-WKRON,0.0692,Low,0
2091-GPPIQ,0.0691,Low,0
1794-SWWKL,0.069,Low,0
2245-ADZFJ,0.0689,Low,0
5451-YHYPW,0.0689,Low,0
3633-CDBUW,0.0688,Low,0
2673-ZALNP,0.0688,Low,0
5906-CVLHP,0.0687,Low,0
9680-NIAUV,0.0686,Low,0
0565-JUPYD,0.0685,Low,0
5555-RNPGT,0.0685,Low,0
1485-YDHMM,0.0685,Low,0
9350-ZXYJC,0.0684,Low,0
2907-ILJBN,0.0684,Low,0
5748-RNCJT,0.0683,Low,0
1208-NBVFH,0.0682,Low,0
1866-ZSLJM,0.0681,Low,0
9880-TDQAC,0.0681,Low,0
2243-FNMMI,0.068,Low,0
7521-AFHAB,0.068,Low,0
6461-PPAXN,0.068,Low,0
1121-QSIVB,0.068,Low,0
2798-NYLMZ,0.0679,Low,0
7541-YLXCL,0.0678,Low,0
2321-OMBXY,0.0677,Low,0
8201-AAXCB,0.0677,Low,0
2055-BFOCC,0.0676,Low,0
4801-KFYKL,0.0675,Low,0
4106-HADHQ,0.0674,Low,0
8461-EFQYM,0.0674,Low,0
4576-CSAJH,0.0673,Low,0
8166-ZZTFS,0.0672,Low,0
2959-EEXWB,0.0671,Low,0
2988-QRAJY,0.0671,Low,0
9419-IPPBE,0.067,Low,0
7570-WELNY,0.0669,Low,0
0619-OLYUR,0.0669,Low,0
2085-JVGAD,0.0669,Low,0
2144-ESWKO,0.0668,Low,0
3982-DQLUS,0.0667,Low,0
9558-IHEZX,0.0667,Low,0
9577-WJVCQ,0.0666,Low,0
3259-QMXUN,0.0666,Low,0
3470-BTGQO,0.0666,Low,0
2272-JKMSI,0.0665,Low,0
1952-DVVSW,0.0665,Low,0
9845-PEEKO,0.0665,Low,0
5789-LDFXO,0.0664,Low,0
0657-DOGUM,0.0663,Low,0
7047-YXDMZ,0.0662,Low,0
5135-GRQJV,0.0662,Low,0
8984-HPEMB,0.0662,Low,0
9894-QMIMJ,0.0661,Low,0
1345-GKDZZ,0.066,Low,0
5781-BKHOP,0.0659,Low,0
6559-ILWKJ,0.0658,Low,0
9924-JPRMC,0.0657,Low,0
1352-VHKAJ,0.0656,Low,0
0670-ANMUU,0.0655,Low,0
3410-MHHUM,0.0655,Low,0
4495-LHSSK,0.0655,Low,0
6250-CGGUN,0.0654,Low,0
0292-WEGCH,0.0652,Low,0
3340-QBBFM,0.0651,Low,0
0076-LVEPS,0.065,Low,0
1915-OAKWD,0.065,Low,0
5049-MUBWG,0.0649,Low,0
0799-DDIHE,0.0649,Low,0
9473-CBZOP,0.0649,Low,0
4115-UMJFQ,0.0649,Low,0
1841-YSJGV,0.0648,Low,0
0956-SYCWG,0.0648,Low,0
7707-PYBBH,0.0648,Low,0
9788-HNGUT,0.0647,Low,0
4767-HZZHQ,0.0646,Low,0
6635-MYYYZ,0.0646,Low,0
4608-LCIMN,0.0646,Low,0
7550-WIQVA,0.0646,Low,0
5846-QFDFI,0.0645,Low,0
1866-DIOQZ,0.0644,Low,0
5312-IRCFR,0.0644,Low,0
7325-ENZFI,0.0644,Low,0
2483-XSSMZ,0.0644,Low,0
0696-UKTOX,0.0643,Low,0
3452-FLHYD,0.0642,Low,0
0422-OHQHQ,0.0641,Low,0
4137-JOPHL,0.0639,Low,0
9066-QRSDU,0.0638,Low,0
8100-HZZLJ,0.0638,Low,0
4366-CTOUZ,0.0637,Low,0
2717-HVIZY,0.0637,Low,0
3131-NWVFJ,0.0637,Low,0
6765-MBQNU,0.0637,Low,0
9867-JCZSP,0.0636,Low,0
0134-XWXCE,0.0636,Low,0
4369-NYSCF,0.0635,Low,0
0310-SUCIN,0.0635,Low,0
7801-CEDNV,0.0635,Low,0
3957-HHLMR,0.0633,Low,0
5716-EZXZN,0.0633,Low,0
7247-XOZPB,0.0633,Low,0
9926-PJHDQ,0.0633,Low,0
7663-YJHSN,0.0633,Low,0
8404-VLQFB,0.0632,Low,0
8763-KIAFH,0.0632,Low,0
3655-SNQYZ,0.0631,Low,0
7623-HKYRK,0.0628,Low,0
5954-BDFSG,0.0628,Low,0
9885-MFVSU,0.0627,Low,0
3244-CQPHU,0.0627,Low,0
0013-SMEOE,0.0627,Low,0
5236-XMZJY,0.0627,Low,0
4664-NJCMS,0.0626,Low,0
1448-CYWKC,0.0626,Low,0
5203-XEHAX,0.0626,Low,0
0687-ZVTHB,0.0626,Low,0
8085-MSNLK,0.0625,Low,0
4445-KWOKW,0.0625,Low,0
5811-IWXYM,0.0625,Low,0
8329-GWVPJ,0.0625,Low,0
6773-LQTVT,0.0625,Low,0
6869-FGJJC,0.0624,Low,0
0906-QVPMS,0.0624,Low,0
1752-OZXFY,0.0624,Low,0
7005-CYUIL,0.0624,Low,0
9154-QDGTH,0.0621,Low,0
1552-TKMXS,0.0621,Low,0
1936-CZAKF,0.0621,Low,0
8961-QDZZJ,0.0621,Low,0
8963-MQVYN,0.0621,Low,0
2387-KDZQY,0.0621,Low,0
0019-EFAEP,0.062,Low,0
3162-ZJZFU,0.062,Low,0
3197-NNYNB,0.062,Low,0
8869-LIHMK,0.062,Low,0
5056-FIMPT,0.062,Low,0
1004-NOZNR,0.062,Low,0
0872-CASZJ,0.0619,Low,0
1661-CZBAU,0.0619,Low,0
9750-BOOHV,0.0619,Low,0
0997-YTLNY,0.0619,Low,0
6252-DFGTK,0.0618,Low,0
5753-QQWPW,0.0616,Low,0
1455-HFBXA,0.0616,Low,0
7611-YKYTC,0.0615,Low,0
2904-GGUAZ,0.0615,Low,0
7407-SUJIZ,0.0614,Low,0
1360-RCYRT,0.0614,Low,0
3154-CFSZG,0.0613,Low,0
3474-BAFSJ,0.0613,Low,0
8259-NFJTV,0.0612,Low,0
7923-IYJWY,0.0611,Low,0
4304-TSPVK,0.0611,Low,0
3887-PBQAO,0.061,Low,0
4012-ZTHBR,0.061,Low,0
9467-ROOLM,0.061,Low,0
9766-HGEDE,0.0609,Low,0
8630-QSGXK,0.0609,Low,0
9677-AVKED,0.0606,Low,0
1755-RMCXH,0.0605,Low,0
8680-CGLTP,0.0605,Low,0
9705-IOVQQ,0.0605,Low,0
9906-NHHVC,0.0605,Low,0
6416-JNVRK,0.0604,Low,0
5180-UCIIQ,0.0604,Low,0
5546-QUERU,0.0603,Low,0
6508-NJYRO,0.0602,Low,0
7176-WRTNX,0.06,Low,0
6734-FQAJX,0.0599,Low,0
3239-TPHPZ,0.0598,Low,0
8383-SGHJU,0.0597,Low,0
6726-NNFWD,0.0597,Low,0
9313-QOLTZ,0.0597,Low,0
2651-ZCBXV,0.0596,Low,0
5245-VDBUR,0.0596,Low,0
4851-BQDNX,0.0595,Low,0
8976-OQHGT,0.0594,Low,0
9959-WOFKT,0.0594,Low,0
1557-EMYVT,0.0593,Low,0
8097-VBQTZ,0.0593,Low,0
3911-RSNHI,0.0593,Low,0
4709-LKHYG,0.0592,Low,0
4184-VODJZ,0.0592,Low,0
5777-KJIRB,0.0592,Low,0
3963-RYFNS,0.0591,Low,0
8788-DOXSU,0.0591,Low,0
8049-WJCLQ,0.0591,Low,0
9063-ZGTUY,0.0591,Low,0
4194-WHFCB,0.0589,Low,0
0378-CJKPV,0.0589,Low,0
6483-OATDN,0.0588,Low,0
6791-YBNAK,0.0588,Low,0
6352-GIGGQ,0.0587,Low,0
8734-FNWVH,0.0587,Low,0
8898-KASCD,0.0587,Low,0
1114-CENIM,0.0585,Low,0
7931-PXHFC,0.0583,Low,0
5546-BYZSM,0.0582,Low,0
9928-BZVLZ,0.0582,Low,0
9987-LUTYD,0.0581,Low,0
8819-WFGGJ,0.058,Low,0
0547-HURJB,0.058,Low,0
4456-RHSNB,0.0579,Low,0
9347-AERRL,0.0579,Low,0
7353-YOWFP,0.0577,Low,0
6231-WFGFH,0.0575,Low,0
1135-HIORI,0.0575,Low,0
3059-NGMXB,0.0574,Low,0
3472-OAOOR,0.0574,Low,0
0953-LGOVU,0.0574,Low,0
8812-ZRHFP,0.0574,Low,0
2550-QHZGP,0.0573,Low,0
8313-AFGBW,0.0573,Low,0
4163-NCJAK,0.0573,Low,0
1429-UYJSV,0.0572,Low,0
5602-BVFMK,0.0572,Low,0
5020-ZSTTY,0.0572,Low,0
6904-JLBGY,0.0572,Low,0
3547-LQRIK,0.057,Low,0
2368-GAKKQ,0.057,Low,0
1684-FLBGS,0.057,Low,0
6614-FHDBO,0.0568,Low,0
3378-AJRAO,0.0567,Low,0
5855-EIBDE,0.0566,Low,0
4324-BZCKL,0.0566,Low,0
9844-FELAJ,0.0566,Low,0
7753-USQYQ,0.0566,Low,0
8109-YUOHE,0.0563,Low,0
7670-ZBPOQ,0.0563,Low,0
3347-YJZZE,0.0562,Low,0
5512-IDZEI,0.0562,Low,0
7078-NVFAM,0.0559,Low,0
5740-YHGTW,0.0558,Low,0
2348-KCJLT,0.0557,Low,0
6872-HXFNF,0.0557,Low,0
4957-TIALW,0.0557,Low,0
8573-JGCZW,0.0556,Low,0
0428-AXXLJ,0.0556,Low,0
1763-KUAAW,0.0554,Low,0
2192-CKRLV,0.0554,Low,0
9027-TMATR,0.0554,Low,0
9251-WNSOD,0.0553,Low,0
5820-PTRYM,0.0553,Low,0
6551-ZCOTS,0.0553,Low,0
8434-PNQZX,0.0553,Low,0
9553-DLCLU,0.0553,Low,0
0516-OOHAR,0.0552,Low,0
6476-YHMGA,0.0552,Low,0
1525-LNLOJ,0.0552,Low,0
0023-UYUPN,0.0551,Low,0
4694-PHWFW,0.0551,Low,0
3780-DDGSE,0.0551,Low,0
8809-XKHMD,0.0551,Low,0
9470-YFUYI,0.0548,Low,0
6999-CHVCF,0.0548,Low,0
9142-XMYJH,0.0548,Low,0
7110-BDTWG,0.0547,Low,0
4355-HBJHH,0.0547,Low,0
7359-WWYJV,0.0546,Low,0
5593-SUAOO,0.0546,Low,0
3605-JISKB,0.0546,Low,0
0458-HEUZG,0.0545,Low,0
2091-MJTFX,0.0545,Low,0
5183-KLYEM,0.0545,Low,0
3308-JSGML,0.0545,Low,0
6114-TCFID,0.0544,Low,0
4450-MDZFX,0.0543,Low,0
5641-DMBFJ,0.0543,Low,0
7785-RDVIG,0.0543,Low,0
9308-ANMVE,0.0543,Low,0
0946-FKYTX,0.0542,Low,0
7813-TKCVO,0.0542,Low,0
7375-WMVMT,0.0541,Low,0
9891-NQDBD,0.0541,Low,0
3043-SUDUA,0.0539,Low,0
3280-MRDOF,0.0539,Low,0
1297-VQDRP,0.0538,Low,0
4129-LYCOI,0.0538,Low,0
4710-NKCAW,0.0537,Low,0
8996-ZROXE,0.0537,Low,0
0014-BMAQU,0.0536,Low,0
0230-UBYPQ,0.0535,Low,0
4778-IZARL,0.0535,Low,0
7055-JCGNI,0.0535,Low,0
0334-ZFJSR,0.0533,Low,0
0716-BQNDX,0.0532,Low,0
1131-ALZWV,0.0532,Low,0
5327-XOKKY,0.0532,Low,0
7989-VCQOH,0.0531,Low,0
9362-MWODR,0.0531,Low,0
0979-MOZQI,0.0531,Low,0
3422-WJOYD,0.053,Low,0
2361-FJWNO,0.0529,Low,0
8570-KLJYJ,0.0529,Low,0
6754-LZUKA,0.0529,Low,0
3800-LYTRK,0.0529,Low,0
7572-KPVKK,0.0529,Low,0
0868-VJRDR,0.0528,Low,0
3090-HAWSU,0.0528,Low,0
1043-UXOVO,0.0528,Low,0
7564-GHCVB,0.0526,Low,0
0813-TAXXS,0.0526,Low,0
7776-QGYJC,0.0526,Low,0
8792-AOROI,0.0525,Low,0
3640-JQGJG,0.0523,Low,0
9763-GRSKD,0.0523,Low,0
0840-DCNZE,0.0523,Low,0
2123-VSCOT,0.0522,Low,0
6194-HBGQN,0.0522,Low,0
7826-VVKWT,0.0521,Low,0
0595-ITUDF,0.052,Low,0
0727-BNRLG,0.052,Low,0
1850-AKQEP,0.0519,Low,0
6478-HRRCZ,0.0519,Low,0
3898-BSJYF,0.0519,Low,0
5278-PNYOX,0.0518,Low,0
0756-MPZRL,0.0517,Low,0
6371-NZYEG,0.0517,Low,0
9391-LMANN,0.0517,Low,0
3097-IDVPU,0.0517,Low,0
3733-ZEECP,0.0516,Low,0
1345-ZUKID,0.0516,Low,0
1430-SFQSA,0.0515,Low,0
7322-OCWHC,0.0515,Low,0
9995-HOTOH,0.0515,Low,0
7929-SKFGK,0.0515,Low,0
0820-FNRNX,0.0514,Low,0
5989-AXPUC,0.0514,Low,0
4378-BZYFP,0.0514,Low,0
5993-BQHEA,0.0513,Low,0
2453-SAFNS,0.0513,Low,0
4425-OWHWB,0.0513,Low,0
8930-XOTDP,0.0513,Low,0
6746-WAUWT,0.0512,Low,0
2040-LDIWQ,0.0512,Low,0
9138-EFSMO,0.0512,Low,0
9617-UDPEU,0.0511,Low,0
6719-FGEDO,0.051,Low,0
3259-KNMRR,0.0508,Low,0
1088-CNNKB,0.0508,Low,0
9207-ZPANB,0.0507,Low,0
5876-HZVZM,0.0507,Low,0
4092-OFQZS,0.0506,Low,0
1642-HMARX,0.0506,Low,0
3442-ZHHCC,0.0505,Low,0
6211-WWLTF,0.0505,Low,0
4547-FZJWE,0.0505,Low,0
7649-PHJVR,0.0505,Low,0
4277-UDIEF,0.0505,Low,0
5186-PEIZU,0.0504,Low,0
9229-RQABD,0.0504,Low,0
8735-NBLWT,0.0504,Low,0
2724-FJDYW,0.0503,Low,0
2200-DSAAL,0.0503,Low,0
2167-FQSTQ,0.0503,Low,0
8084-OIVBS,0.0502,Low,0
9046-DQMTP,0.0502,Low,0
7061-OVMIM,0.0501,Low,0
1813-JYWTO,0.0501,Low,0
2580-ASVVY,0.0501,Low,0
8024-XNAFQ,0.05,Low,0
1573-LGXBA,0.05,Low,0
3272-VUHPV,0.05,Low,0
3658-QQJYD,0.0499,Low,0
7105-BENQF,0.0499,Low,0
7446-SFAOA,0.0499,Low,0
9297-FVVDH,0.0498,Low,0
7951-VRDVK,0.0498,Low,0
6497-TILVL,0.0497,Low,0
5451-MHQOF,0.0497,Low,0
9805-FILKB,0.0497,Low,0
0930-EHUZA,0.0495,Low,0
1017-FBQMM,0.0495,Low,0
3778-FOAQW,0.0495,Low,0
0254-FNMCI,0.0494,Low,0
4472-VESGY,0.0494,Low,0
6732-VAILE,0.0494,Low,0
5150-LJNSR,0.0493,Low,0
1544-JJMYL,0.0493,Low,0
6082-OQFBA,0.0492,Low,0
6691-CCIHA,0.0492,Low,0
0369-ZGOVK,0.0492,Low,0
9225-BZLNZ,0.0491,Low,0
5473-KHBPS,0.0491,Low,0
0731-EBJQB,0.0491,Low,0
0866-QLSIR,0.0491,Low,0
3721-CNZHX,0.0491,Low,0
5198-HQAEN,0.049,Low,0
7619-ODSGN,0.049,Low,0
6510-UPNKS,0.0489,Low,0
5876-QMYLD,0.0489,Low,0
0104-PPXDV,0.0489,Low,0
0993-OSGPT,0.0489,Low,0
4115-BNPJY,0.0487,Low,0
9860-LISIZ,0.0487,Low,0
6319-QSUSR,0.0487,Low,0
3466-BYAVD,0.0487,Low,0
6861-OKBCE,0.0487,Low,0
8958-JPTRR,0.0486,Low,0
1265-BCFEO,0.0486,Low,0
1194-BHJYC,0.0486,Low,0
4700-UBQMV,0.0485,Low,0
3186-AJIEK,0.0485,Low,0
1725-IQNIY,0.0484,Low,0
0743-HNPFG,0.0484,Low,0
4627-MIHJH,0.0483,Low,0
4667-QONEA,0.0483,Low,0
7817-OMJNA,0.0482,Low,0
8208-EUMTE,0.0482,Low,0
7088-FBAWU,0.0482,Low,0
7665-VIGUD,0.0481,Low,0
5995-WWKKG,0.048,Low,0
2126-GSEGL,0.048,Low,0
9919-FZDED,0.0479,Low,0
0945-TSONX,0.0479,Low,0
9442-JTWDL,0.0479,Low,0
9837-FWLCH,0.0478,Low,0
8044-BGWPI,0.0478,Low,0
8421-WZOOW,0.0478,Low,0
4291-HYEBC,0.0477,Low,0
7029-IJEJK,0.0477,Low,0
8745-PVESG,0.0476,Low,0
0454-OKRCT,0.0475,Low,0
4826-DXMUP,0.0475,Low,0
7544-ZVIKX,0.0475,Low,0
4377-VDHYI,0.0475,Low,0
2749-CTKAJ,0.0474,Low,0
9127-QRZMH,0.0473,Low,0
4797-MIWUM,0.0473,Low,0
2039-JONDJ,0.0473,Low,0
0942-KOWSM,0.0473,Low,0
9432-RUVSL,0.0473,Low,0
4404-HIBDJ,0.0473,Low,0
8433-WPJTV,0.0472,Low,0
8513-OLYGY,0.0472,Low,0
7989-AWGEH,0.0472,Low,0
6421-SZVEM,0.0472,Low,0
8204-YJCLA,0.0471,Low,0
6234-RAAPL,0.047,Low,0
3298-QEICA,0.047,Low,0
4702-HDRKD,0.047,Low,0
6549-BTYPG,0.0469,Low,0
6827-IEAUQ,0.0467,Low,0
0829-DDVLK,0.0467,Low,0
2294-DMMUS,0.0467,Low,0
1439-LCGVL,0.0466,Low,0
2682-KEVRP,0.0465,Low,0
3682-YEUWS,0.0465,Low,0
0784-GTUUK,0.0465,Low,0
6166-YIPFO,0.0465,Low,0
2364-UFROM,0.0465,Low,0
8292-FRFZQ,0.0465,Low,0
0489-WMEMG,0.0465,Low,0
2706-QZIHY,0.0464,Low,0
7607-QKKTJ,0.0464,Low,0
1866-NXPSP,0.0464,Low,0
0078-XZMHT,0.0464,Low,0
0114-IGABW,0.0463,Low,0
0022-TCJCI,0.0463,Low,0
2796-UUZZO,0.0462,Low,0
4868-AADLV,0.0462,Low,0
9803-FTJCG,0.0461,Low,0
1022-RKXDR,0.0461,Low,0
1964-SVLEA,0.046,Low,0
4973-RLZVI,0.046,Low,0
7173-TETGO,0.046,Low,0
0323-XWWTN,0.0459,Low,0
0788-DXBFY,0.0459,Low,0
5726-CVNYA,0.0459,Low,0
0307-BCOPK,0.0459,Low,0
3243-ZHOHY,0.0459,Low,0
1064-FBXNK,0.0458,Low,0
4853-RULSV,0.0458,Low,0
6188-UXBBR,0.0458,Low,0
1178-PZGAB,0.0458,Low,0
5684-FJVYR,0.0457,Low,0
9746-MDMBK,0.0457,Low,0
4713-ZBURT,0.0456,Low,0
0121-SNYRK,0.0456,Low,0
5039-LZRQT,0.0456,Low,0
5862-BRIXZ,0.0455,Low,0
9695-IDRZR,0.0455,Low,0
6152-ONASV,0.0454,Low,0
5197-PYEPU,0.0454,Low,0
7129-AZJDE,0.0454,Low,0
4121-AGSIN,0.0454,Low,0
8469-SNFFH,0.0453,Low,0
6598-KELSS,0.0453,Low,0
9220-ZNKJI,0.0453,Low,0
0203-HHYIJ,0.0452,Low,0
3468-DRVQJ,0.0452,Low,0
8849-PRIQJ,0.0452,Low,0
2898-MRKPI,0.0452,Low,0
0083-PIVIK,0.045,Low,0
2592-HODOV,0.0448,Low,0
2788-CJQAQ,0.0448,Low,0
3190-FZATL,0.0448,Low,0
3594-BDSOA,0.0448,Low,0
1465-WCZVT,0.0448,Low,0
8076-FEZKJ,0.0448,Low,0
1576-PFZIW,0.0447,Low,0
2887-JPYLU,0.0447,Low,0
0042-JVWOJ,0.0446,Low,0
2234-XADUH,0.0446,Low,0
9541-PWTWO,0.0446,Low,0
9385-NXKDA,0.0445,Low,0
3374-PZLXD,0.0444,Low,0
1930-BZLHI,0.0443,Low,0
5762-TJXGK,0.0443,Low,0
8871-JLMHM,0.0443,Low,0
5125-CNDSP,0.0443,Low,0
5590-ZSKRV,0.0443,Low,0
4178-EGMON,0.0443,Low,0
2274-XUATA,0.0442,Low,0
1206-EHBDD,0.0442,Low,0
9412-ARGBX,0.0441,Low,0
9194-GFVOI,0.0441,Low,0
4616-EWBNJ,0.044,Low,0
7609-NRNCA,0.0439,Low,0
2239-CGBUZ,0.0439,Low,0
0187-WZNAB,0.0439,Low,0
3258-SYSWS,0.0438,Low,0
2239-CFOUJ,0.0437,Low,0
4980-URKXC,0.0437,Low,0
5474-LAMUQ,0.0436,Low,0
4311-QTTAI,0.0435,Low,0
1309-XGFSN,0.0435,Low,0
3178-CIFOT,0.0434,Low,0
0580-PIQHM,0.0433,Low,0
5197-LQXXH,0.0432,Low,0
3486-KHMLI,0.0432,Low,0
5312-TSZVC,0.0431,Low,0
9253-VIFJQ,0.043,Low,0
1265-HVPZB,0.0429,Low,0
5376-PCKNB,0.0428,Low,0
2000-DHJUY,0.0426,Low,0
7137-NAXML,0.0426,Low,0
9978-HYCIN,0.0425,Low,0
5155-AZQPB,0.0425,Low,0
6574-MCOEH,0.0425,Low,0
0536-ESJEP,0.0424,Low,0
8670-ERCJH,0.0423,Low,0
5110-CHOPY,0.0423,Low,0
0810-DHDBD,0.0422,Low,0
6437-UDQJM,0.0422,Low,0
7073-QETQY,0.0422,Low,0
1545-ACTAS,0.0421,Low,0
0853-TWRVK,0.0421,Low,0
6339-TBELP,0.0421,Low,0
3397-AVTKU,0.042,Low,0
7940-UQQUG,0.042,Low,0
4584-LBNMK,0.042,Low,0
0620-XEFWH,0.0419,Low,0
2057-BOYKM,0.0418,Low,0
2790-XUYMV,0.0418,Low,0
1090-ESELR,0.0417,Low,0
7279-NMVJC,0.0417,Low,0
0129-QMPDR,0.0417,Low,0
3230-IUALN,0.0416,Low,0
4359-INNWN,0.0416,Low,0
9619-GSATL,0.0415,Low,0
7581-EBBOU,0.0415,Low,0
0604-THJFP,0.0413,Low,0
3398-GCPMU,0.0413,Low,0
3125-RAHBV,0.0413,Low,0
6286-ZHAOK,0.0412,Low,0
5014-WUQMG,0.0412,Low,0
1122-YJBCS,0.0412,Low,0
4751-ERMAN,0.0411,Low,0
0218-QNVAS,0.041,Low,0
6121-TNHBO,0.041,Low,0
6631-HMANX,0.041,Low,0
1936-UAFEH,0.041,Low,0
8738-JOKAR,0.041,Low,0
4538-WNTMJ,0.0409,Low,0
0744-GKNGE,0.0409,Low,0
3865-YIOTT,0.0409,Low,0
7266-GSSJX,0.0409,Low,0
8125-QPFJD,0.0409,Low,0
9242-TKFSV,0.0408,Low,0
4024-CSNBY,0.0408,Low,0
3134-DSHVC,0.0408,Low,0
7641-TQFHN,0.0408,Low,0
7919-ZODZZ,0.0408,Low,0
8668-KNZTI,0.0407,Low,0
8883-GRDWQ,0.0407,Low,0
4644-PIZRT,0.0407,Low,0
5313-FPXWG,0.0407,Low,0
8169-SAEJD,0.0407,Low,0
9496-IVVRP,0.0405,Low,0
4933-IKULF,0.0405,Low,0
0036-IHMOT,0.0404,Low,0
9074-KGVOX,0.0404,Low,0
3935-TBRZZ,0.0404,Low,0
1697-BCSHV,0.0404,Low,0
0048-LUMLS,0.0403,Low,0
1971-DTCZB,0.0403,Low,0
1729-VLAZJ,0.0402,Low,0
4367-NUYAO,0.0402,Low,0
5318-YKDPV,0.0402,Low,0
7605-BDWDC,0.0402,Low,0
5456-ITGIC,0.0402,Low,0
4500-HKANN,0.0401,Low,0
2361-UPSND,0.0401,Low,0
7501-IWUNG,0.04,Low,0
0516-VRYBW,0.04,Low,0
0916-KNFAJ,0.0399,Low,0
3249-VHRIP,0.0399,Low,0
9796-MVYXX,0.0398,Low,0
8454-AATJP,0.0397,Low,0
2302-OUZXB,0.0397,Low,0
3523-BRGUW,0.0397,Low,0
4816-OKWNX,0.0397,Low,0
9209-NWPGU,0.0396,Low,0
2812-REYAT,0.0394,Low,0
7795-CFOCW,0.0394,Low,0
2829-HYVZP,0.0394,Low,0
1389-WNUIB,0.0394,Low,0
2612-PHGOX,0.0393,Low,0
6617-WLBQC,0.0393,Low,0
9534-NSXEM,0.0393,Low,0
0565-IYCGT,0.0392,Low,0
6563-VRERX,0.0392,Low,0
4560-WQAQW,0.0392,Low,0
3982-JGSFD,0.0392,Low,0
7803-XOCCZ,0.0392,Low,0
7994-XIRTR,0.0391,Low,0
3908-MKIMJ,0.0391,Low,0
2969-WGHQO,0.0391,Low,0
3841-NFECX,0.0391,Low,0
0221-NAUXK,0.039,Low,0
1337-BOZWO,0.039,Low,0
4872-VXRIL,0.0388,Low,0
4750-UKWJK,0.0388,Low,0
9447-YPTBX,0.0387,Low,0
5275-PMFUT,0.0387,Low,0
8033-ATFAS,0.0386,Low,0
8213-TAZPM,0.0385,Low,0
8200-LGKSR,0.0385,Low,0
8661-BOYNW,0.0385,Low,0
7148-XZPHA,0.0385,Low,0
0248-PGHBZ,0.0385,Low,0
6810-VCAEX,0.0384,Low,0
0530-IJVDB,0.0384,Low,0
7163-OCEQI,0.0383,Low,0
5642-MHDQT,0.0383,Low,0
5914-GXMDA,0.0383,Low,0
2226-ICFDO,0.0382,Low,0
9053-JZFKV,0.0382,Low,0
4884-TVUQF,0.0381,Low,0
7305-ZWMAJ,0.0381,Low,0
0219-QAERP,0.0381,Low,0
6586-MYGKD,0.0381,Low,0
3055-VTCGS,0.0381,Low,0
1839-UMACK,0.038,Low,0
3926-YZVVX,0.0379,Low,0
8727-XDPUD,0.0379,Low,0
6981-TDRFT,0.0378,Low,0
3128-YOVTD,0.0378,Low,0
0214-JHPFW,0.0378,Low,0
2150-OEGBV,0.0377,Low,0
4717-GHADL,0.0377,Low,0
1133-KXCGE,0.0377,Low,0
4544-RXFMG,0.0377,Low,0
4254-QPEDE,0.0376,Low,0
8197-BFWVU,0.0376,Low,0
7219-TLZHO,0.0376,Low,0
4776-XSKYQ,0.0376,Low,0
2581-VKIRT,0.0375,Low,0
5505-OVWQW,0.0375,Low,0
8181-YHCMF,0.0375,Low,0
3253-HKOKL,0.0374,Low,0
5372-FBKBN,0.0374,Low,0
3213-VVOLG,0.0374,Low,0
5394-MEITZ,0.0373,Low,0
6061-PQHMK,0.0373,Low,0
9847-HNVGP,0.0372,Low,0
5315-CKEQK,0.0371,Low,0
9479-HYNYL,0.0371,Low,0
5980-BDHPY,0.0371,Low,0
5997-OPVFA,0.0371,Low,0
5387-ASZNZ,0.037,Low,0
6994-FGRHH,0.0369,Low,0
2696-ECXKC,0.0368,Low,0
3740-RLMVT,0.0368,Low,0
8398-TBIYD,0.0367,Low,0
7777-UNYHB,0.0367,Low,0
6682-QJDGB,0.0367,Low,0
5688-KZTSN,0.0366,Low,0
9675-ICXCT,0.0365,Low,0
5832-EXGTT,0.0365,Low,0
4795-UXVCJ,0.0364,Low,0
7781-HVGMK,0.0364,Low,0
2282-YGNOR,0.0364,Low,0
0455-ENTCR,0.0363,Low,0
8932-CZHRQ,0.0363,Low,0
1163-ONYEY,0.0362,Low,0
7269-JISCY,0.0362,Low,0
1735-XMJVH,0.0362,Low,0
1227-UDMZR,0.0361,Low,0
7131-ZQZNK,0.0361,Low,0
4999-IEZLT,0.0361,Low,0
8401-EMUWF,0.0361,Low,0
7299-GNVPL,0.0361,Low,0
2990-OGYTD,0.036,Low,0
2188-SXWVT,0.036,Low,0
3275-RHRNE,0.0358,Low,0
1682-VCOIO,0.0357,Low,0
8499-BRXTD,0.0357,Low,0
3096-WPXBT,0.0357,Low,0
7945-HLKEA,0.0357,Low,0
8746-BFOAJ,0.0357,Low,0
1096-ADRUX,0.0355,Low,0
9554-DFKIC,0.0355,Low,0
6974-DAFLI,0.0355,Low,0
1257-SXUXQ,0.0355,Low,0
3705-PSNGL,0.0355,Low,0
3727-OWVYD,0.0355,Low,0
0835-DUUIQ,0.0354,Low,0
7503-MIOGA,0.0354,Low,0
3161-ONRWK,0.0354,Low,0
4418-LZMSV,0.0353,Low,0
5129-HHMZC,0.0352,Low,0
9470-RTWDV,0.0352,Low,0
5307-UVGNB,0.0352,Low,0
2233-TXSIU,0.0352,Low,0
1492-QGCLU,0.0352,Low,0
8039-EQPIM,0.0352,Low,0
6980-CDGFC,0.0352,Low,0
8561-NMTBD,0.0352,Low,0
7471-WNSUF,0.035,Low,0
4355-CVPVS,0.035,Low,0
3506-OVLKD,0.035,Low,0
1934-MKPXS,0.0349,Low,0
6701-YVNQG,0.0349,Low,0
4020-KIUDI,0.0348,Low,0
2676-SSLTO,0.0348,Low,0
8969-PRHFK,0.0347,Low,0
5248-YGIJN,0.0347,Low,0
1951-IEYXM,0.0347,Low,0
4312-GVYNH,0.0346,Low,0
8331-ZXFOE,0.0346,Low,0
7369-TRPFD,0.0346,Low,0
3280-NMUVX,0.0346,Low,0
0459-SPZHJ,0.0346,Low,0
3209-ZPKFI,0.0346,Low,0
9489-DEDVP,0.0345,Low,0
9746-UGFAC,0.0345,Low,0
9795-NREXC,0.0345,Low,0
6701-DHKWQ,0.0344,Low,0
6963-EZQEE,0.0344,Low,0
0230-WEQUW,0.0342,Low,0
8999-YPYBV,0.0342,Low,0
1131-SUEKT,0.0342,Low,0
8184-WMOFI,0.0342,Low,0
4182-BGSIQ,0.0342,Low,0
6661-EIPZC,0.0341,Low,0
6016-NXBNJ,0.0341,Low,0
4504-YOULA,0.0341,Low,0
3174-AKMAS,0.0341,Low,0
0257-KXZGU,0.0341,Low,0
2088-IEBAU,0.0341,Low,0
0743-HRVFF,0.034,Low,0
6248-TKCQV,0.034,Low,0
4597-ELFTS,0.034,Low,0
7554-NEWDD,0.0339,Low,0
7579-KKLOE,0.0339,Low,0
3948-FVVRP,0.0338,Low,0
0048-PIHNL,0.0336,Low,0
5248-KWLAR,0.0336,Low,0
0795-LAFGP,0.0336,Low,0
7779-ORAEL,0.0336,Low,0
9531-NSBMR,0.0336,Low,0
5084-OOVCJ,0.0335,Low,0
7094-MSZAO,0.0335,Low,0
4334-HOWRP,0.0334,Low,0
4737-HOBAX,0.0334,Low,0
8610-ZIKJJ,0.0334,Low,0
3077-RSNTJ,0.0333,Low,0
6164-HXUGH,0.0333,Low,0
1568-LJSZU,0.0333,Low,0
6094-ZIVKX,0.0333,Low,0
5575-GNVDE,0.0333,Low,0
1790-NESIO,0.0333,Low,0
7622-FWGEW,0.0332,Low,0
2320-TZRRH,0.0332,Low,0
8007-YYPWD,0.0332,Low,0
9931-DCEZH,0.0331,Low,0
7401-JIXNM,0.0331,Low,0
1837-YQUCE,0.033,Low,0
1395-OFUWC,0.033,Low,0
3508-CFVZL,0.033,Low,0
5514-YQENT,0.033,Low,0
8218-FFJDS,0.0329,Low,0
6120-RJKLU,0.0328,Low,0
4890-VMUAV,0.0328,Low,0
3482-ABPKK,0.0327,Low,0
0378-XSZPU,0.0327,Low,0
4139-DETXS,0.0327,Low,0
8328-SKJNO,0.0327,Low,0
1760-CAZHT,0.0326,Low,0
6242-SGYTS,0.0325,Low,0
7639-LIAYI,0.0325,Low,0
1187-WILMM,0.0325,Low,0
9339-FIIJL,0.0325,Low,0
4291-YZODP,0.0325,Low,0
2225-ZRGSG,0.0324,Low,0
9477-LGWQI,0.0324,Low,0
3720-DBRWL,0.0324,Low,0
6418-HNFED,0.0324,Low,0
2773-MADBQ,0.0324,Low,0
2933-XEUJM,0.0324,Low,0
9086-YJYXS,0.0323,Low,0
9359-UGBTK,0.0323,Low,0
4116-IQRFR,0.0323,Low,0
7244-KXYZN,0.0322,Low,0
8221-HVAYI,0.0321,Low,0
1042-HFUCW,0.0321,Low,0
3724-UCSHY,0.0321,Low,0
4648-YPBTM,0.0319,Low,0
1271-UODNO,0.0319,Low,0
8782-NUUOL,0.0319,Low,0
7217-JYHOQ,0.0317,Low,0
0357-NVCRI,0.0316,Low,0
1972-XMUWV,0.0316,Low,0
9570-KYEUA,0.0316,Low,0
4827-LTQRJ,0.0316,Low,0
2530-FMFXO,0.0315,Low,0
1998-VHJHK,0.0314,Low,0
4946-EDSEW,0.0314,Low,0
9824-QCJPK,0.0314,Low,0
1139-WUOAH,0.0314,Low,0
5774-XZTQC,0.0314,Low,0
8174-TBVCF,0.0313,Low,0
6242-FEGFD,0.0313,Low,0
5847-MXBEO,0.0312,Low,0
0594-UFTUL,0.0312,Low,0
7722-VJRQD,0.0311,Low,0
2890-WFBHU,0.0311,Low,0
7233-PAHHL,0.031,Low,0
9150-KPBJQ,0.031,Low,0
6261-RCVNS,0.0309,Low,0
3985-HOYPM,0.0308,Low,0
2129-ALKBS,0.0308,Low,0
6685-GBWJZ,0.0308,Low,0
6223-DHJGV,0.0307,Low,0
9778-OGKQZ,0.0307,Low,0
6516-NKQBO,0.0307,Low,0
6195-MELTI,0.0307,Low,0
5816-JMLGY,0.0307,Low,0
5003-XZWWO,0.0307,Low,0
6837-HAEVO,0.0306,Low,0
2520-SGTTA,0.0306,Low,0
2252-NKNSI,0.0306,Low,0
3571-DPYUH,0.0306,Low,0
6586-PSJOX,0.0305,Low,0
5458-CQJTA,0.0305,Low,0
9236-NDUCW,0.0305,Low,0
8404-VIOMB,0.0305,Low,0
9732-OUYRN,0.0305,Low,0
3649-JPUGY,0.0305,Low,0
9670-BPNXF,0.0304,Low,0
3410-YOQBQ,0.0304,Low,0
3487-EARAT,0.0303,Low,0
1154-HYWWO,0.0303,Low,0
6214-EDAKZ,0.0302,Low,0
3813-DHBBB,0.0302,Low,0
0513-RBGPE,0.0301,Low,0
4203-QGNZA,0.0301,Low,0
6258-PVZWJ,0.03,Low,0
8100-PNJMH,0.03,Low,0
3012-VFFMN,0.03,Low,0
6479-OAUSD,0.03,Low,0
3219-JQRSL,0.03,Low,0
3146-MSEGF,0.03,Low,0
3489-VSFRD,0.03,Low,0
9361-YNQWJ,0.0299,Low,0
8022-BECSI,0.0299,Low,0
8626-PTQGE,0.0299,Low,0
5199-FPUSP,0.0299,Low,0
8815-LMFLX,0.0298,Low,0
0864-FVJNJ,0.0297,Low,0
0487-CRLZF,0.0297,Low,0
4018-KJYUY,0.0297,Low,0
8672-OAUPW,0.0296,Low,0
0117-LFRMW,0.0296,Low,0
3712-PKXZA,0.0296,Low,0
5837-LXSDN,0.0296,Low,0
1872-EBWSC,0.0296,Low,0
2535-PBCGC,0.0295,Low,0
7432-FFVAR,0.0295,Low,0
3401-URHDA,0.0295,Low,0
8098-TDCBU,0.0294,Low,0
5130-YPIRV,0.0294,Low,0
4079-WWQQQ,0.0294,Low,0
4716-MRVEN,0.0294,Low,0
0617-AQNWT,0.0294,Low,0
5324-KTGCG,0.0293,Low,0
3084-DOWLE,0.0293,Low,0
7109-CQYUZ,0.0292,Low,0
1045-LTCYT,0.0292,Low,0
5566-SOEZD,0.029,Low,0
0123-CRBRT,0.029,Low,0
2466-NEJOJ,0.029,Low,0
8869-TORSS,0.029,Low,0
5656-MJEFC,0.029,Low,0
4732-RRJZC,0.0289,Low,0
0839-JTCUD,0.0289,Low,0
9451-WLYRI,0.0289,Low,0
6933-VLYFX,0.0289,Low,0
4423-JWZJN,0.0288,Low,0
5702-KVQRD,0.0288,Low,0
7951-QKZPL,0.0288,Low,0
3638-WEABW,0.0288,Low,0
2332-TODQS,0.0286,Low,0
4967-WPNCF,0.0286,Low,0
3752-CQSJI,0.0286,Low,0
5446-DKWYW,0.0285,Low,0
8845-LWKGE,0.0285,Low,0
4489-SNOJF,0.0285,Low,0
2277-AXSDC,0.0285,Low,0
3079-BCHLN,0.0284,Low,0
2250-IVBWA,0.0284,Low,0
2931-XIQBR,0.0283,Low,0
0336-KXKFK,0.0282,Low,0
4531-AUZNK,0.0281,Low,0
8766-PAFNE,0.0281,Low,0
5676-CFLYY,0.0281,Low,0
9565-FLVCG,0.028,Low,0
2324-AALNO,0.028,Low,0
6348-SNFUS,0.028,Low,0
3181-MIZBN,0.028,Low,0
6648-INWPS,0.028,Low,0
1371-OJCEK,0.028,Low,0
6447-EGDIV,0.0279,Low,0
8510-BBWMU,0.0279,Low,0
5924-SNGKP,0.0279,Low,0
2400-XIWIO,0.0279,Low,0
6023-GSSXW,0.0279,Low,0
6614-YOLAC,0.0279,Low,0
1015-JPFYW,0.0278,Low,0
3324-OIRTO,0.0278,Low,0
0707-HOVVN,0.0277,Low,0
3067-SVMTC,0.0276,Low,0
7107-UBYKY,0.0276,Low,0
6885-PKOAM,0.0276,Low,0
0909-SELIE,0.0276,Low,0
5317-FLPJF,0.0276,Low,0
1159-WFSGR,0.0275,Low,0
2863-IMQDR,0.0275,Low,0
1459-QNFQT,0.0274,Low,0
7138-GIRSH,0.0274,Low,0
6840-RESVB,0.0274,Low,0
0383-CLDDA,0.0274,Low,0
9146-JRIOX,0.0274,Low,0
3654-ARMGP,0.0274,Low,0
3108-PCCGG,0.0273,Low,0
9143-CANJF,0.0273,Low,0
6681-ZSEXG,0.0273,Low,0
9046-JBFWA,0.0273,Low,0
9140-CZQZZ,0.0273,Low,0
8580-QVLOC,0.0272,Low,0
4565-EVZMJ,0.0272,Low,0
2430-RRYUW,0.0272,Low,0
7446-KQISO,0.0271,Low,0
4353-HYOJD,0.027,Low,0
7398-HPYZQ,0.027,Low,0
7196-LIWRH,0.027,Low,0
1245-HARPS,0.0269,Low,0
6265-SXWBU,0.0268,Low,0
5917-RYRMG,0.0268,Low,0
6115-ZTBFQ,0.0267,Low,0
8430-TWCBX,0.0267,Low,0
6532-YLWSI,0.0266,Low,0
1442-OKRJE,0.0266,Low,0
6823-SIDFQ,0.0266,Low,0
4723-BEGSG,0.0265,Low,0
4825-XJGDM,0.0265,Low,0
0420-TXVSG,0.0265,Low,0
0285-INHLN,0.0264,Low,0
4973-MGTON,0.0264,Low,0
7644-OMVMY,0.0264,Low,0
8390-FESFV,0.0264,Low,0
5494-WOZRZ,0.0263,Low,0
8908-NMQTX,0.0263,Low,0
6461-SZMCV,0.0262,Low,0
6048-NJXHX,0.026,Low,0
4782-OSFXZ,0.026,Low,0
4054-CUMIA,0.026,Low,0
2753-JMMCV,0.026,Low,0
6502-KUGLL,0.026,Low,0
6814-ZPWFQ,0.026,Low,0
5879-HMFFH,0.0259,Low,0
7609-YBPXG,0.0259,Low,0
5918-VUKWP,0.0259,Low,0
3638-VBZTA,0.0258,Low,0
6953-PBDIN,0.0258,Low,0
6870-ZWMNX,0.0258,Low,0
5825-XJOCM,0.0257,Low,0
9073-ZZIAY,0.0257,Low,0
2690-DVRVK,0.0257,Low,0
5214-CHIWJ,0.0256,Low,0
0689-DSXGL,0.0255,Low,0
2649-HWLYB,0.0255,Low,0
4872-JCVCA,0.0255,Low,0
7975-JMZNT,0.0255,Low,0
5681-LLOEI,0.0255,Low,0
8717-VCTXJ,0.0255,Low,0
6778-EICRF,0.0253,Low,0
3796-ENZGF,0.0252,Low,0
9560-BBZXK,0.0252,Low,0
8216-AZUUZ,0.0252,Low,0
7408-OFWXJ,0.0252,Low,0
8565-WUXZU,0.0252,Low,0
7297-DVYGA,0.0252,Low,0
8465-SBRXP,0.0251,Low,0
8242-PDSGJ,0.0251,Low,0
8336-TAVKX,0.0251,Low,0
2521-NPUZR,0.025,Low,0
8859-AXJZP,0.025,Low,0
3967-KXAPS,0.025,Low,0
2999-AANRQ,0.0249,Low,0
6061-GWWAV,0.0249,Low,0
8873-TMKGR,0.0249,Low,0
9402-ROUMJ,0.0249,Low,0
6122-EFVKN,0.0248,Low,0
7328-OWMOM,0.0248,Low,0
4139-SUGLD,0.0248,Low,0
2996-XAUVF,0.0248,Low,0
9068-VPWQQ,0.0248,Low,0
1328-EUZHC,0.0247,Low,0
9297-EONCV,0.0247,Low,0
9170-ARBTB,0.0247,Low,0
3251-YMVWZ,0.0247,Low,0
1568-BEKZM,0.0246,Low,0
1150-FTQGN,0.0246,Low,0
9968-FFVVH,0.0246,Low,0
2845-KDHVX,0.0245,Low,0
5574-NXZIU,0.0245,Low,0
7277-KAMWT,0.0245,Low,0
7026-YMSBE,0.0243,Low,0
9822-BIIGN,0.0242,Low,0
9674-EHPPG,0.0242,Low,0
0208-BPQEJ,0.0242,Low,0
0320-DWVTU,0.0242,Low,0
3546-GHEAE,0.0241,Low,0
8512-WIWYV,0.024,Low,0
0902-RFHOF,0.024,Low,0
8884-FEEWR,0.024,Low,0
6103-LIANB,0.0239,Low,0
5893-PYOLZ,0.0238,Low,0
5380-XPJNZ,0.0238,Low,0
7190-XHTWJ,0.0238,Low,0
7812-FZHPE,0.0238,Low,0
6476-EPYZR,0.0238,Low,0
9435-JMLSX,0.0238,Low,0
1023-BQXZE,0.0237,Low,0
9483-GCPWE,0.0237,Low,0
1301-LOPVR,0.0237,Low,0
2987-BJXIK,0.0237,Low,0
8947-YRTDV,0.0236,Low,0
4654-ULTTN,0.0236,Low,0
5871-DGTXZ,0.0236,Low,0
5578-NKCXI,0.0235,Low,0
4291-TPNFG,0.0235,Low,0
9555-SAHUZ,0.0234,Low,0
9135-MGVPY,0.0234,Low,0
8388-DMKAE,0.0234,Low,0
9030-QGZNL,0.0234,Low,0
8316-BBQAY,0.0234,Low,0
9150-HEPMB,0.0233,Low,0
4549-ZDQYY,0.0232,Low,0
3441-CGZJH,0.0232,Low,0
6922-NCEDI,0.0231,Low,0
5469-NUJUR,0.0231,Low,0
4893-GYUJU,0.023,Low,0
7301-ABVAD,0.023,Low,0
9509-MPYOD,0.023,Low,0
4163-HFTUK,0.023,Low,0
3387-PLKUI,0.023,Low,0
9754-CLVZW,0.0229,Low,0
9548-LIGTA,0.0229,Low,0
0621-TSSMU,0.0229,Low,0
4884-LEVMQ,0.0229,Low,0
8046-DNVTL,0.0229,Low,0
5485-ITNPC,0.0229,Low,0
6603-YRDCJ,0.0228,Low,0
2606-PKWJB,0.0228,Low,0
1093-YSWCA,0.0228,Low,0
3301-VKTGC,0.0228,Low,0
6388-TABGU,0.0228,Low,0
4676-WLUHT,0.0227,Low,0
4712-UYOOI,0.0227,Low,0
8042-RNLKO,0.0226,Low,0
5986-WWXDV,0.0226,Low,0
9620-QJREV,0.0225,Low,0
6754-WKSHP,0.0225,Low,0
3486-NPGST,0.0225,Low,0
0973-KYVNF,0.0224,Low,0
1488-SYSFC,0.0224,Low,0
4039-PIMHX,0.0224,Low,0
8060-HIWJJ,0.0224,Low,0
7054-DMVAS,0.0224,Low,0
0377-JBKKT,0.0224,Low,0
4000-VGMQP,0.0223,Low,0
6203-HBZPA,0.0223,Low,0
8144-DGHXP,0.0223,Low,0
2205-LPVGL,0.0223,Low,0
0661-KBKPA,0.0223,Low,0
1810-MVMAI,0.0223,Low,0
2882-WDTBA,0.0222,Low,0
0379-DJQHR,0.0222,Low,0
3500-NSDOA,0.0222,Low,0
1074-WVEVG,0.0221,Low,0
8707-HOEDG,0.0221,Low,0
3779-OSWCF,0.0221,Low,0
3891-NLXJB,0.0221,Low,0
6504-VBLFL,0.0221,Low,0
2017-CCBLH,0.0221,Low,0
7639-OPLNG,0.0221,Low,0
3552-CTCYF,0.022,Low,0
3648-GZPHF,0.022,Low,0
1813-JLKWR,0.022,Low,0
7633-MVPUY,0.022,Low,0
4419-UJMUS,0.0219,Low,0
7508-DQAKK,0.0219,Low,0
1265-ZFOSD,0.0219,Low,0
5176-OLSKT,0.0219,Low,0
6418-PIQSP,0.0219,Low,0
9018-PCIOK,0.0219,Low,0
8338-QIUNR,0.0219,Low,0
1775-KWJKQ,0.0219,Low,0
5153-LXKDT,0.0219,Low,0
0559-CKHUS,0.0218,Low,0
9867-XOBQA,0.0218,Low,0
1414-YADCW,0.0218,Low,0
1293-HHSHJ,0.0217,Low,0
2868-LLSKM,0.0217,Low,0
7101-HRBLJ,0.0217,Low,0
8741-LQOBK,0.0217,Low,0
1084-MNSMJ,0.0217,Low,0
8592-PLTMQ,0.0217,Low,0
4636-OLWOE,0.0216,Low,0
1536-YHDOE,0.0216,Low,0
4188-PCPIG,0.0216,Low,0
4835-YSJMR,0.0215,Low,0
2194-IIQOF,0.0215,Low,0
8327-WKMIE,0.0215,Low,0
0674-GCDXG,0.0214,Low,0
4385-ZKVNW,0.0213,Low,0
8028-PNXHQ,0.0213,Low,0
5384-ZTTWP,0.0213,Low,0
0526-SXDJP,0.0212,Low,0
5605-XNWEN,0.0212,Low,0
2977-CEBSX,0.0212,Low,0
0732-OCQOC,0.0212,Low,0
1821-BUCWY,0.0211,Low,0
2096-XOTMO,0.0211,Low,0
4568-KNYWR,0.0211,Low,0
6967-PEJLL,0.021,Low,0
9174-IHETN,0.0209,Low,0
1090-PYKCI,0.0209,Low,0
0771-CHWSK,0.0209,Low,0
4063-EIKNQ,0.0209,Low,0
0020-JDNXP,0.0209,Low,0
1686-STUHN,0.0208,Low,0
2234-EOFPT,0.0208,Low,0
6937-GCDGQ,0.0208,Low,0
0436-TWFFZ,0.0208,Low,0
4815-YOSUK,0.0208,Low,0
3099-OONVS,0.0208,Low,0
2292-XQWSV,0.0207,Low,0
9668-PUGNU,0.0207,Low,0
9102-OXKFY,0.0207,Low,0
0017-DINOC,0.0207,Low,0
3572-UUHRS,0.0207,Low,0
5232-NXPAY,0.0206,Low,0
2519-TWKFS,0.0206,Low,0
3021-VLNRJ,0.0205,Low,0
6693-DJWTY,0.0205,Low,0
7839-NUIAA,0.0205,Low,0
9715-WZCLW,0.0204,Low,0
1619-YWUBB,0.0204,Low,0
1832-PEUTS,0.0204,Low,0
5018-LXQQG,0.0204,Low,0
4616-ULAOA,0.0204,Low,0
5792-JALQC,0.0204,Low,0
3957-SQXML,0.0203,Low,0
0361-HJRDX,0.0203,Low,0
9610-WCESF,0.0203,Low,0
0164-XAIRP,0.0203,Low,0
4018-PPNDW,0.0202,Low,0
5781-RFZRP,0.0202,Low,0
4526-EXKKN,0.0202,Low,0
9548-LERKT,0.0202,Low,0
3284-SVCRO,0.02,Low,0
5329-KRDTM,0.02,Low,0
0960-HUWBM,0.02,Low,0
2452-MRMZF,0.02,Low,0
7649-SIJJF,0.0199,Low,0
2877-VDUER,0.0199,Low,0
2408-PSJVE,0.0199,Low,0
5012-YSPJJ,0.0198,Low,0
3612-YVGSJ,0.0198,Low,0
2176-LVPNX,0.0198,Low,0
0487-VVUVK,0.0197,Low,0
3717-FDJFU,0.0197,Low,0
1036-GUDCL,0.0197,Low,0
7182-OVLBJ,0.0197,Low,0
5377-NDTOU,0.0197,Low,0
5803-NQJZO,0.0197,Low,0
2330-PQGDQ,0.0197,Low,0
6616-AALSR,0.0197,Low,0
8859-YSTWS,0.0196,Low,0
0862-PRCBS,0.0196,Low,0
2235-EZAIK,0.0196,Low,0
3057-VJJQE,0.0196,Low,0
4006-HKYHO,0.0195,Low,0
2150-UWTFY,0.0195,Low,0
7025-WCBNE,0.0195,Low,0
9110-HSGTV,0.0195,Low,0
0266-CLZKZ,0.0195,Low,0
1755-FZQEC,0.0195,Low,0
7925-PNRGI,0.0195,Low,0
8205-VSLRB,0.0194,Low,0
8908-SLFCJ,0.0194,Low,0
7197-VOJMM,0.0194,Low,0
6339-RZCBJ,0.0194,Low,0
4565-NLZBV,0.0194,Low,0
7552-KEYGT,0.0194,Low,0
5269-NRGDP,0.0193,Low,0
1431-CYWMH,0.0193,Low,0
3071-MVJCD,0.0193,Low,0
2122-SZZZD,0.0192,Low,0
7284-ZZLOH,0.0192,Low,0
7274-CGTOD,0.0191,Low,0
2683-JXWQQ,0.0191,Low,0
4950-HKQTE,0.0191,Low,0
4825-FUREZ,0.019,Low,0
9281-CEDRU,0.019,Low,0
6916-HIJSE,0.0188,Low,0
8146-QQKZH,0.0188,Low,0
8039-ACLPL,0.0187,Low,0
1094-BKOSX,0.0187,Low,0
3458-IDMFK,0.0187,Low,0
7596-IIWYC,0.0186,Low,0
1266-NZYUI,0.0186,Low,0
9067-YGSCA,0.0186,Low,0
3933-DQPWX,0.0185,Low,0
6741-QRLUP,0.0185,Low,0
7136-IHZJA,0.0184,Low,0
8821-KVZKQ,0.0184,Low,0
2662-NNTDK,0.0184,Low,0
5149-QYTTU,0.0184,Low,0
8387-UGUSU,0.0184,Low,0
2589-AYCRP,0.0183,Low,0
3363-DTIVD,0.0183,Low,0
4849-PYRLQ,0.0183,Low,0
4837-PZTIC,0.0183,Low,0
0661-KQHNK,0.0183,Low,0
3166-PNEOF,0.0182,Low,0
0197-PNKNK,0.0182,Low,0
7973-DZRKH,0.0182,Low,0
0412-UCCNP,0.0182,Low,0
2056-EVGZL,0.0182,Low,0
8015-IHCGW,0.0182,Low,0
6481-LXPWL,0.0182,Low,0
6993-YCOBK,0.0181,Low,0
5260-UMPWX,0.0181,Low,0
0052-YNYOT,0.0181,Low,0
0440-EKDCF,0.0181,Low,0
3938-YFPXD,0.0181,Low,0
6131-IUNXN,0.0181,Low,0
2296-DKZFP,0.0181,Low,0
9170-GYZJC,0.0181,Low,0
6518-KZXCB,0.018,Low,0
4940-KHCWD,0.0179,Low,0
3315-IKYZQ,0.0179,Low,0
3266-FTKHB,0.0179,Low,0
4774-HHGGS,0.0179,Low,0
6506-EYCNH,0.0179,Low,0
6064-ZATLR,0.0178,Low,0
2954-PIBKO,0.0178,Low,0
4671-VJLCL,0.0178,Low,0
2830-LEWOA,0.0178,Low,0
5495-GPSRW,0.0178,Low,0
5736-YEJAX,0.0178,Low,0
3372-CDXFJ,0.0178,Low,0
5148-ORICT,0.0178,Low,0
1099-GODLO,0.0178,Low,0
9801-NOSHQ,0.0178,Low,0
9065-ZCPQX,0.0178,Low,0
4701-LKOZD,0.0178,Low,0
7799-LGRDP,0.0178,Low,0
9711-FJTBX,0.0177,Low,0
2251-PYLPB,0.0176,Low,0
2428-HYUNX,0.0176,Low,0
7255-SSFBC,0.0176,Low,0
7560-QRBXH,0.0175,Low,0
7816-VGHTO,0.0175,Low,0
5519-TEEUH,0.0175,Low,0
3721-WKIIL,0.0175,Low,0
6698-OXETB,0.0175,Low,0
9758-MFWGD,0.0175,Low,0
4072-IPYLT,0.0174,Low,0
1043-YCUTE,0.0174,Low,0
7860-KSUGX,0.0174,Low,0
0562-KBDVM,0.0174,Low,0
0626-QXNGV,0.0174,Low,0
5014-GSOUQ,0.0173,Low,0
5063-IUOKK,0.0173,Low,0
1038-RQOST,0.0173,Low,0
8515-OCTJS,0.0173,Low,0
1535-VTJOQ,0.0173,Low,0
2171-UDMFD,0.0172,Low,0
7472-EQOAV,0.0172,Low,0
3533-UVMOM,0.0172,Low,0
0343-QLUZP,0.0172,Low,0
8690-UPCZI,0.0172,Low,0
8191-XWSZG,0.0172,Low,0
2143-LJULT,0.0172,Low,0
5930-GBIWP,0.0171,Low,0
8681-ICONS,0.0171,Low,0
6288-CHQJB,0.0171,Low,0
4615-PIVVU,0.017,Low,0
6614-YWYSC,0.017,Low,0
3407-JMJQQ,0.017,Low,0
7520-HQWJU,0.0169,Low,0
5915-ANOEI,0.0169,Low,0
5442-BXVND,0.0169,Low,0
5627-TVBPP,0.0169,Low,0
8345-MVDYC,0.0169,Low,0
6584-VQMYT,0.0169,Low,0
7762-ONLJY,0.0169,Low,0
7469-LKBCI,0.0169,Low,0
7781-EWARA,0.0169,Low,0
8069-RHUXK,0.0169,Low,0
2990-IAJSV,0.0169,Low,0
6370-ZVHDV,0.0169,Low,0
0301-KOBTQ,0.0169,Low,0
1926-QUZNN,0.0168,Low,0
6772-WFQRD,0.0168,Low,0
2164-SOQXL,0.0167,Low,0
6729-FZWSY,0.0167,Low,0
4381-MHQDC,0.0167,Low,0
0519-DRGTI,0.0167,Low,0
2969-VAPYH,0.0167,Low,0
9742-XOKTS,0.0167,Low,0
3902-MIVLE,0.0166,Low,0
5227-JSCFE,0.0166,Low,0
3530-VWVGU,0.0166,Low,0
3022-BEXHZ,0.0165,Low,0
2796-NNUFI,0.0165,Low,0
5975-BAICR,0.0165,Low,0
3865-ZFZIB,0.0165,Low,0
4992-LTJNE,0.0165,Low,0
2335-GSODA,0.0164,Low,0
5849-ASHZJ,0.0164,Low,0
0608-JDVEC,0.0164,Low,0
0401-WDBXM,0.0164,Low,0
9091-WTUUY,0.0164,Low,0
5393-HJZSM,0.0164,Low,0
4452-ROHMO,0.0164,Low,0
1247-QBVSH,0.0163,Low,0
6509-TSGWN,0.0163,Low,0
7021-XSNYE,0.0163,Low,0
1599-MMYRQ,0.0163,Low,0
9227-UAQFT,0.0162,Low,0
9602-WCXPI,0.0162,Low,0
2451-YMUXS,0.0162,Low,0
7710-JSYOA,0.0162,Low,0
8901-UPRHR,0.0161,Low,0
1452-XRSJV,0.0161,Low,0
7508-KBIMB,0.0161,Low,0
3795-GWTRD,0.0161,Low,0
0318-ZOPWS,0.0161,Low,0
5766-FTRTS,0.0161,Low,0
1163-VIPRI,0.016,Low,0
8631-NBHFZ,0.016,Low,0
7873-CVMAW,0.016,Low,0
0744-BIKKF,0.016,Low,0
9500-IWPXQ,0.016,Low,0
7010-ZMVBF,0.016,Low,0
2961-VNFKL,0.0159,Low,0
1970-KKFWL,0.0159,Low,0
9127-FHJBZ,0.0159,Low,0
7898-PDWQE,0.0159,Low,0
4057-FKCZK,0.0159,Low,0
3557-HTYWR,0.0158,Low,0
9746-YKGXB,0.0158,Low,0
1320-GVNHT,0.0158,Low,0
3612-YUNGG,0.0157,Low,0
2333-KWEWW,0.0157,Low,0
5846-NEQVZ,0.0157,Low,0
3026-ATZYV,0.0157,Low,0
7691-KGKGP,0.0157,Low,0
4526-RMTLL,0.0157,Low,0
8050-DVOJX,0.0157,Low,0
4213-HKBJO,0.0157,Low,0
0848-SOMKO,0.0156,Low,0
7696-AMHOD,0.0156,Low,0
8207-VVMYB,0.0156,Low,0
5214-NLTIT,0.0156,Low,0
7524-VRLPL,0.0155,Low,0
3423-HHXAO,0.0155,Low,0
6164-HAQTX,0.0155,Low,0
9639-BUJXT,0.0154,Low,0
5061-PBXFW,0.0154,Low,0
1032-MAELW,0.0154,Low,0
2192-OZITF,0.0154,Low,0
1241-EZFMJ,0.0153,Low,0
3836-FZSDJ,0.0153,Low,0
3027-YNWZU,0.0153,Low,0
7205-BAIAD,0.0152,Low,0
5073-RZGBK,0.0152,Low,0
6551-VLJMV,0.0152,Low,0
8241-JUIQO,0.0151,Low,0
0967-BMLBD,0.0151,Low,0
2900-PHPLN,0.0151,Low,0
6901-GOGZG,0.0151,Low,0
8374-UULRV,0.0151,Low,0
7971-HLVXI,0.0151,Low,0
3525-DVKFN,0.015,Low,0
0281-CNTZX,0.015,Low,0
6169-PGNCD,0.015,Low,0
4578-PHJYZ,0.0149,Low,0
2805-AUFQN,0.0148,Low,0
6695-AMZUF,0.0148,Low,0
1073-XXCZD,0.0148,Low,0
3850-OKINF,0.0148,Low,0
1221-GHZEP,0.0148,Low,0
1222-KJNZD,0.0148,Low,0
4933-BSAIP,0.0148,Low,0
9453-PATOS,0.0148,Low,0
8780-YRMTT,0.0147,Low,0
3580-HYCSP,0.0147,Low,0
7758-UJWYS,0.0147,Low,0
0336-PIKEI,0.0146,Low,0
9798-OPFEM,0.0146,Low,0
4785-FCIFB,0.0146,Low,0
7253-UVNDW,0.0146,Low,0
7452-FOLON,0.0146,Low,0
3148-AOIQT,0.0146,Low,0
9705-ZJBCG,0.0146,Low,0
9499-XPZXM,0.0146,Low,0
6734-PSBAW,0.0145,Low,0
1352-HNSAW,0.0145,Low,0
7569-NMZYQ,0.0145,Low,0
6848-YLDFR,0.0145,Low,0
4451-RWASJ,0.0145,Low,0
3766-EJLFL,0.0145,Low,0
6670-MFRPK,0.0145,Low,0
1635-NZATJ,0.0144,Low,0
0234-TEVTT,0.0144,Low,0
9661-JALZV,0.0144,Low,0
0556-FJEGU,0.0144,Low,0
3719-TDVQB,0.0144,Low,0
5696-EXCYS,0.0144,Low,0
0936-NQLJU,0.0144,Low,0
5296-PSYVW,0.0144,Low,0
6917-FIJHC,0.0143,Low,0
6752-APNJL,0.0143,Low,0
2197-OMWGI,0.0143,Low,0
4102-HLENU,0.0143,Low,0
6427-FEFIG,0.0143,Low,0
6119-SPUDB,0.0142,Low,0
2176-OSJUV,0.0142,Low,0
5044-XDPYX,0.0142,Low,0
4589-IUAJB,0.0142,Low,0
7765-LWVVH,0.0142,Low,0
0980-FEXWF,0.0142,Low,0
9286-BHDQG,0.0142,Low,0
5542-NKVRU,0.0141,Low,0
7014-ZZXAW,0.0141,Low,0
5993-JSUWV,0.0141,Low,0
6925-BAYGL,0.0141,Low,0
9964-WBQDJ,0.0141,Low,0
8441-SHIPE,0.014,Low,0
4737-AQCPU,0.014,Low,0
3617-XLSGQ,0.014,Low,0
4962-CHQPW,0.0139,Low,0
8413-YNHNV,0.0139,Low,0
5680-LQOGP,0.0139,Low,0
6625-IUTTT,0.0139,Low,0
5965-GGPRW,0.0139,Low,0
5356-KZCKT,0.0139,Low,0
1087-GRUYI,0.0139,Low,0
7706-YLMQA,0.0139,Low,0
4443-EMBNA,0.0138,Low,0
6244-BESBM,0.0138,Low,0
8597-CTXVJ,0.0138,Low,0
0019-GFNTW,0.0138,Low,0
3521-HTQTV,0.0138,Low,0
5075-JSDKI,0.0138,Low,0
6103-QCKFX,0.0138,Low,0
8591-TKMZH,0.0137,Low,0
9313-CDOGY,0.0137,Low,0
1402-PTHGN,0.0137,Low,0
4032-RMHCI,0.0137,Low,0
0191-EQUUH,0.0137,Low,0
0442-TDYUO,0.0137,Low,0
8760-ZRHKE,0.0137,Low,0
5375-XLDOF,0.0137,Low,0
4012-YCFAI,0.0137,Low,0
4521-WFJAI,0.0137,Low,0
9871-ELEYA,0.0137,Low,0
6374-AFWOX,0.0136,Low,0
0895-LNKRC,0.0136,Low,0
0602-DDUML,0.0136,Low,0
3873-WOSBC,0.0136,Low,0
4854-SSLTN,0.0136,Low,0
7115-IRDHS,0.0136,Low,0
3154-HMWUU,0.0136,Low,0
4877-TSOFF,0.0135,Low,0
5177-RVZNU,0.0135,Low,0
2696-RZVZW,0.0135,Low,0
5093-FEGLU,0.0135,Low,0
4994-OBRSZ,0.0134,Low,0
5148-HKFIR,0.0134,Low,0
8234-GSZYK,0.0134,Low,0
5062-CJJKH,0.0134,Low,0
7168-HDQHG,0.0133,Low,0
5917-HBSDW,0.0133,Low,0
0020-INWCK,0.0132,Low,0
5995-LFTLE,0.0132,Low,0
6445-TNRXS,0.0132,Low,0
7161-DFHUF,0.0132,Low,0
7416-CKTEP,0.0132,Low,0
6892-BOGQE,0.0132,Low,0
8400-WZICQ,0.0131,Low,0
7560-QJAVJ,0.013,Low,0
4707-MAXGU,0.013,Low,0
1627-AFWVJ,0.013,Low,0
8735-SDUFN,0.013,Low,0
5666-MBJPT,0.013,Low,0
7921-BEPCI,0.013,Low,0
5982-PSMKW,0.0129,Low,0
7471-MQPOS,0.0129,Low,0
9715-SBVSU,0.0129,Low,0
6161-ERDGD,0.0129,Low,0
4703-MQYKT,0.0129,Low,0
2632-TACXW,0.0128,Low,0
1676-MQAOA,0.0128,Low,0
3170-NMYVV,0.0128,Low,0
7602-MVRMB,0.0127,Low,0
6695-FRVEC,0.0127,Low,0
3726-TBHQT,0.0127,Low,0
0971-QIFJK,0.0127,Low,0
6007-TCTST,0.0127,Low,0
3258-ZKPAI,0.0126,Low,0
6010-DDPPW,0.0126,Low,0
1987-AUELQ,0.0126,Low,0
4114-QMKVN,0.0126,Low,0
2169-RRLFW,0.0126,Low,0
2223-GDSHL,0.0125,Low,0
5306-BVTKJ,0.0125,Low,0
8259-DZLIZ,0.0125,Low,0
3512-IZIKN,0.0125,Low,0
0679-TDGAK,0.0125,Low,0
2072-ZVJJX,0.0125,Low,0
7963-SHNDT,0.0125,Low,0
2346-CZYIL,0.0125,Low,0
7730-CLDSV,0.0125,Low,0
5171-EPLKN,0.0125,Low,0
6434-TTGJP,0.0125,Low,0
5231-FIQPA,0.0124,Low,0
4573-JKNAE,0.0124,Low,0
8606-CIQUL,0.0124,Low,0
3230-JCNZS,0.0124,Low,0
5472-CVMDX,0.0124,Low,0
2077-DDHJK,0.0124,Low,0
1929-ZCBHE,0.0123,Low,0
6859-QNXIQ,0.0123,Low,0
3810-DVDQQ,0.0123,Low,0
7601-DHFWZ,0.0122,Low,0
1488-PBLJN,0.0122,Low,0
4135-FRWKJ,0.0121,Low,0
7815-PDTHL,0.0121,Low,0
3400-ESFUW,0.0121,Low,0
9153-BTBVV,0.0121,Low,0
6229-UOLQL,0.0121,Low,0
9993-LHIEB,0.0121,Low,0
4378-MYPGO,0.0121,Low,0
5095-ETBRJ,0.0121,Low,0
8606-OEGQZ,0.0121,Low,0
4231-LZUYM,0.012,Low,0
3200-MNQTF,0.012,Low,0
5906-DVAPM,0.012,Low,0
5846-ABOBJ,0.012,Low,0
3399-BMLVW,0.012,Low,0
9795-SHUHB,0.012,Low,0
0839-QNXME,0.012,Low,0
7349-ALMUX,0.0119,Low,0
9625-QNLUX,0.0119,Low,0
5208-FVQKB,0.0119,Low,0
8414-OOEEL,0.0119,Low,0
0374-FIUCA,0.0119,Low,0
2405-LBMUW,0.0119,Low,0
4086-ATNFV,0.0118,Low,0
1215-EXRMO,0.0118,Low,0
3795-CAWEX,0.0118,Low,0
1407-DIGZV,0.0118,Low,0
6292-TOSSS,0.0118,Low,0
8883-ANODQ,0.0118,Low,0
8540-ZQGEA,0.0118,Low,0
0675-NCDYU,0.0118,Low,0
3724-BSCVH,0.0118,Low,0
0017-IUDMW,0.0118,Low,0
2560-WBWXF,0.0117,Low,0
0057-QBUQH,0.0117,Low,0
3549-ZTMNH,0.0117,Low,0
3396-DKDEL,0.0117,Low,0
6016-LVTJQ,0.0117,Low,0
4707-YNOQA,0.0116,Low,0
6736-DHUQI,0.0116,Low,0
9777-IQHWP,0.0116,Low,0
9702-AIUJO,0.0116,Low,0
8915-NNTRC,0.0116,Low,0
7998-WNZEM,0.0116,Low,0
1395-WSWXR,0.0116,Low,0
5003-OKNNK,0.0115,Low,0
5887-IKKYO,0.0115,Low,0
9372-TXXPS,0.0115,Low,0
9782-LGXMC,0.0115,Low,0
3870-SPZSI,0.0115,Low,0
4227-OJHAL,0.0115,Low,0
2509-TFPJU,0.0115,Low,0
9359-JANWS,0.0115,Low,0
1834-ABKHQ,0.0115,Low,0
8237-ULIXL,0.0114,Low,0
0827-ITJPH,0.0114,Low,0
3913-RDSJZ,0.0114,Low,0
6384-VMJHP,0.0114,Low,0
4836-WNFNO,0.0114,Low,0
1167-OYZJF,0.0114,Low,0
2927-CVULT,0.0114,Low,0
1699-UOTXU,0.0113,Low,0
5614-DNZCE,0.0113,Low,0
1298-PHBTI,0.0113,Low,0
5334-AFQJB,0.0113,Low,0
9845-QOMAD,0.0113,Low,0
9764-REAFF,0.0113,Low,0
5124-EOGYE,0.0112,Low,0
1080-BWSYE,0.0112,Low,0
9640-ZSLDC,0.0112,Low,0
7688-AWMDX,0.0112,Low,0
5204-HMGYF,0.0111,Low,0
1862-QRWPE,0.0111,Low,0
6265-FRMTQ,0.0111,Low,0
6087-YPWHO,0.0111,Low,0
1985-MBRYP,0.0111,Low,0
4981-FLTMF,0.011,Low,0
3283-WCWXT,0.011,Low,0
3882-IYOIJ,0.011,Low,0
8099-MZPUJ,0.011,Low,0
8571-ZCMCX,0.011,Low,0
9938-TKDGL,0.011,Low,0
6177-PEVRA,0.011,Low,0
3948-KXDUF,0.011,Low,0
4803-LBYPN,0.0109,Low,0
6522-OIQSX,0.0109,Low,0
9802-CAQUT,0.0109,Low,0
0704-VCUMB,0.0109,Low,0
5699-BNCAS,0.0109,Low,0
1131-QQZEB,0.0108,Low,0
9631-RXVJM,0.0108,Low,0
9588-YRFHY,0.0108,Low,0
8859-DZTGQ,0.0107,Low,0
1897-RCFUM,0.0107,Low,0
3520-FJGCV,0.0107,Low,0
3118-UHVVQ,0.0107,Low,0
4335-BSMJS,0.0107,Low,0
8639-NHQEI,0.0107,Low,0
9184-GALIL,0.0107,Low,0
9087-EYCPR,0.0106,Low,0
1401-FTHFQ,0.0106,Low,0
7359-SSBJK,0.0106,Low,0
6407-GSJNL,0.0106,Low,0
0885-HMGPY,0.0105,Low,0
2030-BTZRO,0.0105,Low,0
8990-YOZLV,0.0105,Low,0
9646-NMHXE,0.0105,Low,0
6047-SUHPR,0.0104,Low,0
5310-NOOVA,0.0104,Low,0
7636-PEPNS,0.0104,Low,0
3768-VHXQO,0.0104,Low,0
7996-BPXHY,0.0103,Low,0
4458-KVRBJ,0.0103,Low,0
4537-CIBHB,0.0103,Low,0
2137-DQMEV,0.0103,Low,0
2466-FCCPT,0.0103,Low,0
0795-XCCTE,0.0103,Low,0
6625-FLENO,0.0103,Low,0
3892-NXAZG,0.0102,Low,0
8774-GSBUN,0.0102,Low,0
4056-QHXHZ,0.0102,Low,0
8174-LNWMW,0.0102,Low,0
0804-YGEQV,0.0102,Low,0
8619-IJNDK,0.0102,Low,0
9830-ECLEN,0.0102,Low,0
0266-GMEAO,0.0102,Low,0
0056-EPFBG,0.0101,Low,0
0269-XFESX,0.0101,Low,0
0362-RAOQO,0.0101,Low,0
7945-PRBVF,0.0101,Low,0
8480-PPONV,0.0101,Low,0
3569-VLDHH,0.0101,Low,0
3082-YVEKW,0.01,Low,0
5406-KGRMX,0.01,Low,0
1657-DYMBM,0.01,Low,0
7030-FZTFM,0.01,Low,0
5055-BRMNE,0.01,Low,0
7996-MHXLW,0.01,Low,0
7096-ZNBZI,0.01,Low,0
2789-CZANW,0.0099,Low,0
1303-SRDOK,0.0099,Low,0
3097-FQTVJ,0.0098,Low,0
6425-JWTDV,0.0098,Low,0
1240-HCBOH,0.0098,Low,0
5696-CEIQJ,0.0098,Low,0
9581-GVBXT,0.0098,Low,0
1741-WTPON,0.0098,Low,0
6848-HJTXY,0.0098,Low,0
1354-YZFNB,0.0098,Low,0
8165-CBKXO,0.0097,Low,0
1231-YNDEK,0.0097,Low,0
6463-MVYRY,0.0097,Low,0
6374-NTQLP,0.0097,Low,0
2984-RGEYA,0.0097,Low,0
8608-OZTLB,0.0097,Low,0
7596-ZYWBB,0.0097,Low,0
2068-WWXQZ,0.0097,Low,0
4323-ELYYB,0.0096,Low,0
3662-FXJFO,0.0096,Low,0
7017-VFHAY,0.0096,Low,0
6322-HRPFA,0.0096,Low,0
1955-IBMMB,0.0096,Low,0
2632-IVXVF,0.0096,Low,0
6072-NUQCB,0.0096,Low,0
6527-PZFPV,0.0096,Low,0
8612-GXIDD,0.0096,Low,0
6950-TWMYB,0.0096,Low,0
8749-TZYEC,0.0096,Low,0
1069-QJOEE,0.0096,Low,0
4312-KFRXN,0.0096,Low,0
6080-LNESI,0.0096,Low,0
9624-EGDEQ,0.0096,Low,0
2040-XBAVJ,0.0096,Low,0
7319-ZNRTR,0.0096,Low,0
4530-NDRKU,0.0095,Low,0
3970-XGJDU,0.0095,Low,0
5821-MMEIL,0.0095,Low,0
0229-LFJAF,0.0095,Low,0
8966-SNIZF,0.0095,Low,0
5176-LMJXE,0.0095,Low,0
7037-MTYVW,0.0095,Low,0
6961-MJKBO,0.0095,Low,0
9717-IOAAF,0.0095,Low,0
8838-GPHZP,0.0095,Low,0
6867-ACCZI,0.0094,Low,0
0505-SPOOW,0.0094,Low,0
6556-DBKZF,0.0094,Low,0
3785-KTYSH,0.0093,Low,0
7969-FFOWG,0.0093,Low,0
7941-RCJOW,0.0093,Low,0
6217-KDYWC,0.0093,Low,0
3910-MRQOY,0.0093,Low,0
9755-JHNMN,0.0093,Low,0
7463-IFMQU,0.0093,Low,0
1460-UZPRJ,0.0093,Low,0
9397-TZSHA,0.0092,Low,0
4176-RELJR,0.0092,Low,0
9710-NJERN,0.0092,Low,0
4891-NLUBA,0.0092,Low,0
1776-SPBWV,0.0092,Low,0
8747-UDCOI,0.0091,Low,0
5322-TEUJK,0.0091,Low,0
2146-EGVDT,0.0091,Low,0
4656-CAURT,0.0091,Low,0
2664-XJZNO,0.0091,Low,0
6060-QBMGV,0.0091,Low,0
6134-KWTBV,0.009,Low,0
4735-BJKOU,0.009,Low,0
8466-PZBLH,0.009,Low,0
8434-VGEQQ,0.0089,Low,0
2300-RQGOI,0.0089,Low,0
8857-CUPFQ,0.0089,Low,0
1053-MXTTK,0.0089,Low,0
8361-LBRDI,0.0089,Low,0
6064-PUPMC,0.0089,Low,0
0572-ZJKLT,0.0089,Low,0
0404-AHASP,0.0089,Low,0
6345-FZOQH,0.0088,Low,0
5529-GIBVH,0.0088,Low,0
5115-GZDEL,0.0088,Low,0
4632-XJMEX,0.0088,Low,0
3635-QQRQD,0.0088,Low,0
1063-DHQJF,0.0088,Low,0
8590-YFFQO,0.0088,Low,0
3308-DGHKL,0.0087,Low,0
3831-YCPUO,0.0087,Low,0
3429-IFLEM,0.0087,Low,0
5787-KXGIY,0.0087,Low,0
4299-OPXEJ,0.0087,Low,0
3392-EHMNK,0.0087,Low,0
0754-EEBDC,0.0087,Low,0
3978-YNKDD,0.0086,Low,0
5006-MXVRN,0.0086,Low,0
1272-ILHFG,0.0086,Low,0
8748-HFWBO,0.0086,Low,0
1452-UZOSF,0.0086,Low,0
7167-PCEYD,0.0086,Low,0
8347-GDTMP,0.0086,Low,0
7009-PCARS,0.0086,Low,0
1904-WAJAA,0.0086,Low,0
1333-PBMXB,0.0085,Low,0
1047-RNXZV,0.0085,Low,0
8097-OMULG,0.0085,Low,0
8285-ABVLB,0.0085,Low,0
8917-FAEMR,0.0084,Low,0
6463-HHXJR,0.0084,Low,0
2027-DNKIV,0.0084,Low,0
4685-TFLLS,0.0084,Low,0
2384-OVPSA,0.0084,Low,0
8207-DMRVL,0.0084,Low,0
6013-BHCAW,0.0084,Low,0
6725-TPKJO,0.0084,Low,0
0654-PQKDW,0.0084,Low,0
9530-GRMJG,0.0084,Low,0
5743-KHMNA,0.0084,Low,0
0859-YGKFW,0.0084,Low,0
9739-JLPQJ,0.0084,Low,0
7164-BPTUT,0.0084,Low,0
8670-MEFCP,0.0084,Low,0
8277-RVRSV,0.0083,Low,0
9648-BCHKM,0.0083,Low,0
2650-GYRYL,0.0082,Low,0
2541-YGPKE,0.0082,Low,0
0582-AVCLN,0.0082,Low,0
5996-EBTKM,0.0082,Low,0
6519-ZHPXP,0.0082,Low,0
9258-CNWAC,0.0082,Low,0
8587-XYZSF,0.0082,Low,0
3133-PZNSR,0.0081,Low,0
2097-YVPKN,0.0081,Low,0
4342-HFXWS,0.0081,Low,0
0253-ZTEOB,0.0081,Low,0
2984-TBYKU,0.008,Low,0
3212-KXOCR,0.008,Low,0
1945-XISKS,0.008,Low,0
8896-RAZCR,0.008,Low,0
8544-JNBOX,0.008,Low,0
1767-CJKBA,0.008,Low,0
1051-EQPZR,0.008,Low,0
2848-YXSMW,0.008,Low,0
8092-NLTGF,0.0079,Low,0
8626-XHBIE,0.0079,Low,0
2817-LVCPP,0.0079,Low,0
3078-ZKNTS,0.0079,Low,0
5982-XMDEX,0.0079,Low,0
9953-ZMKSM,0.0079,Low,0
1705-GUHPV,0.0079,Low,0
7321-ZNSLA,0.0078,Low,0
2821-WARNZ,0.0078,Low,0
6546-OPBBH,0.0078,Low,0
1552-CZCLL,0.0078,Low,0
3646-ITDGM,0.0078,Low,0
5197-YPYBZ,0.0078,Low,0
6723-CEGQI,0.0078,Low,0
9500-WBGRP,0.0078,Low,0
1534-OULXE,0.0078,Low,0
8659-IOOPU,0.0077,Low,0
6000-UKLWI,0.0077,Low,0
2550-AEVRU,0.0077,Low,0
3774-VBNXY,0.0077,Low,0
2995-YWTCD,0.0077,Low,0
8402-OOOHJ,0.0077,Low,0
4293-ETKAP,0.0077,Low,0
0739-UUAJR,0.0076,Low,0
8779-YIQQA,0.0076,Low,0
0567-XRHCU,0.0076,Low,0
7602-DBTOU,0.0076,Low,0
6368-TZZDT,0.0076,Low,0
9108-EQPNQ,0.0076,Low,0
4393-GEADV,0.0076,Low,0
6349-JDHQP,0.0075,Low,0
9548-ZMVTX,0.0075,Low,0
4698-KVLLG,0.0075,Low,0
3696-DFHHB,0.0075,Low,0
9224-VTYID,0.0074,Low,0
9888-ZCUMM,0.0074,Low,0
6484-LATFU,0.0074,Low,0
0932-YIXYU,0.0074,Low,0
6139-ZZRBQ,0.0074,Low,0
3764-MNMOI,0.0074,Low,0
1635-HDGFT,0.0074,Low,0
2878-DHMIN,0.0074,Low,0
4632-PAOYU,0.0073,Low,0
7977-HXJKU,0.0073,Low,0
5161-UBZXI,0.0073,Low,0
0254-WWRKD,0.0073,Low,0
6332-FBZRI,0.0072,Low,0
7711-YIJWC,0.0072,Low,0
7608-RGIRO,0.0072,Low,0
9916-AYHTC,0.0072,Low,0
4361-FEBGN,0.0072,Low,0
8194-PEEBY,0.0072,Low,0
1561-BWHIN,0.0072,Low,0
8966-OIQHG,0.0072,Low,0
2545-LXYVJ,0.007,Low,0
0301-FIDRB,0.007,Low,0
9503-XJUME,0.007,Low,0
2587-YNLES,0.007,Low,0
7632-YUTXB,0.007,Low,0
2228-BZDEE,0.0069,Low,0
0825-CPPQH,0.0069,Low,0
4625-LAMOB,0.0069,Low,0
1591-XWLGB,0.0069,Low,0
5498-IBWPI,0.0069,Low,0
7527-QNRUS,0.0069,Low,0
8314-HTWVE,0.0069,Low,0
0277-ORXQS,0.0069,Low,0
5730-DBDSI,0.0069,Low,0
1834-WULEG,0.0068,Low,0
4807-IZYOZ,0.0068,Low,0
2703-AMTUL,0.0068,Low,0
8645-KOMJQ,0.0068,Low,0
1982-FEBTD,0.0068,Low,0
1927-QEWMY,0.0068,Low,0
4304-XUMGI,0.0068,Low,0
2481-SBOYW,0.0068,Low,0
5656-JAMLX,0.0067,Low,0
0780-XNZFN,0.0067,Low,0
3566-CAAYU,0.0067,Low,0
7153-CHRBV,0.0067,Low,0
5848-FHRFC,0.0067,Low,0
2256-YLYLP,0.0066,Low,0
1757-TCATG,0.0066,Low,0
2193-SFWQW,0.0066,Low,0
2351-BKRZW,0.0066,Low,0
8701-DGLVH,0.0066,Low,0
2569-WGERO,0.0066,Low,0
3704-IEAXF,0.0066,Low,0
5567-GZKQY,0.0066,Low,0
3727-OVPRY,0.0065,Low,0
2595-KIWPV,0.0065,Low,0
1241-FPMOF,0.0065,Low,0
7427-AUFPY,0.0065,Low,0
5598-IKHQQ,0.0065,Low,0
3653-NCRDJ,0.0065,Low,0
9178-JHUVJ,0.0065,Low,0
2824-DXNKN,0.0065,Low,0
0621-CXBKL,0.0064,Low,0
1302-TPUBN,0.0064,Low,0
7515-LODFU,0.0064,Low,0
9769-TSBZE,0.0064,Low,0
0397-ZXWQF,0.0064,Low,0
7695-PKLCZ,0.0064,Low,0
9337-SRRNI,0.0064,Low,0
2404-JIBFC,0.0064,Low,0
3454-JFUBC,0.0064,Low,0
5321-NTRKC,0.0063,Low,0
2005-DWQZJ,0.0063,Low,0
7103-ZGVNT,0.0063,Low,0
1177-XZBJL,0.0063,Low,0
8464-EETCQ,0.0063,Low,0
0607-DAAHE,0.0063,Low,0
3976-HXHCE,0.0063,Low,0
2675-IJRGJ,0.0063,Low,0
2525-GVKQU,0.0063,Low,0
2599-CIPQE,0.0063,Low,0
0181-RITDD,0.0063,Low,0
7493-GVFIO,0.0063,Low,0
5453-YBTWV,0.0062,Low,0
3745-HRPHI,0.0062,Low,0
0757-WCUUZ,0.0062,Low,0
8510-TMWYB,0.0062,Low,0
1492-KGETH,0.0062,Low,0
2138-VFAPZ,0.0062,Low,0
5668-MEISB,0.0061,Low,0
6898-RBTLU,0.0061,Low,0
9504-YAZWB,0.0061,Low,0
1431-AIDJQ,0.006,Low,0
0531-XBKMM,0.006,Low,0
9227-YBAXE,0.006,Low,0
3544-FBCAS,0.0059,Low,0
3973-SKMLN,0.0059,Low,0
5146-YYFRZ,0.0059,Low,0
5840-NVDCG,0.0059,Low,0
5360-XGYAZ,0.0058,Low,0
5266-PFRQK,0.0058,Low,0
8295-KMENE,0.0058,Low,0
9814-AOUDH,0.0058,Low,0
6323-AYBRX,0.0058,Low,0
0064-SUDOG,0.0058,Low,0
7216-KAOID,0.0058,Low,0
8265-HKSOW,0.0058,Low,0
5583-EJXRD,0.0058,Low,0
7114-AEOZE,0.0058,Low,0
7606-BPHHN,0.0058,Low,0
5057-RKGLH,0.0058,Low,0
2560-QTSBS,0.0057,Low,0
9507-HSMMZ,0.0057,Low,0
5248-RPYWW,0.0057,Low,0
8219-VYBVI,0.0057,Low,0
0463-TXOAK,0.0057,Low,0
1498-NHTLT,0.0057,Low,0
8232-UTFOZ,0.0056,Low,0
6369-MCAKO,0.0055,Low,0
6122-LJADA,0.0055,Low,0
2429-AYKKO,0.0055,Low,0
0263-FJTQO,0.0055,Low,0
6828-HMKWP,0.0055,Low,0
2616-FLVQC,0.0055,Low,0
2819-GWENI,0.0054,Low,0
8050-XGRVL,0.0054,Low,0
5397-NSKQG,0.0054,Low,0
4990-ALDGW,0.0054,Low,0
1269-FOYWN,0.0054,Low,0
9958-MEKUC,0.0054,Low,0
2229-DPMBI,0.0054,Low,0
1960-UOTYM,0.0054,Low,0
0969-RGKCU,0.0053,Low,0
5774-QPLTF,0.0053,Low,0
9084-OAYKL,0.0053,Low,0
4335-UPJSI,0.0053,Low,0
1830-GGFNM,0.0052,Low,0
9392-XBGTD,0.0052,Low,0
1085-LDWAM,0.0052,Low,0
0224-NIJLP,0.0052,Low,0
0854-UYHZD,0.0052,Low,0
7083-MIOPC,0.0052,Low,0
5647-URDKA,0.0052,Low,0
2516-XSJKX,0.0052,Low,0
7321-KKSDU,0.0052,Low,0
1734-ZMNTZ,0.0052,Low,0
1897-OKVMW,0.0052,Low,0
3389-KTRXV,0.0051,Low,0
7337-CINUD,0.0051,Low,0
8590-OHDIW,0.0051,Low,0
0016-QLJIS,0.0051,Low,0
8148-WOCMK,0.0051,Low,0
9415-ZNBSX,0.0051,Low,0
4827-DPADN,0.0051,Low,0
9443-JUBUO,0.005,Low,0
2580-ATZSQ,0.005,Low,0
1599-EAHXY,0.005,Low,0
4487-ZYJZK,0.005,Low,0
5622-UEJFI,0.005,Low,0
9424-CMPOG,0.005,Low,0
2725-TTRIQ,0.005,Low,0
0298-XACET,0.0049,Low,0
7665-NKLAV,0.0049,Low,0
3352-RICWQ,0.0049,Low,0
4295-YURET,0.0049,Low,0
5158-RIVOP,0.0049,Low,0
6762-QVYJO,0.0049,Low,0
5201-CBWYG,0.0049,Low,0
0486-LGCCH,0.0048,Low,0
5126-RCXYW,0.0048,Low,0
1172-VIYBP,0.0048,Low,0
3129-AAQOU,0.0048,Low,0
2211-RMNHO,0.0048,Low,0
3262-EIDHV,0.0048,Low,0
2725-IWWBA,0.0047,Low,0
4077-HWUYD,0.0047,Low,0
9055-MOJJJ,0.0047,Low,0
1403-LKLIK,0.0047,Low,0
3274-NSDWE,0.0047,Low,0
9541-ZPSEA,0.0047,Low,0
3812-LRZIR,0.0047,Low,0
4518-FZBSX,0.0047,Low,0
5249-QYHEX,0.0046,Low,0
5795-BKOYE,0.0046,Low,0
1843-TLSGD,0.0046,Low,0
5696-JVVQY,0.0046,Low,0
9067-SQTNS,0.0046,Low,0
7473-ZBDSN,0.0046,Low,0
8232-CTLKO,0.0046,Low,0
0244-LGNFY,0.0045,Low,0
6656-GULJQ,0.0045,Low,0
8008-OTEZX,0.0045,Low,0
3508-VLHCZ,0.0045,Low,0
8292-ITGYJ,0.0045,Low,0
6609-MXJHJ,0.0045,Low,0
1699-TLDLZ,0.0045,Low,0
1930-QPBVZ,0.0045,Low,0
1092-WPIVQ,0.0044,Low,0
8450-LUGUK,0.0044,Low,0
0774-RMNUW,0.0044,Low,0
8148-NLEGT,0.0044,Low,0
9028-LIHRP,0.0044,Low,0
5893-KCLGT,0.0044,Low,0
5442-PPTJY,0.0043,Low,0
3227-WLKLI,0.0043,Low,0
5788-YPOEG,0.0043,Low,0
4718-WXBGI,0.0043,Low,0
5727-MYATE,0.0043,Low,0
0769-MURVM,0.0043,Low,0
0071-NDAFP,0.0042,Low,0
8143-ETQTI,0.0042,Low,0
6813-GZQCG,0.0042,Low,0
6096-EGVTU,0.0042,Low,0
8468-FZTOE,0.0042,Low,0
5338-YHWYT,0.0042,Low,0
9823-EALYC,0.0042,Low,0
2808-CHTDM,0.0042,Low,0
6439-PKTRR,0.0041,Low,0
9348-ROUAI,0.0041,Low,0
1088-AUUZZ,0.0041,Low,0
2892-GESUL,0.0041,Low,0
8395-ETZKQ,0.0041,Low,0
1506-YJTYT,0.004,Low,0
9945-PSVIP,0.004,Low,0
8902-ZEOVF,0.004,Low,0
6283-GITPX,0.004,Low,0
5859-HZYLF,0.004,Low,0
1209-VFFOC,0.004,Low,0
2266-FUBDZ,0.004,Low,0
7771-CFQRQ,0.004,Low,0
6408-WHTEF,0.004,Low,0
3896-ZVNET,0.004,Low,0
4674-HGNUA,0.0039,Low,0
1306-RPWXZ,0.0039,Low,0
1494-EJZDW,0.0039,Low,0
5322-ZSMZY,0.0039,Low,0
4883-KCPZJ,0.0039,Low,0
7599-NTMDP,0.0039,Low,0
8722-PRFDV,0.0038,Low,0
8067-NIOYM,0.0038,Low,0
1027-LKKQQ,0.0038,Low,0
2661-GKBTK,0.0038,Low,0
4302-ZYFEL,0.0038,Low,0
4955-VCWBI,0.0038,Low,0
1089-XZWHH,0.0038,Low,0
9488-FVZCC,0.0038,Low,0
3460-TJBWI,0.0038,Low,0
6199-IPCAO,0.0038,Low,0
4804-NCPET,0.0038,Low,0
4644-OBGFZ,0.0037,Low,0
0363-SVHYR,0.0037,Low,0
9950-MTGYX,0.0037,Low,0
8690-ZVLCL,0.0037,Low,0
3950-VPYJB,0.0037,Low,0
2885-HIJDH,0.0037,Low,0
6485-QXWWE,0.0037,Low,0
2498-XLDZR,0.0036,Low,0
7872-BAAZR,0.0036,Low,0
2378-YIZKA,0.0036,Low,0
5751-USDBL,0.0036,Low,0
5016-LIPDW,0.0036,Low,0
2160-GPFXD,0.0036,Low,0
9489-JMTTN,0.0035,Low,0
1468-DEFNC,0.0035,Low,0
1335-MXCSE,0.0035,Low,0
3913-FCUUW,0.0035,Low,0
5010-IPEAQ,0.0035,Low,0
5320-BRKGK,0.0035,Low,0
3070-FNFZQ,0.0035,Low,0
2925-VDZHY,0.0035,Low,0
5707-ZMDJP,0.0035,Low,0
7340-KEFQE,0.0034,Low,0
5196-WPYOW,0.0034,Low,0
2799-TSLAG,0.0034,Low,0
3884-UEBXB,0.0034,Low,0
2162-FRZAA,0.0034,Low,0
7242-EDTYC,0.0034,Low,0
5117-ZSMHQ,0.0034,Low,0
4896-CPRPF,0.0034,Low,0
6696-YDAYZ,0.0034,Low,0
1839-FBNFR,0.0033,Low,0
6248-BSHKG,0.0033,Low,0
7018-FPXHH,0.0033,Low,0
1697-LYYYX,0.0033,Low,0
3486-HOOGQ,0.0033,Low,0
5799-JRCZO,0.0033,Low,0
4636-TVXVG,0.0033,Low,0
8249-THVEC,0.0033,Low,0
6051-PTVNS,0.0033,Low,0
1722-LDZJS,0.0033,Low,0
1223-UNPKS,0.0032,Low,0
4900-MSOMT,0.0032,Low,0
2804-ETQDK,0.0032,Low,0
0847-HGRML,0.0032,Low,0
3569-JFODW,0.0032,Low,0
0730-BGQGF,0.0031,Low,0
9650-VBUOG,0.0031,Low,0
0238-WHBIQ,0.0031,Low,0
3470-OBUET,0.0031,Low,0
7850-THJMU,0.0031,Low,0
9418-RUKPH,0.003,Low,0
8577-QSOCG,0.003,Low,0
8173-RXAYP,0.003,Low,0
3120-FAZKD,0.003,Low,0
5135-RDDQL,0.003,Low,0
4915-BFSXL,0.003,Low,0
3511-BFTJW,0.003,Low,0
5115-SQAAU,0.003,Low,0
1764-VUUMT,0.003,Low,0
2208-NKVVH,0.003,Low,0
9114-DPSIA,0.003,Low,0
8999-EXMNO,0.003,Low,0
5181-OABFK,0.0029,Low,0
2263-SFSQZ,0.0029,Low,0
7157-SMCFK,0.0029,Low,0
2511-ALLCS,0.0029,Low,0
3050-RLLXC,0.0029,Low,0
2314-TNDJQ,0.0029,Low,0
2908-WGAXL,0.0029,Low,0
6024-RUGGH,0.0029,Low,0
8957-THMOA,0.0029,Low,0
2208-MPXIO,0.0029,Low,0
3507-GASNP,0.0029,Low,0
3967-VQOGC,0.0029,Low,0
7267-FRMJW,0.0029,Low,0
6923-AQONU,0.0029,Low,0
1852-QSWCD,0.0029,Low,0
5939-SXWHM,0.0028,Low,0
9481-WHGWY,0.0028,Low,0
7306-YDSOI,0.0028,Low,0
1820-DJFPH,0.0028,Low,0
9385-EHGDO,0.0028,Low,0
4609-KNNWG,0.0028,Low,0
1116-FRYVH,0.0028,Low,0
8807-OPMBM,0.0028,Low,0
4652-ODEVH,0.0028,Low,0
9365-CSLBQ,0.0028,Low,0
9585-KKMFD,0.0027,Low,0
3889-VWBID,0.0027,Low,0
4475-NVTLU,0.0027,Low,0
9220-CXRSC,0.0027,Low,0
0562-FGDCR,0.0027,Low,0
8966-KZXXA,0.0027,Low,0
0784-ZQJZX,0.0027,Low,0
5457-COLHT,0.0027,Low,0
4194-FJARJ,0.0027,Low,0
3373-DIUUN,0.0026,Low,0
8882-TLVRW,0.0026,Low,0
0625-AFOHS,0.0026,Low,0
6479-VDGRK,0.0026,Low,0
1270-XKUCC,0.0026,Low,0
3472-QPRCH,0.0026,Low,0
0988-AADSA,0.0026,Low,0
1207-BLKSA,0.0026,Low,0
0354-VXMJC,0.0026,Low,0
1814-WFGVS,0.0026,Low,0
2642-MAWLJ,0.0026,Low,0
7647-GYYKX,0.0025,Low,0
3451-VAWLI,0.0025,Low,0
6997-UVGOX,0.0025,Low,0
9593-CVZKR,0.0025,Low,0
8532-UEFWH,0.0025,Low,0
4635-EJYPD,0.0025,Low,0
5480-XTFFL,0.0025,Low,0
5067-WJEUN,0.0025,Low,0
6365-HITVU,0.0024,Low,0
7480-SPLEF,0.0024,Low,0
3580-GICBM,0.0024,Low,0
9068-FHQHD,0.0024,Low,0
0508-SQWPL,0.0024,Low,0
8874-EJNSR,0.0024,Low,0
5220-AGAAX,0.0024,Low,0
7503-EPSZW,0.0024,Low,0
5296-BFCYD,0.0024,Low,0
3769-MHZNV,0.0024,Low,0
7162-WPHPM,0.0023,Low,0
2888-ADFAO,0.0023,Low,0
6685-XSHHU,0.0023,Low,0
2253-KPMNB,0.0023,Low,0
6897-RWMUB,0.0023,Low,0
2050-ONYDQ,0.0023,Low,0
3088-FVYWK,0.0023,Low,0
2207-RYYRL,0.0023,Low,0
4625-XMOYM,0.0023,Low,0
1716-LSAMB,0.0023,Low,0
7008-LZVOZ,0.0023,Low,0
6770-UAYGJ,0.0023,Low,0
2418-TPEUN,0.0022,Low,0
4779-ZGICK,0.0022,Low,0
7643-RCHXS,0.0022,Low,0
0206-OYVOC,0.0022,Low,0
4195-PNGZS,0.0022,Low,0
5845-BZZIB,0.0022,Low,0
4534-WGCIR,0.0022,Low,0
6518-PPLMZ,0.0021,Low,0
2729-VNVAP,0.0021,Low,0
4979-HPRFL,0.0021,Low,0
7169-YWAMK,0.0021,Low,0
4742-TXUEX,0.0021,Low,0
7033-CLAMM,0.0021,Low,0
4193-IBKSW,0.0021,Low,0
4641-FROLU,0.0021,Low,0
0506-YLVKJ,0.0021,Low,0
5968-HYJRZ,0.0021,Low,0
0270-THENM,0.0021,Low,0
5549-ZGHFB,0.0021,Low,0
7293-LSCDV,0.0021,Low,0
6253-GNHWH,0.0021,Low,0
7860-UXCRM,0.0021,Low,0
7399-QHBJS,0.002,Low,0
6762-NSODU,0.002,Low,0
3190-ITQXP,0.002,Low,0
7696-CFTAT,0.002,Low,0
8780-IHCRN,0.002,Low,0
8922-NPKBJ,0.002,Low,0
1248-DYXUB,0.002,Low,0
2007-QVGAW,0.002,Low,0
7139-JZFVG,0.002,Low,0
9430-NKQLY,0.002,Low,0
6169-PPETC,0.002,Low,0
0174-QRVVY,0.002,Low,0
3498-LZGQZ,0.0019,Low,0
7980-MHFLQ,0.0019,Low,0
1399-OUPJN,0.0019,Low,0
0613-WUXUM,0.0019,Low,0
5465-BUBFA,0.0019,Low,0
6479-SZPLM,0.0019,Low,0
2718-YSKCS,0.0019,Low,0
5804-JMYIO,0.0019,Low,0
7634-HLQJR,0.0019,Low,0
9081-WWXKP,0.0019,Low,0
0603-TPMIB,0.0019,Low,0
9975-GPKZU,0.0019,Low,0
9838-BFCQT,0.0018,Low,0
1574-DYCWE,0.0018,Low,0
9257-AZMTZ,0.0018,Low,0
7601-GNDYK,0.0018,Low,0
5970-GHJAW,0.0018,Low,0
1293-BSEUN,0.0018,Low,0
7711-GQBZC,0.0018,Low,0
0480-KYJVA,0.0018,Low,0
9938-PRCVK,0.0018,Low,0
5902-WBLSE,0.0018,Low,0
5793-YOLJN,0.0017,Low,0
0402-OAMEN,0.0017,Low,0
1299-AURJA,0.0017,Low,0
5242-UOWHD,0.0017,Low,0
8755-OGKNA,0.0017,Low,0
9574-BOSMD,0.0017,Low,0
6857-TKDJV,0.0017,Low,0
8215-NGSPE,0.0017,Low,0
3359-DSRKA,0.0017,Low,0
9135-HSWOC,0.0017,Low,0
3620-EHIMZ,0.0017,Low,0
9371-BITHB,0.0017,Low,0
7558-IMLMT,0.0017,Low,0
6976-BWGLQ,0.0017,Low,0
9972-EWRJS,0.0017,Low,0
1106-HRLKZ,0.0017,Low,0
1830-IPXVJ,0.0017,Low,0
3261-CQXOL,0.0017,Low,0
0042-RLHYP,0.0016,Low,0
4878-BUNFV,0.0016,Low,0
6980-IMXXE,0.0016,Low,0
5884-FBCTL,0.0016,Low,0
9786-YWNHU,0.0016,Low,0
2230-XTUWL,0.0016,Low,0
8380-MQINP,0.0016,Low,0
8224-KDLKN,0.0016,Low,0
8946-BFWSG,0.0016,Low,0
0485-ZBSLN,0.0016,Low,0
0464-WJTKO,0.0016,Low,0
8165-ZJRNM,0.0016,Low,0
1709-EJDOX,0.0016,Low,0
2181-TIDSV,0.0016,Low,0
1098-KFQEC,0.0016,Low,0
2626-VEEWG,0.0016,Low,0
7684-XSZIY,0.0016,Low,0
6963-KQYQB,0.0015,Low,0
7010-BRBUU,0.0015,Low,0
0562-HKHML,0.0015,Low,0
0386-CWRGM,0.0015,Low,0
7729-XBTWX,0.0015,Low,0
3173-WSSUE,0.0015,Low,0
6181-AXXYF,0.0015,Low,0
0902-XKXPN,0.0015,Low,0
6734-JDTTV,0.0015,Low,0
1555-HAPSU,0.0015,Low,0
7225-IILWY,0.0015,Low,0
2607-DHDAK,0.0015,Low,0
4821-WQOYN,0.0015,Low,0
6619-RPLQZ,0.0015,Low,0
7064-JHXCE,0.0015,Low,0
6585-WCEWR,0.0015,Low,0
7268-WNTCP,0.0015,Low,0
5854-KSRBJ,0.0015,Low,0
2400-FEQME,0.0015,Low,0
6340-DACFT,0.0015,Low,0
6651-RLGGM,0.0015,Low,0
3810-PJUHR,0.0015,Low,0
0394-YONDK,0.0015,Low,0
3777-XROBG,0.0015,Low,0
0962-CQPWQ,0.0015,Low,0
8711-LOBKY,0.0014,Low,0
9251-AWQGT,0.0014,Low,0
8043-PNYSD,0.0014,Low,0
6582-PLFUU,0.0014,Low,0
9565-AXSMR,0.0014,Low,0
8727-JQFHV,0.0014,Low,0
6855-VLGOS,0.0014,Low,0
9173-IVZVP,0.0014,Low,0
6285-FTQBF,0.0014,Low,0
3563-SVYLG,0.0014,Low,0
8514-VZHEB,0.0014,Low,0
2075-PUEPR,0.0014,Low,0
3457-PQBYH,0.0013,Low,0
1052-QJIBV,0.0013,Low,0
1166-PQLGG,0.0013,Low,0
4277-BWBML,0.0013,Low,0
0040-HALCW,0.0013,Low,0
2236-HILPA,0.0013,Low,0
7328-ZJAJO,0.0013,Low,0
2346-LOCWC,0.0013,Low,0
8129-GMVGI,0.0013,Low,0
0640-YJTPY,0.0013,Low,0
8917-SZTTJ,0.0012,Low,0
3642-BYHDO,0.0012,Low,0
7673-BQGKU,0.0012,Low,0
6621-NRZAK,0.0012,Low,0
7717-BICXI,0.0012,Low,0
7113-HIPFI,0.0012,Low,0
0264-CNITK,0.0012,Low,0
6928-ONTRW,0.0012,Low,0
9537-JALFH,0.0012,Low,0
8164-OCKUJ,0.0012,Low,0
3678-MNGZX,0.0012,Low,0
3996-ZNWYK,0.0012,Low,0
5346-BZCHP,0.0012,Low,0
0794-YVSGE,0.0011,Low,0
8750-QWZAJ,0.0011,Low,0
0831-JNISG,0.0011,Low,0
4817-KEQSP,0.0011,Low,0
9800-OUIGR,0.0011,Low,0
9625-RZFUK,0.0011,Low,0
8229-BUJHX,0.0011,Low,0
7876-DNYAP,0.0011,Low,0
4957-SREEC,0.001,Low,0
1403-GYAFU,0.001,Low,0
3279-DYZQM,0.001,Low,0
4086-WITJG,0.001,Low,0
